id,quantified,queries,a_bits,x_bits,history_states,gates,oracle_answers,maximum_score,greatest_exists,least_policy
R00001,0,1,2,0,5,41,0,1,0,
R00002,0,1,2,0,5,45,0,0,1,0
R00003,0,1,2,0,5,44,0,1,0,
R00004,0,1,2,0,5,48,0,0,1,0
R00005,0,1,2,0,5,41,1,3,0,
R00006,0,1,2,0,5,45,1,3,0,
R00007,0,1,2,0,5,44,1,2,1,2
R00008,0,1,2,0,5,48,1,2,1,2
R00009,0,2,3,0,7,94,0,1,0,
R00010,0,2,3,0,7,100,0,0,1,0
R00011,0,2,3,0,7,99,0,1,0,
R00012,0,2,3,0,7,105,0,0,1,0
R00013,0,2,3,0,7,99,0,1,0,
R00014,0,2,3,0,7,105,0,0,1,0
R00015,0,2,3,0,7,104,0,1,0,
R00016,0,2,3,0,7,110,0,0,1,0
R00017,0,2,3,0,7,98,0,1,0,
R00018,0,2,3,0,7,104,0,0,1,0
R00019,0,2,3,0,7,103,0,1,0,
R00020,0,2,3,0,7,109,0,0,1,0
R00021,0,2,3,0,7,103,0,1,0,
R00022,0,2,3,0,7,109,0,0,1,0
R00023,0,2,3,0,7,108,0,1,0,
R00024,0,2,3,0,7,114,0,0,1,0
R00025,0,2,3,0,7,94,2,3,0,
R00026,0,2,3,0,7,100,2,3,0,
R00027,0,2,3,0,7,99,2,3,0,
R00028,0,2,3,0,7,105,2,3,0,
R00029,0,2,3,0,7,99,2,2,1,4
R00030,0,2,3,0,7,105,2,2,1,4
R00031,0,2,3,0,7,104,2,2,1,4
R00032,0,2,3,0,7,110,2,2,1,4
R00033,0,2,3,0,7,98,2,3,0,
R00034,0,2,3,0,7,104,2,3,0,
R00035,0,2,3,0,7,103,2,3,0,
R00036,0,2,3,0,7,109,2,3,0,
R00037,0,2,3,0,7,103,2,2,1,4
R00038,0,2,3,0,7,109,2,2,1,4
R00039,0,2,3,0,7,108,2,2,1,4
R00040,0,2,3,0,7,114,2,2,1,4
R00041,0,2,3,0,7,94,1,3,0,
R00042,0,2,3,0,7,100,1,3,0,
R00043,0,2,3,0,7,99,1,2,1,2
R00044,0,2,3,0,7,105,1,2,1,2
R00045,0,2,3,0,7,99,1,3,0,
R00046,0,2,3,0,7,105,1,3,0,
R00047,0,2,3,0,7,104,1,2,1,2
R00048,0,2,3,0,7,110,1,2,1,2
R00049,0,2,3,0,7,98,1,3,0,
R00050,0,2,3,0,7,104,1,3,0,
R00051,0,2,3,0,7,103,1,2,1,2
R00052,0,2,3,0,7,109,1,2,1,2
R00053,0,2,3,0,7,103,1,3,0,
R00054,0,2,3,0,7,109,1,3,0,
R00055,0,2,3,0,7,108,1,2,1,2
R00056,0,2,3,0,7,114,1,2,1,2
R00057,0,2,3,0,7,94,3,5,0,
R00058,0,2,3,0,7,100,3,5,0,
R00059,0,2,3,0,7,99,3,5,0,
R00060,0,2,3,0,7,105,3,5,0,
R00061,0,2,3,0,7,99,3,5,0,
R00062,0,2,3,0,7,105,3,5,0,
R00063,0,2,3,0,7,104,3,5,0,
R00064,0,2,3,0,7,110,3,5,0,
R00065,0,2,3,0,7,98,3,4,1,6
R00066,0,2,3,0,7,104,3,4,1,6
R00067,0,2,3,0,7,103,3,4,1,6
R00068,0,2,3,0,7,109,3,4,1,6
R00069,0,2,3,0,7,103,3,4,1,6
R00070,0,2,3,0,7,109,3,4,1,6
R00071,0,2,3,0,7,108,3,4,1,6
R00072,0,2,3,0,7,114,3,4,1,6
R00073,0,3,4,0,9,192,0,1,0,
R00074,0,3,4,0,9,200,0,0,1,0
R00075,0,3,4,0,9,199,0,1,0,
R00076,0,3,4,0,9,207,0,0,1,0
R00077,0,3,4,0,9,199,0,1,0,
R00078,0,3,4,0,9,207,0,0,1,0
R00079,0,3,4,0,9,206,0,1,0,
R00080,0,3,4,0,9,214,0,0,1,0
R00081,0,3,4,0,9,198,0,1,0,
R00082,0,3,4,0,9,206,0,0,1,0
R00083,0,3,4,0,9,205,0,1,0,
R00084,0,3,4,0,9,213,0,0,1,0
R00085,0,3,4,0,9,205,0,1,0,
R00086,0,3,4,0,9,213,0,0,1,0
R00087,0,3,4,0,9,212,0,1,0,
R00088,0,3,4,0,9,220,0,0,1,0
R00089,0,3,4,0,9,199,0,1,0,
R00090,0,3,4,0,9,207,0,0,1,0
R00091,0,3,4,0,9,206,0,1,0,
R00092,0,3,4,0,9,214,0,0,1,0
R00093,0,3,4,0,9,206,0,1,0,
R00094,0,3,4,0,9,214,0,0,1,0
R00095,0,3,4,0,9,213,0,1,0,
R00096,0,3,4,0,9,221,0,0,1,0
R00097,0,3,4,0,9,205,0,1,0,
R00098,0,3,4,0,9,213,0,0,1,0
R00099,0,3,4,0,9,212,0,1,0,
R00100,0,3,4,0,9,220,0,0,1,0
R00101,0,3,4,0,9,212,0,1,0,
R00102,0,3,4,0,9,220,0,0,1,0
R00103,0,3,4,0,9,219,0,1,0,
R00104,0,3,4,0,9,227,0,0,1,0
R00105,0,3,4,0,9,198,0,1,0,
R00106,0,3,4,0,9,206,0,0,1,0
R00107,0,3,4,0,9,205,0,1,0,
R00108,0,3,4,0,9,213,0,0,1,0
R00109,0,3,4,0,9,205,0,1,0,
R00110,0,3,4,0,9,213,0,0,1,0
R00111,0,3,4,0,9,212,0,1,0,
R00112,0,3,4,0,9,220,0,0,1,0
R00113,0,3,4,0,9,204,0,1,0,
R00114,0,3,4,0,9,212,0,0,1,0
R00115,0,3,4,0,9,211,0,1,0,
R00116,0,3,4,0,9,219,0,0,1,0
R00117,0,3,4,0,9,211,0,1,0,
R00118,0,3,4,0,9,219,0,0,1,0
R00119,0,3,4,0,9,218,0,1,0,
R00120,0,3,4,0,9,226,0,0,1,0
R00121,0,3,4,0,9,205,0,1,0,
R00122,0,3,4,0,9,213,0,0,1,0
R00123,0,3,4,0,9,212,0,1,0,
R00124,0,3,4,0,9,220,0,0,1,0
R00125,0,3,4,0,9,212,0,1,0,
R00126,0,3,4,0,9,220,0,0,1,0
R00127,0,3,4,0,9,219,0,1,0,
R00128,0,3,4,0,9,227,0,0,1,0
R00129,0,3,4,0,9,211,0,1,0,
R00130,0,3,4,0,9,219,0,0,1,0
R00131,0,3,4,0,9,218,0,1,0,
R00132,0,3,4,0,9,226,0,0,1,0
R00133,0,3,4,0,9,218,0,1,0,
R00134,0,3,4,0,9,226,0,0,1,0
R00135,0,3,4,0,9,225,0,1,0,
R00136,0,3,4,0,9,233,0,0,1,0
R00137,0,3,4,0,9,198,0,1,0,
R00138,0,3,4,0,9,206,0,0,1,0
R00139,0,3,4,0,9,205,0,1,0,
R00140,0,3,4,0,9,213,0,0,1,0
R00141,0,3,4,0,9,205,0,1,0,
R00142,0,3,4,0,9,213,0,0,1,0
R00143,0,3,4,0,9,212,0,1,0,
R00144,0,3,4,0,9,220,0,0,1,0
R00145,0,3,4,0,9,204,0,1,0,
R00146,0,3,4,0,9,212,0,0,1,0
R00147,0,3,4,0,9,211,0,1,0,
R00148,0,3,4,0,9,219,0,0,1,0
R00149,0,3,4,0,9,211,0,1,0,
R00150,0,3,4,0,9,219,0,0,1,0
R00151,0,3,4,0,9,218,0,1,0,
R00152,0,3,4,0,9,226,0,0,1,0
R00153,0,3,4,0,9,205,0,1,0,
R00154,0,3,4,0,9,213,0,0,1,0
R00155,0,3,4,0,9,212,0,1,0,
R00156,0,3,4,0,9,220,0,0,1,0
R00157,0,3,4,0,9,212,0,1,0,
R00158,0,3,4,0,9,220,0,0,1,0
R00159,0,3,4,0,9,219,0,1,0,
R00160,0,3,4,0,9,227,0,0,1,0
R00161,0,3,4,0,9,211,0,1,0,
R00162,0,3,4,0,9,219,0,0,1,0
R00163,0,3,4,0,9,218,0,1,0,
R00164,0,3,4,0,9,226,0,0,1,0
R00165,0,3,4,0,9,218,0,1,0,
R00166,0,3,4,0,9,226,0,0,1,0
R00167,0,3,4,0,9,225,0,1,0,
R00168,0,3,4,0,9,233,0,0,1,0
R00169,0,3,4,0,9,204,0,1,0,
R00170,0,3,4,0,9,212,0,0,1,0
R00171,0,3,4,0,9,211,0,1,0,
R00172,0,3,4,0,9,219,0,0,1,0
R00173,0,3,4,0,9,211,0,1,0,
R00174,0,3,4,0,9,219,0,0,1,0
R00175,0,3,4,0,9,218,0,1,0,
R00176,0,3,4,0,9,226,0,0,1,0
R00177,0,3,4,0,9,210,0,1,0,
R00178,0,3,4,0,9,218,0,0,1,0
R00179,0,3,4,0,9,217,0,1,0,
R00180,0,3,4,0,9,225,0,0,1,0
R00181,0,3,4,0,9,217,0,1,0,
R00182,0,3,4,0,9,225,0,0,1,0
R00183,0,3,4,0,9,224,0,1,0,
R00184,0,3,4,0,9,232,0,0,1,0
R00185,0,3,4,0,9,211,0,1,0,
R00186,0,3,4,0,9,219,0,0,1,0
R00187,0,3,4,0,9,218,0,1,0,
R00188,0,3,4,0,9,226,0,0,1,0
R00189,0,3,4,0,9,218,0,1,0,
R00190,0,3,4,0,9,226,0,0,1,0
R00191,0,3,4,0,9,225,0,1,0,
R00192,0,3,4,0,9,233,0,0,1,0
R00193,0,3,4,0,9,217,0,1,0,
R00194,0,3,4,0,9,225,0,0,1,0
R00195,0,3,4,0,9,224,0,1,0,
R00196,0,3,4,0,9,232,0,0,1,0
R00197,0,3,4,0,9,224,0,1,0,
R00198,0,3,4,0,9,232,0,0,1,0
R00199,0,3,4,0,9,231,0,1,0,
R00200,0,3,4,0,9,239,0,0,1,0
R00201,0,3,4,0,9,197,0,1,0,
R00202,0,3,4,0,9,205,0,0,1,0
R00203,0,3,4,0,9,204,0,1,0,
R00204,0,3,4,0,9,212,0,0,1,0
R00205,0,3,4,0,9,204,0,1,0,
R00206,0,3,4,0,9,212,0,0,1,0
R00207,0,3,4,0,9,211,0,1,0,
R00208,0,3,4,0,9,219,0,0,1,0
R00209,0,3,4,0,9,203,0,1,0,
R00210,0,3,4,0,9,211,0,0,1,0
R00211,0,3,4,0,9,210,0,1,0,
R00212,0,3,4,0,9,218,0,0,1,0
R00213,0,3,4,0,9,210,0,1,0,
R00214,0,3,4,0,9,218,0,0,1,0
R00215,0,3,4,0,9,217,0,1,0,
R00216,0,3,4,0,9,225,0,0,1,0
R00217,0,3,4,0,9,204,0,1,0,
R00218,0,3,4,0,9,212,0,0,1,0
R00219,0,3,4,0,9,211,0,1,0,
R00220,0,3,4,0,9,219,0,0,1,0
R00221,0,3,4,0,9,211,0,1,0,
R00222,0,3,4,0,9,219,0,0,1,0
R00223,0,3,4,0,9,218,0,1,0,
R00224,0,3,4,0,9,226,0,0,1,0
R00225,0,3,4,0,9,210,0,1,0,
R00226,0,3,4,0,9,218,0,0,1,0
R00227,0,3,4,0,9,217,0,1,0,
R00228,0,3,4,0,9,225,0,0,1,0
R00229,0,3,4,0,9,217,0,1,0,
R00230,0,3,4,0,9,225,0,0,1,0
R00231,0,3,4,0,9,224,0,1,0,
R00232,0,3,4,0,9,232,0,0,1,0
R00233,0,3,4,0,9,203,0,1,0,
R00234,0,3,4,0,9,211,0,0,1,0
R00235,0,3,4,0,9,210,0,1,0,
R00236,0,3,4,0,9,218,0,0,1,0
R00237,0,3,4,0,9,210,0,1,0,
R00238,0,3,4,0,9,218,0,0,1,0
R00239,0,3,4,0,9,217,0,1,0,
R00240,0,3,4,0,9,225,0,0,1,0
R00241,0,3,4,0,9,209,0,1,0,
R00242,0,3,4,0,9,217,0,0,1,0
R00243,0,3,4,0,9,216,0,1,0,
R00244,0,3,4,0,9,224,0,0,1,0
R00245,0,3,4,0,9,216,0,1,0,
R00246,0,3,4,0,9,224,0,0,1,0
R00247,0,3,4,0,9,223,0,1,0,
R00248,0,3,4,0,9,231,0,0,1,0
R00249,0,3,4,0,9,210,0,1,0,
R00250,0,3,4,0,9,218,0,0,1,0
R00251,0,3,4,0,9,217,0,1,0,
R00252,0,3,4,0,9,225,0,0,1,0
R00253,0,3,4,0,9,217,0,1,0,
R00254,0,3,4,0,9,225,0,0,1,0
R00255,0,3,4,0,9,224,0,1,0,
R00256,0,3,4,0,9,232,0,0,1,0
R00257,0,3,4,0,9,216,0,1,0,
R00258,0,3,4,0,9,224,0,0,1,0
R00259,0,3,4,0,9,223,0,1,0,
R00260,0,3,4,0,9,231,0,0,1,0
R00261,0,3,4,0,9,223,0,1,0,
R00262,0,3,4,0,9,231,0,0,1,0
R00263,0,3,4,0,9,230,0,1,0,
R00264,0,3,4,0,9,238,0,0,1,0
R00265,0,3,4,0,9,203,0,1,0,
R00266,0,3,4,0,9,211,0,0,1,0
R00267,0,3,4,0,9,210,0,1,0,
R00268,0,3,4,0,9,218,0,0,1,0
R00269,0,3,4,0,9,210,0,1,0,
R00270,0,3,4,0,9,218,0,0,1,0
R00271,0,3,4,0,9,217,0,1,0,
R00272,0,3,4,0,9,225,0,0,1,0
R00273,0,3,4,0,9,209,0,1,0,
R00274,0,3,4,0,9,217,0,0,1,0
R00275,0,3,4,0,9,216,0,1,0,
R00276,0,3,4,0,9,224,0,0,1,0
R00277,0,3,4,0,9,216,0,1,0,
R00278,0,3,4,0,9,224,0,0,1,0
R00279,0,3,4,0,9,223,0,1,0,
R00280,0,3,4,0,9,231,0,0,1,0
R00281,0,3,4,0,9,210,0,1,0,
R00282,0,3,4,0,9,218,0,0,1,0
R00283,0,3,4,0,9,217,0,1,0,
R00284,0,3,4,0,9,225,0,0,1,0
R00285,0,3,4,0,9,217,0,1,0,
R00286,0,3,4,0,9,225,0,0,1,0
R00287,0,3,4,0,9,224,0,1,0,
R00288,0,3,4,0,9,232,0,0,1,0
R00289,0,3,4,0,9,216,0,1,0,
R00290,0,3,4,0,9,224,0,0,1,0
R00291,0,3,4,0,9,223,0,1,0,
R00292,0,3,4,0,9,231,0,0,1,0
R00293,0,3,4,0,9,223,0,1,0,
R00294,0,3,4,0,9,231,0,0,1,0
R00295,0,3,4,0,9,230,0,1,0,
R00296,0,3,4,0,9,238,0,0,1,0
R00297,0,3,4,0,9,209,0,1,0,
R00298,0,3,4,0,9,217,0,0,1,0
R00299,0,3,4,0,9,216,0,1,0,
R00300,0,3,4,0,9,224,0,0,1,0
R00301,0,3,4,0,9,216,0,1,0,
R00302,0,3,4,0,9,224,0,0,1,0
R00303,0,3,4,0,9,223,0,1,0,
R00304,0,3,4,0,9,231,0,0,1,0
R00305,0,3,4,0,9,215,0,1,0,
R00306,0,3,4,0,9,223,0,0,1,0
R00307,0,3,4,0,9,222,0,1,0,
R00308,0,3,4,0,9,230,0,0,1,0
R00309,0,3,4,0,9,222,0,1,0,
R00310,0,3,4,0,9,230,0,0,1,0
R00311,0,3,4,0,9,229,0,1,0,
R00312,0,3,4,0,9,237,0,0,1,0
R00313,0,3,4,0,9,216,0,1,0,
R00314,0,3,4,0,9,224,0,0,1,0
R00315,0,3,4,0,9,223,0,1,0,
R00316,0,3,4,0,9,231,0,0,1,0
R00317,0,3,4,0,9,223,0,1,0,
R00318,0,3,4,0,9,231,0,0,1,0
R00319,0,3,4,0,9,230,0,1,0,
R00320,0,3,4,0,9,238,0,0,1,0
R00321,0,3,4,0,9,222,0,1,0,
R00322,0,3,4,0,9,230,0,0,1,0
R00323,0,3,4,0,9,229,0,1,0,
R00324,0,3,4,0,9,237,0,0,1,0
R00325,0,3,4,0,9,229,0,1,0,
R00326,0,3,4,0,9,237,0,0,1,0
R00327,0,3,4,0,9,236,0,1,0,
R00328,0,3,4,0,9,244,0,0,1,0
R00329,0,3,4,0,9,192,4,3,0,
R00330,0,3,4,0,9,200,4,3,0,
R00331,0,3,4,0,9,199,4,3,0,
R00332,0,3,4,0,9,207,4,3,0,
R00333,0,3,4,0,9,199,4,3,0,
R00334,0,3,4,0,9,207,4,3,0,
R00335,0,3,4,0,9,206,4,3,0,
R00336,0,3,4,0,9,214,4,3,0,
R00337,0,3,4,0,9,198,4,3,0,
R00338,0,3,4,0,9,206,4,3,0,
R00339,0,3,4,0,9,205,4,3,0,
R00340,0,3,4,0,9,213,4,3,0,
R00341,0,3,4,0,9,205,4,3,0,
R00342,0,3,4,0,9,213,4,3,0,
R00343,0,3,4,0,9,212,4,3,0,
R00344,0,3,4,0,9,220,4,3,0,
R00345,0,3,4,0,9,199,4,2,1,8
R00346,0,3,4,0,9,207,4,2,1,8
R00347,0,3,4,0,9,206,4,2,1,8
R00348,0,3,4,0,9,214,4,2,1,8
R00349,0,3,4,0,9,206,4,2,1,8
R00350,0,3,4,0,9,214,4,2,1,8
R00351,0,3,4,0,9,213,4,2,1,8
R00352,0,3,4,0,9,221,4,2,1,8
R00353,0,3,4,0,9,205,4,2,1,8
R00354,0,3,4,0,9,213,4,2,1,8
R00355,0,3,4,0,9,212,4,2,1,8
R00356,0,3,4,0,9,220,4,2,1,8
R00357,0,3,4,0,9,212,4,2,1,8
R00358,0,3,4,0,9,220,4,2,1,8
R00359,0,3,4,0,9,219,4,2,1,8
R00360,0,3,4,0,9,227,4,2,1,8
R00361,0,3,4,0,9,198,4,3,0,
R00362,0,3,4,0,9,206,4,3,0,
R00363,0,3,4,0,9,205,4,3,0,
R00364,0,3,4,0,9,213,4,3,0,
R00365,0,3,4,0,9,205,4,3,0,
R00366,0,3,4,0,9,213,4,3,0,
R00367,0,3,4,0,9,212,4,3,0,
R00368,0,3,4,0,9,220,4,3,0,
R00369,0,3,4,0,9,204,4,3,0,
R00370,0,3,4,0,9,212,4,3,0,
R00371,0,3,4,0,9,211,4,3,0,
R00372,0,3,4,0,9,219,4,3,0,
R00373,0,3,4,0,9,211,4,3,0,
R00374,0,3,4,0,9,219,4,3,0,
R00375,0,3,4,0,9,218,4,3,0,
R00376,0,3,4,0,9,226,4,3,0,
R00377,0,3,4,0,9,205,4,2,1,8
R00378,0,3,4,0,9,213,4,2,1,8
R00379,0,3,4,0,9,212,4,2,1,8
R00380,0,3,4,0,9,220,4,2,1,8
R00381,0,3,4,0,9,212,4,2,1,8
R00382,0,3,4,0,9,220,4,2,1,8
R00383,0,3,4,0,9,219,4,2,1,8
R00384,0,3,4,0,9,227,4,2,1,8
R00385,0,3,4,0,9,211,4,2,1,8
R00386,0,3,4,0,9,219,4,2,1,8
R00387,0,3,4,0,9,218,4,2,1,8
R00388,0,3,4,0,9,226,4,2,1,8
R00389,0,3,4,0,9,218,4,2,1,8
R00390,0,3,4,0,9,226,4,2,1,8
R00391,0,3,4,0,9,225,4,2,1,8
R00392,0,3,4,0,9,233,4,2,1,8
R00393,0,3,4,0,9,198,4,3,0,
R00394,0,3,4,0,9,206,4,3,0,
R00395,0,3,4,0,9,205,4,3,0,
R00396,0,3,4,0,9,213,4,3,0,
R00397,0,3,4,0,9,205,4,3,0,
R00398,0,3,4,0,9,213,4,3,0,
R00399,0,3,4,0,9,212,4,3,0,
R00400,0,3,4,0,9,220,4,3,0,
R00401,0,3,4,0,9,204,4,3,0,
R00402,0,3,4,0,9,212,4,3,0,
R00403,0,3,4,0,9,211,4,3,0,
R00404,0,3,4,0,9,219,4,3,0,
R00405,0,3,4,0,9,211,4,3,0,
R00406,0,3,4,0,9,219,4,3,0,
R00407,0,3,4,0,9,218,4,3,0,
R00408,0,3,4,0,9,226,4,3,0,
R00409,0,3,4,0,9,205,4,2,1,8
R00410,0,3,4,0,9,213,4,2,1,8
R00411,0,3,4,0,9,212,4,2,1,8
R00412,0,3,4,0,9,220,4,2,1,8
R00413,0,3,4,0,9,212,4,2,1,8
R00414,0,3,4,0,9,220,4,2,1,8
R00415,0,3,4,0,9,219,4,2,1,8
R00416,0,3,4,0,9,227,4,2,1,8
R00417,0,3,4,0,9,211,4,2,1,8
R00418,0,3,4,0,9,219,4,2,1,8
R00419,0,3,4,0,9,218,4,2,1,8
R00420,0,3,4,0,9,226,4,2,1,8
R00421,0,3,4,0,9,218,4,2,1,8
R00422,0,3,4,0,9,226,4,2,1,8
R00423,0,3,4,0,9,225,4,2,1,8
R00424,0,3,4,0,9,233,4,2,1,8
R00425,0,3,4,0,9,204,4,3,0,
R00426,0,3,4,0,9,212,4,3,0,
R00427,0,3,4,0,9,211,4,3,0,
R00428,0,3,4,0,9,219,4,3,0,
R00429,0,3,4,0,9,211,4,3,0,
R00430,0,3,4,0,9,219,4,3,0,
R00431,0,3,4,0,9,218,4,3,0,
R00432,0,3,4,0,9,226,4,3,0,
R00433,0,3,4,0,9,210,4,3,0,
R00434,0,3,4,0,9,218,4,3,0,
R00435,0,3,4,0,9,217,4,3,0,
R00436,0,3,4,0,9,225,4,3,0,
R00437,0,3,4,0,9,217,4,3,0,
R00438,0,3,4,0,9,225,4,3,0,
R00439,0,3,4,0,9,224,4,3,0,
R00440,0,3,4,0,9,232,4,3,0,
R00441,0,3,4,0,9,211,4,2,1,8
R00442,0,3,4,0,9,219,4,2,1,8
R00443,0,3,4,0,9,218,4,2,1,8
R00444,0,3,4,0,9,226,4,2,1,8
R00445,0,3,4,0,9,218,4,2,1,8
R00446,0,3,4,0,9,226,4,2,1,8
R00447,0,3,4,0,9,225,4,2,1,8
R00448,0,3,4,0,9,233,4,2,1,8
R00449,0,3,4,0,9,217,4,2,1,8
R00450,0,3,4,0,9,225,4,2,1,8
R00451,0,3,4,0,9,224,4,2,1,8
R00452,0,3,4,0,9,232,4,2,1,8
R00453,0,3,4,0,9,224,4,2,1,8
R00454,0,3,4,0,9,232,4,2,1,8
R00455,0,3,4,0,9,231,4,2,1,8
R00456,0,3,4,0,9,239,4,2,1,8
R00457,0,3,4,0,9,197,4,3,0,
R00458,0,3,4,0,9,205,4,3,0,
R00459,0,3,4,0,9,204,4,3,0,
R00460,0,3,4,0,9,212,4,3,0,
R00461,0,3,4,0,9,204,4,3,0,
R00462,0,3,4,0,9,212,4,3,0,
R00463,0,3,4,0,9,211,4,3,0,
R00464,0,3,4,0,9,219,4,3,0,
R00465,0,3,4,0,9,203,4,3,0,
R00466,0,3,4,0,9,211,4,3,0,
R00467,0,3,4,0,9,210,4,3,0,
R00468,0,3,4,0,9,218,4,3,0,
R00469,0,3,4,0,9,210,4,3,0,
R00470,0,3,4,0,9,218,4,3,0,
R00471,0,3,4,0,9,217,4,3,0,
R00472,0,3,4,0,9,225,4,3,0,
R00473,0,3,4,0,9,204,4,2,1,8
R00474,0,3,4,0,9,212,4,2,1,8
R00475,0,3,4,0,9,211,4,2,1,8
R00476,0,3,4,0,9,219,4,2,1,8
R00477,0,3,4,0,9,211,4,2,1,8
R00478,0,3,4,0,9,219,4,2,1,8
R00479,0,3,4,0,9,218,4,2,1,8
R00480,0,3,4,0,9,226,4,2,1,8
R00481,0,3,4,0,9,210,4,2,1,8
R00482,0,3,4,0,9,218,4,2,1,8
R00483,0,3,4,0,9,217,4,2,1,8
R00484,0,3,4,0,9,225,4,2,1,8
R00485,0,3,4,0,9,217,4,2,1,8
R00486,0,3,4,0,9,225,4,2,1,8
R00487,0,3,4,0,9,224,4,2,1,8
R00488,0,3,4,0,9,232,4,2,1,8
R00489,0,3,4,0,9,203,4,3,0,
R00490,0,3,4,0,9,211,4,3,0,
R00491,0,3,4,0,9,210,4,3,0,
R00492,0,3,4,0,9,218,4,3,0,
R00493,0,3,4,0,9,210,4,3,0,
R00494,0,3,4,0,9,218,4,3,0,
R00495,0,3,4,0,9,217,4,3,0,
R00496,0,3,4,0,9,225,4,3,0,
R00497,0,3,4,0,9,209,4,3,0,
R00498,0,3,4,0,9,217,4,3,0,
R00499,0,3,4,0,9,216,4,3,0,
R00500,0,3,4,0,9,224,4,3,0,
R00501,0,3,4,0,9,216,4,3,0,
R00502,0,3,4,0,9,224,4,3,0,
R00503,0,3,4,0,9,223,4,3,0,
R00504,0,3,4,0,9,231,4,3,0,
R00505,0,3,4,0,9,210,4,2,1,8
R00506,0,3,4,0,9,218,4,2,1,8
R00507,0,3,4,0,9,217,4,2,1,8
R00508,0,3,4,0,9,225,4,2,1,8
R00509,0,3,4,0,9,217,4,2,1,8
R00510,0,3,4,0,9,225,4,2,1,8
R00511,0,3,4,0,9,224,4,2,1,8
R00512,0,3,4,0,9,232,4,2,1,8
R00513,0,3,4,0,9,216,4,2,1,8
R00514,0,3,4,0,9,224,4,2,1,8
R00515,0,3,4,0,9,223,4,2,1,8
R00516,0,3,4,0,9,231,4,2,1,8
R00517,0,3,4,0,9,223,4,2,1,8
R00518,0,3,4,0,9,231,4,2,1,8
R00519,0,3,4,0,9,230,4,2,1,8
R00520,0,3,4,0,9,238,4,2,1,8
R00521,0,3,4,0,9,203,4,3,0,
R00522,0,3,4,0,9,211,4,3,0,
R00523,0,3,4,0,9,210,4,3,0,
R00524,0,3,4,0,9,218,4,3,0,
R00525,0,3,4,0,9,210,4,3,0,
R00526,0,3,4,0,9,218,4,3,0,
R00527,0,3,4,0,9,217,4,3,0,
R00528,0,3,4,0,9,225,4,3,0,
R00529,0,3,4,0,9,209,4,3,0,
R00530,0,3,4,0,9,217,4,3,0,
R00531,0,3,4,0,9,216,4,3,0,
R00532,0,3,4,0,9,224,4,3,0,
R00533,0,3,4,0,9,216,4,3,0,
R00534,0,3,4,0,9,224,4,3,0,
R00535,0,3,4,0,9,223,4,3,0,
R00536,0,3,4,0,9,231,4,3,0,
R00537,0,3,4,0,9,210,4,2,1,8
R00538,0,3,4,0,9,218,4,2,1,8
R00539,0,3,4,0,9,217,4,2,1,8
R00540,0,3,4,0,9,225,4,2,1,8
R00541,0,3,4,0,9,217,4,2,1,8
R00542,0,3,4,0,9,225,4,2,1,8
R00543,0,3,4,0,9,224,4,2,1,8
R00544,0,3,4,0,9,232,4,2,1,8
R00545,0,3,4,0,9,216,4,2,1,8
R00546,0,3,4,0,9,224,4,2,1,8
R00547,0,3,4,0,9,223,4,2,1,8
R00548,0,3,4,0,9,231,4,2,1,8
R00549,0,3,4,0,9,223,4,2,1,8
R00550,0,3,4,0,9,231,4,2,1,8
R00551,0,3,4,0,9,230,4,2,1,8
R00552,0,3,4,0,9,238,4,2,1,8
R00553,0,3,4,0,9,209,4,3,0,
R00554,0,3,4,0,9,217,4,3,0,
R00555,0,3,4,0,9,216,4,3,0,
R00556,0,3,4,0,9,224,4,3,0,
R00557,0,3,4,0,9,216,4,3,0,
R00558,0,3,4,0,9,224,4,3,0,
R00559,0,3,4,0,9,223,4,3,0,
R00560,0,3,4,0,9,231,4,3,0,
R00561,0,3,4,0,9,215,4,3,0,
R00562,0,3,4,0,9,223,4,3,0,
R00563,0,3,4,0,9,222,4,3,0,
R00564,0,3,4,0,9,230,4,3,0,
R00565,0,3,4,0,9,222,4,3,0,
R00566,0,3,4,0,9,230,4,3,0,
R00567,0,3,4,0,9,229,4,3,0,
R00568,0,3,4,0,9,237,4,3,0,
R00569,0,3,4,0,9,216,4,2,1,8
R00570,0,3,4,0,9,224,4,2,1,8
R00571,0,3,4,0,9,223,4,2,1,8
R00572,0,3,4,0,9,231,4,2,1,8
R00573,0,3,4,0,9,223,4,2,1,8
R00574,0,3,4,0,9,231,4,2,1,8
R00575,0,3,4,0,9,230,4,2,1,8
R00576,0,3,4,0,9,238,4,2,1,8
R00577,0,3,4,0,9,222,4,2,1,8
R00578,0,3,4,0,9,230,4,2,1,8
R00579,0,3,4,0,9,229,4,2,1,8
R00580,0,3,4,0,9,237,4,2,1,8
R00581,0,3,4,0,9,229,4,2,1,8
R00582,0,3,4,0,9,237,4,2,1,8
R00583,0,3,4,0,9,236,4,2,1,8
R00584,0,3,4,0,9,244,4,2,1,8
R00585,0,3,4,0,9,192,2,3,0,
R00586,0,3,4,0,9,200,2,3,0,
R00587,0,3,4,0,9,199,2,3,0,
R00588,0,3,4,0,9,207,2,3,0,
R00589,0,3,4,0,9,199,2,2,1,4
R00590,0,3,4,0,9,207,2,2,1,4
R00591,0,3,4,0,9,206,2,2,1,4
R00592,0,3,4,0,9,214,2,2,1,4
R00593,0,3,4,0,9,198,2,3,0,
R00594,0,3,4,0,9,206,2,3,0,
R00595,0,3,4,0,9,205,2,3,0,
R00596,0,3,4,0,9,213,2,3,0,
R00597,0,3,4,0,9,205,2,2,1,4
R00598,0,3,4,0,9,213,2,2,1,4
R00599,0,3,4,0,9,212,2,2,1,4
R00600,0,3,4,0,9,220,2,2,1,4
R00601,0,3,4,0,9,199,2,3,0,
R00602,0,3,4,0,9,207,2,3,0,
R00603,0,3,4,0,9,206,2,3,0,
R00604,0,3,4,0,9,214,2,3,0,
R00605,0,3,4,0,9,206,2,2,1,4
R00606,0,3,4,0,9,214,2,2,1,4
R00607,0,3,4,0,9,213,2,2,1,4
R00608,0,3,4,0,9,221,2,2,1,4
R00609,0,3,4,0,9,205,2,3,0,
R00610,0,3,4,0,9,213,2,3,0,
R00611,0,3,4,0,9,212,2,3,0,
R00612,0,3,4,0,9,220,2,3,0,
R00613,0,3,4,0,9,212,2,2,1,4
R00614,0,3,4,0,9,220,2,2,1,4
R00615,0,3,4,0,9,219,2,2,1,4
R00616,0,3,4,0,9,227,2,2,1,4
R00617,0,3,4,0,9,198,2,3,0,
R00618,0,3,4,0,9,206,2,3,0,
R00619,0,3,4,0,9,205,2,3,0,
R00620,0,3,4,0,9,213,2,3,0,
R00621,0,3,4,0,9,205,2,2,1,4
R00622,0,3,4,0,9,213,2,2,1,4
R00623,0,3,4,0,9,212,2,2,1,4
R00624,0,3,4,0,9,220,2,2,1,4
R00625,0,3,4,0,9,204,2,3,0,
R00626,0,3,4,0,9,212,2,3,0,
R00627,0,3,4,0,9,211,2,3,0,
R00628,0,3,4,0,9,219,2,3,0,
R00629,0,3,4,0,9,211,2,2,1,4
R00630,0,3,4,0,9,219,2,2,1,4
R00631,0,3,4,0,9,218,2,2,1,4
R00632,0,3,4,0,9,226,2,2,1,4
R00633,0,3,4,0,9,205,2,3,0,
R00634,0,3,4,0,9,213,2,3,0,
R00635,0,3,4,0,9,212,2,3,0,
R00636,0,3,4,0,9,220,2,3,0,
R00637,0,3,4,0,9,212,2,2,1,4
R00638,0,3,4,0,9,220,2,2,1,4
R00639,0,3,4,0,9,219,2,2,1,4
R00640,0,3,4,0,9,227,2,2,1,4
R00641,0,3,4,0,9,211,2,3,0,
R00642,0,3,4,0,9,219,2,3,0,
R00643,0,3,4,0,9,218,2,3,0,
R00644,0,3,4,0,9,226,2,3,0,
R00645,0,3,4,0,9,218,2,2,1,4
R00646,0,3,4,0,9,226,2,2,1,4
R00647,0,3,4,0,9,225,2,2,1,4
R00648,0,3,4,0,9,233,2,2,1,4
R00649,0,3,4,0,9,198,2,3,0,
R00650,0,3,4,0,9,206,2,3,0,
R00651,0,3,4,0,9,205,2,3,0,
R00652,0,3,4,0,9,213,2,3,0,
R00653,0,3,4,0,9,205,2,2,1,4
R00654,0,3,4,0,9,213,2,2,1,4
R00655,0,3,4,0,9,212,2,2,1,4
R00656,0,3,4,0,9,220,2,2,1,4
R00657,0,3,4,0,9,204,2,3,0,
R00658,0,3,4,0,9,212,2,3,0,
R00659,0,3,4,0,9,211,2,3,0,
R00660,0,3,4,0,9,219,2,3,0,
R00661,0,3,4,0,9,211,2,2,1,4
R00662,0,3,4,0,9,219,2,2,1,4
R00663,0,3,4,0,9,218,2,2,1,4
R00664,0,3,4,0,9,226,2,2,1,4
R00665,0,3,4,0,9,205,2,3,0,
R00666,0,3,4,0,9,213,2,3,0,
R00667,0,3,4,0,9,212,2,3,0,
R00668,0,3,4,0,9,220,2,3,0,
R00669,0,3,4,0,9,212,2,2,1,4
R00670,0,3,4,0,9,220,2,2,1,4
R00671,0,3,4,0,9,219,2,2,1,4
R00672,0,3,4,0,9,227,2,2,1,4
R00673,0,3,4,0,9,211,2,3,0,
R00674,0,3,4,0,9,219,2,3,0,
R00675,0,3,4,0,9,218,2,3,0,
R00676,0,3,4,0,9,226,2,3,0,
R00677,0,3,4,0,9,218,2,2,1,4
R00678,0,3,4,0,9,226,2,2,1,4
R00679,0,3,4,0,9,225,2,2,1,4
R00680,0,3,4,0,9,233,2,2,1,4
R00681,0,3,4,0,9,204,2,3,0,
R00682,0,3,4,0,9,212,2,3,0,
R00683,0,3,4,0,9,211,2,3,0,
R00684,0,3,4,0,9,219,2,3,0,
R00685,0,3,4,0,9,211,2,2,1,4
R00686,0,3,4,0,9,219,2,2,1,4
R00687,0,3,4,0,9,218,2,2,1,4
R00688,0,3,4,0,9,226,2,2,1,4
R00689,0,3,4,0,9,210,2,3,0,
R00690,0,3,4,0,9,218,2,3,0,
R00691,0,3,4,0,9,217,2,3,0,
R00692,0,3,4,0,9,225,2,3,0,
R00693,0,3,4,0,9,217,2,2,1,4
R00694,0,3,4,0,9,225,2,2,1,4
R00695,0,3,4,0,9,224,2,2,1,4
R00696,0,3,4,0,9,232,2,2,1,4
R00697,0,3,4,0,9,211,2,3,0,
R00698,0,3,4,0,9,219,2,3,0,
R00699,0,3,4,0,9,218,2,3,0,
R00700,0,3,4,0,9,226,2,3,0,
R00701,0,3,4,0,9,218,2,2,1,4
R00702,0,3,4,0,9,226,2,2,1,4
R00703,0,3,4,0,9,225,2,2,1,4
R00704,0,3,4,0,9,233,2,2,1,4
R00705,0,3,4,0,9,217,2,3,0,
R00706,0,3,4,0,9,225,2,3,0,
R00707,0,3,4,0,9,224,2,3,0,
R00708,0,3,4,0,9,232,2,3,0,
R00709,0,3,4,0,9,224,2,2,1,4
R00710,0,3,4,0,9,232,2,2,1,4
R00711,0,3,4,0,9,231,2,2,1,4
R00712,0,3,4,0,9,239,2,2,1,4
R00713,0,3,4,0,9,197,2,3,0,
R00714,0,3,4,0,9,205,2,3,0,
R00715,0,3,4,0,9,204,2,3,0,
R00716,0,3,4,0,9,212,2,3,0,
R00717,0,3,4,0,9,204,2,2,1,4
R00718,0,3,4,0,9,212,2,2,1,4
R00719,0,3,4,0,9,211,2,2,1,4
R00720,0,3,4,0,9,219,2,2,1,4
R00721,0,3,4,0,9,203,2,3,0,
R00722,0,3,4,0,9,211,2,3,0,
R00723,0,3,4,0,9,210,2,3,0,
R00724,0,3,4,0,9,218,2,3,0,
R00725,0,3,4,0,9,210,2,2,1,4
R00726,0,3,4,0,9,218,2,2,1,4
R00727,0,3,4,0,9,217,2,2,1,4
R00728,0,3,4,0,9,225,2,2,1,4
R00729,0,3,4,0,9,204,2,3,0,
R00730,0,3,4,0,9,212,2,3,0,
R00731,0,3,4,0,9,211,2,3,0,
R00732,0,3,4,0,9,219,2,3,0,
R00733,0,3,4,0,9,211,2,2,1,4
R00734,0,3,4,0,9,219,2,2,1,4
R00735,0,3,4,0,9,218,2,2,1,4
R00736,0,3,4,0,9,226,2,2,1,4
R00737,0,3,4,0,9,210,2,3,0,
R00738,0,3,4,0,9,218,2,3,0,
R00739,0,3,4,0,9,217,2,3,0,
R00740,0,3,4,0,9,225,2,3,0,
R00741,0,3,4,0,9,217,2,2,1,4
R00742,0,3,4,0,9,225,2,2,1,4
R00743,0,3,4,0,9,224,2,2,1,4
R00744,0,3,4,0,9,232,2,2,1,4
R00745,0,3,4,0,9,203,2,3,0,
R00746,0,3,4,0,9,211,2,3,0,
R00747,0,3,4,0,9,210,2,3,0,
R00748,0,3,4,0,9,218,2,3,0,
R00749,0,3,4,0,9,210,2,2,1,4
R00750,0,3,4,0,9,218,2,2,1,4
R00751,0,3,4,0,9,217,2,2,1,4
R00752,0,3,4,0,9,225,2,2,1,4
R00753,0,3,4,0,9,209,2,3,0,
R00754,0,3,4,0,9,217,2,3,0,
R00755,0,3,4,0,9,216,2,3,0,
R00756,0,3,4,0,9,224,2,3,0,
R00757,0,3,4,0,9,216,2,2,1,4
R00758,0,3,4,0,9,224,2,2,1,4
R00759,0,3,4,0,9,223,2,2,1,4
R00760,0,3,4,0,9,231,2,2,1,4
R00761,0,3,4,0,9,210,2,3,0,
R00762,0,3,4,0,9,218,2,3,0,
R00763,0,3,4,0,9,217,2,3,0,
R00764,0,3,4,0,9,225,2,3,0,
R00765,0,3,4,0,9,217,2,2,1,4
R00766,0,3,4,0,9,225,2,2,1,4
R00767,0,3,4,0,9,224,2,2,1,4
R00768,0,3,4,0,9,232,2,2,1,4
R00769,0,3,4,0,9,216,2,3,0,
R00770,0,3,4,0,9,224,2,3,0,
R00771,0,3,4,0,9,223,2,3,0,
R00772,0,3,4,0,9,231,2,3,0,
R00773,0,3,4,0,9,223,2,2,1,4
R00774,0,3,4,0,9,231,2,2,1,4
R00775,0,3,4,0,9,230,2,2,1,4
R00776,0,3,4,0,9,238,2,2,1,4
R00777,0,3,4,0,9,203,2,3,0,
R00778,0,3,4,0,9,211,2,3,0,
R00779,0,3,4,0,9,210,2,3,0,
R00780,0,3,4,0,9,218,2,3,0,
R00781,0,3,4,0,9,210,2,2,1,4
R00782,0,3,4,0,9,218,2,2,1,4
R00783,0,3,4,0,9,217,2,2,1,4
R00784,0,3,4,0,9,225,2,2,1,4
R00785,0,3,4,0,9,209,2,3,0,
R00786,0,3,4,0,9,217,2,3,0,
R00787,0,3,4,0,9,216,2,3,0,
R00788,0,3,4,0,9,224,2,3,0,
R00789,0,3,4,0,9,216,2,2,1,4
R00790,0,3,4,0,9,224,2,2,1,4
R00791,0,3,4,0,9,223,2,2,1,4
R00792,0,3,4,0,9,231,2,2,1,4
R00793,0,3,4,0,9,210,2,3,0,
R00794,0,3,4,0,9,218,2,3,0,
R00795,0,3,4,0,9,217,2,3,0,
R00796,0,3,4,0,9,225,2,3,0,
R00797,0,3,4,0,9,217,2,2,1,4
R00798,0,3,4,0,9,225,2,2,1,4
R00799,0,3,4,0,9,224,2,2,1,4
R00800,0,3,4,0,9,232,2,2,1,4
R00801,0,3,4,0,9,216,2,3,0,
R00802,0,3,4,0,9,224,2,3,0,
R00803,0,3,4,0,9,223,2,3,0,
R00804,0,3,4,0,9,231,2,3,0,
R00805,0,3,4,0,9,223,2,2,1,4
R00806,0,3,4,0,9,231,2,2,1,4
R00807,0,3,4,0,9,230,2,2,1,4
R00808,0,3,4,0,9,238,2,2,1,4
R00809,0,3,4,0,9,209,2,3,0,
R00810,0,3,4,0,9,217,2,3,0,
R00811,0,3,4,0,9,216,2,3,0,
R00812,0,3,4,0,9,224,2,3,0,
R00813,0,3,4,0,9,216,2,2,1,4
R00814,0,3,4,0,9,224,2,2,1,4
R00815,0,3,4,0,9,223,2,2,1,4
R00816,0,3,4,0,9,231,2,2,1,4
R00817,0,3,4,0,9,215,2,3,0,
R00818,0,3,4,0,9,223,2,3,0,
R00819,0,3,4,0,9,222,2,3,0,
R00820,0,3,4,0,9,230,2,3,0,
R00821,0,3,4,0,9,222,2,2,1,4
R00822,0,3,4,0,9,230,2,2,1,4
R00823,0,3,4,0,9,229,2,2,1,4
R00824,0,3,4,0,9,237,2,2,1,4
R00825,0,3,4,0,9,216,2,3,0,
R00826,0,3,4,0,9,224,2,3,0,
R00827,0,3,4,0,9,223,2,3,0,
R00828,0,3,4,0,9,231,2,3,0,
R00829,0,3,4,0,9,223,2,2,1,4
R00830,0,3,4,0,9,231,2,2,1,4
R00831,0,3,4,0,9,230,2,2,1,4
R00832,0,3,4,0,9,238,2,2,1,4
R00833,0,3,4,0,9,222,2,3,0,
R00834,0,3,4,0,9,230,2,3,0,
R00835,0,3,4,0,9,229,2,3,0,
R00836,0,3,4,0,9,237,2,3,0,
R00837,0,3,4,0,9,229,2,2,1,4
R00838,0,3,4,0,9,237,2,2,1,4
R00839,0,3,4,0,9,236,2,2,1,4
R00840,0,3,4,0,9,244,2,2,1,4
R00841,0,3,4,0,9,192,6,5,0,
R00842,0,3,4,0,9,200,6,5,0,
R00843,0,3,4,0,9,199,6,5,0,
R00844,0,3,4,0,9,207,6,5,0,
R00845,0,3,4,0,9,199,6,5,0,
R00846,0,3,4,0,9,207,6,5,0,
R00847,0,3,4,0,9,206,6,5,0,
R00848,0,3,4,0,9,214,6,5,0,
R00849,0,3,4,0,9,198,6,5,0,
R00850,0,3,4,0,9,206,6,5,0,
R00851,0,3,4,0,9,205,6,5,0,
R00852,0,3,4,0,9,213,6,5,0,
R00853,0,3,4,0,9,205,6,5,0,
R00854,0,3,4,0,9,213,6,5,0,
R00855,0,3,4,0,9,212,6,5,0,
R00856,0,3,4,0,9,220,6,5,0,
R00857,0,3,4,0,9,199,6,5,0,
R00858,0,3,4,0,9,207,6,5,0,
R00859,0,3,4,0,9,206,6,5,0,
R00860,0,3,4,0,9,214,6,5,0,
R00861,0,3,4,0,9,206,6,5,0,
R00862,0,3,4,0,9,214,6,5,0,
R00863,0,3,4,0,9,213,6,5,0,
R00864,0,3,4,0,9,221,6,5,0,
R00865,0,3,4,0,9,205,6,5,0,
R00866,0,3,4,0,9,213,6,5,0,
R00867,0,3,4,0,9,212,6,5,0,
R00868,0,3,4,0,9,220,6,5,0,
R00869,0,3,4,0,9,212,6,5,0,
R00870,0,3,4,0,9,220,6,5,0,
R00871,0,3,4,0,9,219,6,5,0,
R00872,0,3,4,0,9,227,6,5,0,
R00873,0,3,4,0,9,198,6,5,0,
R00874,0,3,4,0,9,206,6,5,0,
R00875,0,3,4,0,9,205,6,5,0,
R00876,0,3,4,0,9,213,6,5,0,
R00877,0,3,4,0,9,205,6,5,0,
R00878,0,3,4,0,9,213,6,5,0,
R00879,0,3,4,0,9,212,6,5,0,
R00880,0,3,4,0,9,220,6,5,0,
R00881,0,3,4,0,9,204,6,5,0,
R00882,0,3,4,0,9,212,6,5,0,
R00883,0,3,4,0,9,211,6,5,0,
R00884,0,3,4,0,9,219,6,5,0,
R00885,0,3,4,0,9,211,6,5,0,
R00886,0,3,4,0,9,219,6,5,0,
R00887,0,3,4,0,9,218,6,5,0,
R00888,0,3,4,0,9,226,6,5,0,
R00889,0,3,4,0,9,205,6,5,0,
R00890,0,3,4,0,9,213,6,5,0,
R00891,0,3,4,0,9,212,6,5,0,
R00892,0,3,4,0,9,220,6,5,0,
R00893,0,3,4,0,9,212,6,5,0,
R00894,0,3,4,0,9,220,6,5,0,
R00895,0,3,4,0,9,219,6,5,0,
R00896,0,3,4,0,9,227,6,5,0,
R00897,0,3,4,0,9,211,6,5,0,
R00898,0,3,4,0,9,219,6,5,0,
R00899,0,3,4,0,9,218,6,5,0,
R00900,0,3,4,0,9,226,6,5,0,
R00901,0,3,4,0,9,218,6,5,0,
R00902,0,3,4,0,9,226,6,5,0,
R00903,0,3,4,0,9,225,6,5,0,
R00904,0,3,4,0,9,233,6,5,0,
R00905,0,3,4,0,9,198,6,4,1,12
R00906,0,3,4,0,9,206,6,4,1,12
R00907,0,3,4,0,9,205,6,4,1,12
R00908,0,3,4,0,9,213,6,4,1,12
R00909,0,3,4,0,9,205,6,4,1,12
R00910,0,3,4,0,9,213,6,4,1,12
R00911,0,3,4,0,9,212,6,4,1,12
R00912,0,3,4,0,9,220,6,4,1,12
R00913,0,3,4,0,9,204,6,4,1,12
R00914,0,3,4,0,9,212,6,4,1,12
R00915,0,3,4,0,9,211,6,4,1,12
R00916,0,3,4,0,9,219,6,4,1,12
R00917,0,3,4,0,9,211,6,4,1,12
R00918,0,3,4,0,9,219,6,4,1,12
R00919,0,3,4,0,9,218,6,4,1,12
R00920,0,3,4,0,9,226,6,4,1,12
R00921,0,3,4,0,9,205,6,4,1,12
R00922,0,3,4,0,9,213,6,4,1,12
R00923,0,3,4,0,9,212,6,4,1,12
R00924,0,3,4,0,9,220,6,4,1,12
R00925,0,3,4,0,9,212,6,4,1,12
R00926,0,3,4,0,9,220,6,4,1,12
R00927,0,3,4,0,9,219,6,4,1,12
R00928,0,3,4,0,9,227,6,4,1,12
R00929,0,3,4,0,9,211,6,4,1,12
R00930,0,3,4,0,9,219,6,4,1,12
R00931,0,3,4,0,9,218,6,4,1,12
R00932,0,3,4,0,9,226,6,4,1,12
R00933,0,3,4,0,9,218,6,4,1,12
R00934,0,3,4,0,9,226,6,4,1,12
R00935,0,3,4,0,9,225,6,4,1,12
R00936,0,3,4,0,9,233,6,4,1,12
R00937,0,3,4,0,9,204,6,4,1,12
R00938,0,3,4,0,9,212,6,4,1,12
R00939,0,3,4,0,9,211,6,4,1,12
R00940,0,3,4,0,9,219,6,4,1,12
R00941,0,3,4,0,9,211,6,4,1,12
R00942,0,3,4,0,9,219,6,4,1,12
R00943,0,3,4,0,9,218,6,4,1,12
R00944,0,3,4,0,9,226,6,4,1,12
R00945,0,3,4,0,9,210,6,4,1,12
R00946,0,3,4,0,9,218,6,4,1,12
R00947,0,3,4,0,9,217,6,4,1,12
R00948,0,3,4,0,9,225,6,4,1,12
R00949,0,3,4,0,9,217,6,4,1,12
R00950,0,3,4,0,9,225,6,4,1,12
R00951,0,3,4,0,9,224,6,4,1,12
R00952,0,3,4,0,9,232,6,4,1,12
R00953,0,3,4,0,9,211,6,4,1,12
R00954,0,3,4,0,9,219,6,4,1,12
R00955,0,3,4,0,9,218,6,4,1,12
R00956,0,3,4,0,9,226,6,4,1,12
R00957,0,3,4,0,9,218,6,4,1,12
R00958,0,3,4,0,9,226,6,4,1,12
R00959,0,3,4,0,9,225,6,4,1,12
R00960,0,3,4,0,9,233,6,4,1,12
R00961,0,3,4,0,9,217,6,4,1,12
R00962,0,3,4,0,9,225,6,4,1,12
R00963,0,3,4,0,9,224,6,4,1,12
R00964,0,3,4,0,9,232,6,4,1,12
R00965,0,3,4,0,9,224,6,4,1,12
R00966,0,3,4,0,9,232,6,4,1,12
R00967,0,3,4,0,9,231,6,4,1,12
R00968,0,3,4,0,9,239,6,4,1,12
R00969,0,3,4,0,9,197,6,5,0,
R00970,0,3,4,0,9,205,6,5,0,
R00971,0,3,4,0,9,204,6,5,0,
R00972,0,3,4,0,9,212,6,5,0,
R00973,0,3,4,0,9,204,6,5,0,
R00974,0,3,4,0,9,212,6,5,0,
R00975,0,3,4,0,9,211,6,5,0,
R00976,0,3,4,0,9,219,6,5,0,
R00977,0,3,4,0,9,203,6,5,0,
R00978,0,3,4,0,9,211,6,5,0,
R00979,0,3,4,0,9,210,6,5,0,
R00980,0,3,4,0,9,218,6,5,0,
R00981,0,3,4,0,9,210,6,5,0,
R00982,0,3,4,0,9,218,6,5,0,
R00983,0,3,4,0,9,217,6,5,0,
R00984,0,3,4,0,9,225,6,5,0,
R00985,0,3,4,0,9,204,6,5,0,
R00986,0,3,4,0,9,212,6,5,0,
R00987,0,3,4,0,9,211,6,5,0,
R00988,0,3,4,0,9,219,6,5,0,
R00989,0,3,4,0,9,211,6,5,0,
R00990,0,3,4,0,9,219,6,5,0,
R00991,0,3,4,0,9,218,6,5,0,
R00992,0,3,4,0,9,226,6,5,0,
R00993,0,3,4,0,9,210,6,5,0,
R00994,0,3,4,0,9,218,6,5,0,
R00995,0,3,4,0,9,217,6,5,0,
R00996,0,3,4,0,9,225,6,5,0,
R00997,0,3,4,0,9,217,6,5,0,
R00998,0,3,4,0,9,225,6,5,0,
R00999,0,3,4,0,9,224,6,5,0,
R01000,0,3,4,0,9,232,6,5,0,
R01001,0,3,4,0,9,203,6,5,0,
R01002,0,3,4,0,9,211,6,5,0,
R01003,0,3,4,0,9,210,6,5,0,
R01004,0,3,4,0,9,218,6,5,0,
R01005,0,3,4,0,9,210,6,5,0,
R01006,0,3,4,0,9,218,6,5,0,
R01007,0,3,4,0,9,217,6,5,0,
R01008,0,3,4,0,9,225,6,5,0,
R01009,0,3,4,0,9,209,6,5,0,
R01010,0,3,4,0,9,217,6,5,0,
R01011,0,3,4,0,9,216,6,5,0,
R01012,0,3,4,0,9,224,6,5,0,
R01013,0,3,4,0,9,216,6,5,0,
R01014,0,3,4,0,9,224,6,5,0,
R01015,0,3,4,0,9,223,6,5,0,
R01016,0,3,4,0,9,231,6,5,0,
R01017,0,3,4,0,9,210,6,5,0,
R01018,0,3,4,0,9,218,6,5,0,
R01019,0,3,4,0,9,217,6,5,0,
R01020,0,3,4,0,9,225,6,5,0,
R01021,0,3,4,0,9,217,6,5,0,
R01022,0,3,4,0,9,225,6,5,0,
R01023,0,3,4,0,9,224,6,5,0,
R01024,0,3,4,0,9,232,6,5,0,
R01025,0,3,4,0,9,216,6,5,0,
R01026,0,3,4,0,9,224,6,5,0,
R01027,0,3,4,0,9,223,6,5,0,
R01028,0,3,4,0,9,231,6,5,0,
R01029,0,3,4,0,9,223,6,5,0,
R01030,0,3,4,0,9,231,6,5,0,
R01031,0,3,4,0,9,230,6,5,0,
R01032,0,3,4,0,9,238,6,5,0,
R01033,0,3,4,0,9,203,6,4,1,12
R01034,0,3,4,0,9,211,6,4,1,12
R01035,0,3,4,0,9,210,6,4,1,12
R01036,0,3,4,0,9,218,6,4,1,12
R01037,0,3,4,0,9,210,6,4,1,12
R01038,0,3,4,0,9,218,6,4,1,12
R01039,0,3,4,0,9,217,6,4,1,12
R01040,0,3,4,0,9,225,6,4,1,12
R01041,0,3,4,0,9,209,6,4,1,12
R01042,0,3,4,0,9,217,6,4,1,12
R01043,0,3,4,0,9,216,6,4,1,12
R01044,0,3,4,0,9,224,6,4,1,12
R01045,0,3,4,0,9,216,6,4,1,12
R01046,0,3,4,0,9,224,6,4,1,12
R01047,0,3,4,0,9,223,6,4,1,12
R01048,0,3,4,0,9,231,6,4,1,12
R01049,0,3,4,0,9,210,6,4,1,12
R01050,0,3,4,0,9,218,6,4,1,12
R01051,0,3,4,0,9,217,6,4,1,12
R01052,0,3,4,0,9,225,6,4,1,12
R01053,0,3,4,0,9,217,6,4,1,12
R01054,0,3,4,0,9,225,6,4,1,12
R01055,0,3,4,0,9,224,6,4,1,12
R01056,0,3,4,0,9,232,6,4,1,12
R01057,0,3,4,0,9,216,6,4,1,12
R01058,0,3,4,0,9,224,6,4,1,12
R01059,0,3,4,0,9,223,6,4,1,12
R01060,0,3,4,0,9,231,6,4,1,12
R01061,0,3,4,0,9,223,6,4,1,12
R01062,0,3,4,0,9,231,6,4,1,12
R01063,0,3,4,0,9,230,6,4,1,12
R01064,0,3,4,0,9,238,6,4,1,12
R01065,0,3,4,0,9,209,6,4,1,12
R01066,0,3,4,0,9,217,6,4,1,12
R01067,0,3,4,0,9,216,6,4,1,12
R01068,0,3,4,0,9,224,6,4,1,12
R01069,0,3,4,0,9,216,6,4,1,12
R01070,0,3,4,0,9,224,6,4,1,12
R01071,0,3,4,0,9,223,6,4,1,12
R01072,0,3,4,0,9,231,6,4,1,12
R01073,0,3,4,0,9,215,6,4,1,12
R01074,0,3,4,0,9,223,6,4,1,12
R01075,0,3,4,0,9,222,6,4,1,12
R01076,0,3,4,0,9,230,6,4,1,12
R01077,0,3,4,0,9,222,6,4,1,12
R01078,0,3,4,0,9,230,6,4,1,12
R01079,0,3,4,0,9,229,6,4,1,12
R01080,0,3,4,0,9,237,6,4,1,12
R01081,0,3,4,0,9,216,6,4,1,12
R01082,0,3,4,0,9,224,6,4,1,12
R01083,0,3,4,0,9,223,6,4,1,12
R01084,0,3,4,0,9,231,6,4,1,12
R01085,0,3,4,0,9,223,6,4,1,12
R01086,0,3,4,0,9,231,6,4,1,12
R01087,0,3,4,0,9,230,6,4,1,12
R01088,0,3,4,0,9,238,6,4,1,12
R01089,0,3,4,0,9,222,6,4,1,12
R01090,0,3,4,0,9,230,6,4,1,12
R01091,0,3,4,0,9,229,6,4,1,12
R01092,0,3,4,0,9,237,6,4,1,12
R01093,0,3,4,0,9,229,6,4,1,12
R01094,0,3,4,0,9,237,6,4,1,12
R01095,0,3,4,0,9,236,6,4,1,12
R01096,0,3,4,0,9,244,6,4,1,12
R01097,0,3,4,0,9,192,1,3,0,
R01098,0,3,4,0,9,200,1,3,0,
R01099,0,3,4,0,9,199,1,2,1,2
R01100,0,3,4,0,9,207,1,2,1,2
R01101,0,3,4,0,9,199,1,3,0,
R01102,0,3,4,0,9,207,1,3,0,
R01103,0,3,4,0,9,206,1,2,1,2
R01104,0,3,4,0,9,214,1,2,1,2
R01105,0,3,4,0,9,198,1,3,0,
R01106,0,3,4,0,9,206,1,3,0,
R01107,0,3,4,0,9,205,1,2,1,2
R01108,0,3,4,0,9,213,1,2,1,2
R01109,0,3,4,0,9,205,1,3,0,
R01110,0,3,4,0,9,213,1,3,0,
R01111,0,3,4,0,9,212,1,2,1,2
R01112,0,3,4,0,9,220,1,2,1,2
R01113,0,3,4,0,9,199,1,3,0,
R01114,0,3,4,0,9,207,1,3,0,
R01115,0,3,4,0,9,206,1,2,1,2
R01116,0,3,4,0,9,214,1,2,1,2
R01117,0,3,4,0,9,206,1,3,0,
R01118,0,3,4,0,9,214,1,3,0,
R01119,0,3,4,0,9,213,1,2,1,2
R01120,0,3,4,0,9,221,1,2,1,2
R01121,0,3,4,0,9,205,1,3,0,
R01122,0,3,4,0,9,213,1,3,0,
R01123,0,3,4,0,9,212,1,2,1,2
R01124,0,3,4,0,9,220,1,2,1,2
R01125,0,3,4,0,9,212,1,3,0,
R01126,0,3,4,0,9,220,1,3,0,
R01127,0,3,4,0,9,219,1,2,1,2
R01128,0,3,4,0,9,227,1,2,1,2
R01129,0,3,4,0,9,198,1,3,0,
R01130,0,3,4,0,9,206,1,3,0,
R01131,0,3,4,0,9,205,1,2,1,2
R01132,0,3,4,0,9,213,1,2,1,2
R01133,0,3,4,0,9,205,1,3,0,
R01134,0,3,4,0,9,213,1,3,0,
R01135,0,3,4,0,9,212,1,2,1,2
R01136,0,3,4,0,9,220,1,2,1,2
R01137,0,3,4,0,9,204,1,3,0,
R01138,0,3,4,0,9,212,1,3,0,
R01139,0,3,4,0,9,211,1,2,1,2
R01140,0,3,4,0,9,219,1,2,1,2
R01141,0,3,4,0,9,211,1,3,0,
R01142,0,3,4,0,9,219,1,3,0,
R01143,0,3,4,0,9,218,1,2,1,2
R01144,0,3,4,0,9,226,1,2,1,2
R01145,0,3,4,0,9,205,1,3,0,
R01146,0,3,4,0,9,213,1,3,0,
R01147,0,3,4,0,9,212,1,2,1,2
R01148,0,3,4,0,9,220,1,2,1,2
R01149,0,3,4,0,9,212,1,3,0,
R01150,0,3,4,0,9,220,1,3,0,
R01151,0,3,4,0,9,219,1,2,1,2
R01152,0,3,4,0,9,227,1,2,1,2
R01153,0,3,4,0,9,211,1,3,0,
R01154,0,3,4,0,9,219,1,3,0,
R01155,0,3,4,0,9,218,1,2,1,2
R01156,0,3,4,0,9,226,1,2,1,2
R01157,0,3,4,0,9,218,1,3,0,
R01158,0,3,4,0,9,226,1,3,0,
R01159,0,3,4,0,9,225,1,2,1,2
R01160,0,3,4,0,9,233,1,2,1,2
R01161,0,3,4,0,9,198,1,3,0,
R01162,0,3,4,0,9,206,1,3,0,
R01163,0,3,4,0,9,205,1,2,1,2
R01164,0,3,4,0,9,213,1,2,1,2
R01165,0,3,4,0,9,205,1,3,0,
R01166,0,3,4,0,9,213,1,3,0,
R01167,0,3,4,0,9,212,1,2,1,2
R01168,0,3,4,0,9,220,1,2,1,2
R01169,0,3,4,0,9,204,1,3,0,
R01170,0,3,4,0,9,212,1,3,0,
R01171,0,3,4,0,9,211,1,2,1,2
R01172,0,3,4,0,9,219,1,2,1,2
R01173,0,3,4,0,9,211,1,3,0,
R01174,0,3,4,0,9,219,1,3,0,
R01175,0,3,4,0,9,218,1,2,1,2
R01176,0,3,4,0,9,226,1,2,1,2
R01177,0,3,4,0,9,205,1,3,0,
R01178,0,3,4,0,9,213,1,3,0,
R01179,0,3,4,0,9,212,1,2,1,2
R01180,0,3,4,0,9,220,1,2,1,2
R01181,0,3,4,0,9,212,1,3,0,
R01182,0,3,4,0,9,220,1,3,0,
R01183,0,3,4,0,9,219,1,2,1,2
R01184,0,3,4,0,9,227,1,2,1,2
R01185,0,3,4,0,9,211,1,3,0,
R01186,0,3,4,0,9,219,1,3,0,
R01187,0,3,4,0,9,218,1,2,1,2
R01188,0,3,4,0,9,226,1,2,1,2
R01189,0,3,4,0,9,218,1,3,0,
R01190,0,3,4,0,9,226,1,3,0,
R01191,0,3,4,0,9,225,1,2,1,2
R01192,0,3,4,0,9,233,1,2,1,2
R01193,0,3,4,0,9,204,1,3,0,
R01194,0,3,4,0,9,212,1,3,0,
R01195,0,3,4,0,9,211,1,2,1,2
R01196,0,3,4,0,9,219,1,2,1,2
R01197,0,3,4,0,9,211,1,3,0,
R01198,0,3,4,0,9,219,1,3,0,
R01199,0,3,4,0,9,218,1,2,1,2
R01200,0,3,4,0,9,226,1,2,1,2
R01201,0,3,4,0,9,210,1,3,0,
R01202,0,3,4,0,9,218,1,3,0,
R01203,0,3,4,0,9,217,1,2,1,2
R01204,0,3,4,0,9,225,1,2,1,2
R01205,0,3,4,0,9,217,1,3,0,
R01206,0,3,4,0,9,225,1,3,0,
R01207,0,3,4,0,9,224,1,2,1,2
R01208,0,3,4,0,9,232,1,2,1,2
R01209,0,3,4,0,9,211,1,3,0,
R01210,0,3,4,0,9,219,1,3,0,
R01211,0,3,4,0,9,218,1,2,1,2
R01212,0,3,4,0,9,226,1,2,1,2
R01213,0,3,4,0,9,218,1,3,0,
R01214,0,3,4,0,9,226,1,3,0,
R01215,0,3,4,0,9,225,1,2,1,2
R01216,0,3,4,0,9,233,1,2,1,2
R01217,0,3,4,0,9,217,1,3,0,
R01218,0,3,4,0,9,225,1,3,0,
R01219,0,3,4,0,9,224,1,2,1,2
R01220,0,3,4,0,9,232,1,2,1,2
R01221,0,3,4,0,9,224,1,3,0,
R01222,0,3,4,0,9,232,1,3,0,
R01223,0,3,4,0,9,231,1,2,1,2
R01224,0,3,4,0,9,239,1,2,1,2
R01225,0,3,4,0,9,197,1,3,0,
R01226,0,3,4,0,9,205,1,3,0,
R01227,0,3,4,0,9,204,1,2,1,2
R01228,0,3,4,0,9,212,1,2,1,2
R01229,0,3,4,0,9,204,1,3,0,
R01230,0,3,4,0,9,212,1,3,0,
R01231,0,3,4,0,9,211,1,2,1,2
R01232,0,3,4,0,9,219,1,2,1,2
R01233,0,3,4,0,9,203,1,3,0,
R01234,0,3,4,0,9,211,1,3,0,
R01235,0,3,4,0,9,210,1,2,1,2
R01236,0,3,4,0,9,218,1,2,1,2
R01237,0,3,4,0,9,210,1,3,0,
R01238,0,3,4,0,9,218,1,3,0,
R01239,0,3,4,0,9,217,1,2,1,2
R01240,0,3,4,0,9,225,1,2,1,2
R01241,0,3,4,0,9,204,1,3,0,
R01242,0,3,4,0,9,212,1,3,0,
R01243,0,3,4,0,9,211,1,2,1,2
R01244,0,3,4,0,9,219,1,2,1,2
R01245,0,3,4,0,9,211,1,3,0,
R01246,0,3,4,0,9,219,1,3,0,
R01247,0,3,4,0,9,218,1,2,1,2
R01248,0,3,4,0,9,226,1,2,1,2
R01249,0,3,4,0,9,210,1,3,0,
R01250,0,3,4,0,9,218,1,3,0,
R01251,0,3,4,0,9,217,1,2,1,2
R01252,0,3,4,0,9,225,1,2,1,2
R01253,0,3,4,0,9,217,1,3,0,
R01254,0,3,4,0,9,225,1,3,0,
R01255,0,3,4,0,9,224,1,2,1,2
R01256,0,3,4,0,9,232,1,2,1,2
R01257,0,3,4,0,9,203,1,3,0,
R01258,0,3,4,0,9,211,1,3,0,
R01259,0,3,4,0,9,210,1,2,1,2
R01260,0,3,4,0,9,218,1,2,1,2
R01261,0,3,4,0,9,210,1,3,0,
R01262,0,3,4,0,9,218,1,3,0,
R01263,0,3,4,0,9,217,1,2,1,2
R01264,0,3,4,0,9,225,1,2,1,2
R01265,0,3,4,0,9,209,1,3,0,
R01266,0,3,4,0,9,217,1,3,0,
R01267,0,3,4,0,9,216,1,2,1,2
R01268,0,3,4,0,9,224,1,2,1,2
R01269,0,3,4,0,9,216,1,3,0,
R01270,0,3,4,0,9,224,1,3,0,
R01271,0,3,4,0,9,223,1,2,1,2
R01272,0,3,4,0,9,231,1,2,1,2
R01273,0,3,4,0,9,210,1,3,0,
R01274,0,3,4,0,9,218,1,3,0,
R01275,0,3,4,0,9,217,1,2,1,2
R01276,0,3,4,0,9,225,1,2,1,2
R01277,0,3,4,0,9,217,1,3,0,
R01278,0,3,4,0,9,225,1,3,0,
R01279,0,3,4,0,9,224,1,2,1,2
R01280,0,3,4,0,9,232,1,2,1,2
R01281,0,3,4,0,9,216,1,3,0,
R01282,0,3,4,0,9,224,1,3,0,
R01283,0,3,4,0,9,223,1,2,1,2
R01284,0,3,4,0,9,231,1,2,1,2
R01285,0,3,4,0,9,223,1,3,0,
R01286,0,3,4,0,9,231,1,3,0,
R01287,0,3,4,0,9,230,1,2,1,2
R01288,0,3,4,0,9,238,1,2,1,2
R01289,0,3,4,0,9,203,1,3,0,
R01290,0,3,4,0,9,211,1,3,0,
R01291,0,3,4,0,9,210,1,2,1,2
R01292,0,3,4,0,9,218,1,2,1,2
R01293,0,3,4,0,9,210,1,3,0,
R01294,0,3,4,0,9,218,1,3,0,
R01295,0,3,4,0,9,217,1,2,1,2
R01296,0,3,4,0,9,225,1,2,1,2
R01297,0,3,4,0,9,209,1,3,0,
R01298,0,3,4,0,9,217,1,3,0,
R01299,0,3,4,0,9,216,1,2,1,2
R01300,0,3,4,0,9,224,1,2,1,2
R01301,0,3,4,0,9,216,1,3,0,
R01302,0,3,4,0,9,224,1,3,0,
R01303,0,3,4,0,9,223,1,2,1,2
R01304,0,3,4,0,9,231,1,2,1,2
R01305,0,3,4,0,9,210,1,3,0,
R01306,0,3,4,0,9,218,1,3,0,
R01307,0,3,4,0,9,217,1,2,1,2
R01308,0,3,4,0,9,225,1,2,1,2
R01309,0,3,4,0,9,217,1,3,0,
R01310,0,3,4,0,9,225,1,3,0,
R01311,0,3,4,0,9,224,1,2,1,2
R01312,0,3,4,0,9,232,1,2,1,2
R01313,0,3,4,0,9,216,1,3,0,
R01314,0,3,4,0,9,224,1,3,0,
R01315,0,3,4,0,9,223,1,2,1,2
R01316,0,3,4,0,9,231,1,2,1,2
R01317,0,3,4,0,9,223,1,3,0,
R01318,0,3,4,0,9,231,1,3,0,
R01319,0,3,4,0,9,230,1,2,1,2
R01320,0,3,4,0,9,238,1,2,1,2
R01321,0,3,4,0,9,209,1,3,0,
R01322,0,3,4,0,9,217,1,3,0,
R01323,0,3,4,0,9,216,1,2,1,2
R01324,0,3,4,0,9,224,1,2,1,2
R01325,0,3,4,0,9,216,1,3,0,
R01326,0,3,4,0,9,224,1,3,0,
R01327,0,3,4,0,9,223,1,2,1,2
R01328,0,3,4,0,9,231,1,2,1,2
R01329,0,3,4,0,9,215,1,3,0,
R01330,0,3,4,0,9,223,1,3,0,
R01331,0,3,4,0,9,222,1,2,1,2
R01332,0,3,4,0,9,230,1,2,1,2
R01333,0,3,4,0,9,222,1,3,0,
R01334,0,3,4,0,9,230,1,3,0,
R01335,0,3,4,0,9,229,1,2,1,2
R01336,0,3,4,0,9,237,1,2,1,2
R01337,0,3,4,0,9,216,1,3,0,
R01338,0,3,4,0,9,224,1,3,0,
R01339,0,3,4,0,9,223,1,2,1,2
R01340,0,3,4,0,9,231,1,2,1,2
R01341,0,3,4,0,9,223,1,3,0,
R01342,0,3,4,0,9,231,1,3,0,
R01343,0,3,4,0,9,230,1,2,1,2
R01344,0,3,4,0,9,238,1,2,1,2
R01345,0,3,4,0,9,222,1,3,0,
R01346,0,3,4,0,9,230,1,3,0,
R01347,0,3,4,0,9,229,1,2,1,2
R01348,0,3,4,0,9,237,1,2,1,2
R01349,0,3,4,0,9,229,1,3,0,
R01350,0,3,4,0,9,237,1,3,0,
R01351,0,3,4,0,9,236,1,2,1,2
R01352,0,3,4,0,9,244,1,2,1,2
R01353,0,3,4,0,9,192,5,5,0,
R01354,0,3,4,0,9,200,5,5,0,
R01355,0,3,4,0,9,199,5,5,0,
R01356,0,3,4,0,9,207,5,5,0,
R01357,0,3,4,0,9,199,5,5,0,
R01358,0,3,4,0,9,207,5,5,0,
R01359,0,3,4,0,9,206,5,5,0,
R01360,0,3,4,0,9,214,5,5,0,
R01361,0,3,4,0,9,198,5,5,0,
R01362,0,3,4,0,9,206,5,5,0,
R01363,0,3,4,0,9,205,5,5,0,
R01364,0,3,4,0,9,213,5,5,0,
R01365,0,3,4,0,9,205,5,5,0,
R01366,0,3,4,0,9,213,5,5,0,
R01367,0,3,4,0,9,212,5,5,0,
R01368,0,3,4,0,9,220,5,5,0,
R01369,0,3,4,0,9,199,5,5,0,
R01370,0,3,4,0,9,207,5,5,0,
R01371,0,3,4,0,9,206,5,5,0,
R01372,0,3,4,0,9,214,5,5,0,
R01373,0,3,4,0,9,206,5,5,0,
R01374,0,3,4,0,9,214,5,5,0,
R01375,0,3,4,0,9,213,5,5,0,
R01376,0,3,4,0,9,221,5,5,0,
R01377,0,3,4,0,9,205,5,5,0,
R01378,0,3,4,0,9,213,5,5,0,
R01379,0,3,4,0,9,212,5,5,0,
R01380,0,3,4,0,9,220,5,5,0,
R01381,0,3,4,0,9,212,5,5,0,
R01382,0,3,4,0,9,220,5,5,0,
R01383,0,3,4,0,9,219,5,5,0,
R01384,0,3,4,0,9,227,5,5,0,
R01385,0,3,4,0,9,198,5,4,1,10
R01386,0,3,4,0,9,206,5,4,1,10
R01387,0,3,4,0,9,205,5,4,1,10
R01388,0,3,4,0,9,213,5,4,1,10
R01389,0,3,4,0,9,205,5,4,1,10
R01390,0,3,4,0,9,213,5,4,1,10
R01391,0,3,4,0,9,212,5,4,1,10
R01392,0,3,4,0,9,220,5,4,1,10
R01393,0,3,4,0,9,204,5,4,1,10
R01394,0,3,4,0,9,212,5,4,1,10
R01395,0,3,4,0,9,211,5,4,1,10
R01396,0,3,4,0,9,219,5,4,1,10
R01397,0,3,4,0,9,211,5,4,1,10
R01398,0,3,4,0,9,219,5,4,1,10
R01399,0,3,4,0,9,218,5,4,1,10
R01400,0,3,4,0,9,226,5,4,1,10
R01401,0,3,4,0,9,205,5,4,1,10
R01402,0,3,4,0,9,213,5,4,1,10
R01403,0,3,4,0,9,212,5,4,1,10
R01404,0,3,4,0,9,220,5,4,1,10
R01405,0,3,4,0,9,212,5,4,1,10
R01406,0,3,4,0,9,220,5,4,1,10
R01407,0,3,4,0,9,219,5,4,1,10
R01408,0,3,4,0,9,227,5,4,1,10
R01409,0,3,4,0,9,211,5,4,1,10
R01410,0,3,4,0,9,219,5,4,1,10
R01411,0,3,4,0,9,218,5,4,1,10
R01412,0,3,4,0,9,226,5,4,1,10
R01413,0,3,4,0,9,218,5,4,1,10
R01414,0,3,4,0,9,226,5,4,1,10
R01415,0,3,4,0,9,225,5,4,1,10
R01416,0,3,4,0,9,233,5,4,1,10
R01417,0,3,4,0,9,198,5,5,0,
R01418,0,3,4,0,9,206,5,5,0,
R01419,0,3,4,0,9,205,5,5,0,
R01420,0,3,4,0,9,213,5,5,0,
R01421,0,3,4,0,9,205,5,5,0,
R01422,0,3,4,0,9,213,5,5,0,
R01423,0,3,4,0,9,212,5,5,0,
R01424,0,3,4,0,9,220,5,5,0,
R01425,0,3,4,0,9,204,5,5,0,
R01426,0,3,4,0,9,212,5,5,0,
R01427,0,3,4,0,9,211,5,5,0,
R01428,0,3,4,0,9,219,5,5,0,
R01429,0,3,4,0,9,211,5,5,0,
R01430,0,3,4,0,9,219,5,5,0,
R01431,0,3,4,0,9,218,5,5,0,
R01432,0,3,4,0,9,226,5,5,0,
R01433,0,3,4,0,9,205,5,5,0,
R01434,0,3,4,0,9,213,5,5,0,
R01435,0,3,4,0,9,212,5,5,0,
R01436,0,3,4,0,9,220,5,5,0,
R01437,0,3,4,0,9,212,5,5,0,
R01438,0,3,4,0,9,220,5,5,0,
R01439,0,3,4,0,9,219,5,5,0,
R01440,0,3,4,0,9,227,5,5,0,
R01441,0,3,4,0,9,211,5,5,0,
R01442,0,3,4,0,9,219,5,5,0,
R01443,0,3,4,0,9,218,5,5,0,
R01444,0,3,4,0,9,226,5,5,0,
R01445,0,3,4,0,9,218,5,5,0,
R01446,0,3,4,0,9,226,5,5,0,
R01447,0,3,4,0,9,225,5,5,0,
R01448,0,3,4,0,9,233,5,5,0,
R01449,0,3,4,0,9,204,5,4,1,10
R01450,0,3,4,0,9,212,5,4,1,10
R01451,0,3,4,0,9,211,5,4,1,10
R01452,0,3,4,0,9,219,5,4,1,10
R01453,0,3,4,0,9,211,5,4,1,10
R01454,0,3,4,0,9,219,5,4,1,10
R01455,0,3,4,0,9,218,5,4,1,10
R01456,0,3,4,0,9,226,5,4,1,10
R01457,0,3,4,0,9,210,5,4,1,10
R01458,0,3,4,0,9,218,5,4,1,10
R01459,0,3,4,0,9,217,5,4,1,10
R01460,0,3,4,0,9,225,5,4,1,10
R01461,0,3,4,0,9,217,5,4,1,10
R01462,0,3,4,0,9,225,5,4,1,10
R01463,0,3,4,0,9,224,5,4,1,10
R01464,0,3,4,0,9,232,5,4,1,10
R01465,0,3,4,0,9,211,5,4,1,10
R01466,0,3,4,0,9,219,5,4,1,10
R01467,0,3,4,0,9,218,5,4,1,10
R01468,0,3,4,0,9,226,5,4,1,10
R01469,0,3,4,0,9,218,5,4,1,10
R01470,0,3,4,0,9,226,5,4,1,10
R01471,0,3,4,0,9,225,5,4,1,10
R01472,0,3,4,0,9,233,5,4,1,10
R01473,0,3,4,0,9,217,5,4,1,10
R01474,0,3,4,0,9,225,5,4,1,10
R01475,0,3,4,0,9,224,5,4,1,10
R01476,0,3,4,0,9,232,5,4,1,10
R01477,0,3,4,0,9,224,5,4,1,10
R01478,0,3,4,0,9,232,5,4,1,10
R01479,0,3,4,0,9,231,5,4,1,10
R01480,0,3,4,0,9,239,5,4,1,10
R01481,0,3,4,0,9,197,5,5,0,
R01482,0,3,4,0,9,205,5,5,0,
R01483,0,3,4,0,9,204,5,5,0,
R01484,0,3,4,0,9,212,5,5,0,
R01485,0,3,4,0,9,204,5,5,0,
R01486,0,3,4,0,9,212,5,5,0,
R01487,0,3,4,0,9,211,5,5,0,
R01488,0,3,4,0,9,219,5,5,0,
R01489,0,3,4,0,9,203,5,5,0,
R01490,0,3,4,0,9,211,5,5,0,
R01491,0,3,4,0,9,210,5,5,0,
R01492,0,3,4,0,9,218,5,5,0,
R01493,0,3,4,0,9,210,5,5,0,
R01494,0,3,4,0,9,218,5,5,0,
R01495,0,3,4,0,9,217,5,5,0,
R01496,0,3,4,0,9,225,5,5,0,
R01497,0,3,4,0,9,204,5,5,0,
R01498,0,3,4,0,9,212,5,5,0,
R01499,0,3,4,0,9,211,5,5,0,
R01500,0,3,4,0,9,219,5,5,0,
R01501,0,3,4,0,9,211,5,5,0,
R01502,0,3,4,0,9,219,5,5,0,
R01503,0,3,4,0,9,218,5,5,0,
R01504,0,3,4,0,9,226,5,5,0,
R01505,0,3,4,0,9,210,5,5,0,
R01506,0,3,4,0,9,218,5,5,0,
R01507,0,3,4,0,9,217,5,5,0,
R01508,0,3,4,0,9,225,5,5,0,
R01509,0,3,4,0,9,217,5,5,0,
R01510,0,3,4,0,9,225,5,5,0,
R01511,0,3,4,0,9,224,5,5,0,
R01512,0,3,4,0,9,232,5,5,0,
R01513,0,3,4,0,9,203,5,4,1,10
R01514,0,3,4,0,9,211,5,4,1,10
R01515,0,3,4,0,9,210,5,4,1,10
R01516,0,3,4,0,9,218,5,4,1,10
R01517,0,3,4,0,9,210,5,4,1,10
R01518,0,3,4,0,9,218,5,4,1,10
R01519,0,3,4,0,9,217,5,4,1,10
R01520,0,3,4,0,9,225,5,4,1,10
R01521,0,3,4,0,9,209,5,4,1,10
R01522,0,3,4,0,9,217,5,4,1,10
R01523,0,3,4,0,9,216,5,4,1,10
R01524,0,3,4,0,9,224,5,4,1,10
R01525,0,3,4,0,9,216,5,4,1,10
R01526,0,3,4,0,9,224,5,4,1,10
R01527,0,3,4,0,9,223,5,4,1,10
R01528,0,3,4,0,9,231,5,4,1,10
R01529,0,3,4,0,9,210,5,4,1,10
R01530,0,3,4,0,9,218,5,4,1,10
R01531,0,3,4,0,9,217,5,4,1,10
R01532,0,3,4,0,9,225,5,4,1,10
R01533,0,3,4,0,9,217,5,4,1,10
R01534,0,3,4,0,9,225,5,4,1,10
R01535,0,3,4,0,9,224,5,4,1,10
R01536,0,3,4,0,9,232,5,4,1,10
R01537,0,3,4,0,9,216,5,4,1,10
R01538,0,3,4,0,9,224,5,4,1,10
R01539,0,3,4,0,9,223,5,4,1,10
R01540,0,3,4,0,9,231,5,4,1,10
R01541,0,3,4,0,9,223,5,4,1,10
R01542,0,3,4,0,9,231,5,4,1,10
R01543,0,3,4,0,9,230,5,4,1,10
R01544,0,3,4,0,9,238,5,4,1,10
R01545,0,3,4,0,9,203,5,5,0,
R01546,0,3,4,0,9,211,5,5,0,
R01547,0,3,4,0,9,210,5,5,0,
R01548,0,3,4,0,9,218,5,5,0,
R01549,0,3,4,0,9,210,5,5,0,
R01550,0,3,4,0,9,218,5,5,0,
R01551,0,3,4,0,9,217,5,5,0,
R01552,0,3,4,0,9,225,5,5,0,
R01553,0,3,4,0,9,209,5,5,0,
R01554,0,3,4,0,9,217,5,5,0,
R01555,0,3,4,0,9,216,5,5,0,
R01556,0,3,4,0,9,224,5,5,0,
R01557,0,3,4,0,9,216,5,5,0,
R01558,0,3,4,0,9,224,5,5,0,
R01559,0,3,4,0,9,223,5,5,0,
R01560,0,3,4,0,9,231,5,5,0,
R01561,0,3,4,0,9,210,5,5,0,
R01562,0,3,4,0,9,218,5,5,0,
R01563,0,3,4,0,9,217,5,5,0,
R01564,0,3,4,0,9,225,5,5,0,
R01565,0,3,4,0,9,217,5,5,0,
R01566,0,3,4,0,9,225,5,5,0,
R01567,0,3,4,0,9,224,5,5,0,
R01568,0,3,4,0,9,232,5,5,0,
R01569,0,3,4,0,9,216,5,5,0,
R01570,0,3,4,0,9,224,5,5,0,
R01571,0,3,4,0,9,223,5,5,0,
R01572,0,3,4,0,9,231,5,5,0,
R01573,0,3,4,0,9,223,5,5,0,
R01574,0,3,4,0,9,231,5,5,0,
R01575,0,3,4,0,9,230,5,5,0,
R01576,0,3,4,0,9,238,5,5,0,
R01577,0,3,4,0,9,209,5,4,1,10
R01578,0,3,4,0,9,217,5,4,1,10
R01579,0,3,4,0,9,216,5,4,1,10
R01580,0,3,4,0,9,224,5,4,1,10
R01581,0,3,4,0,9,216,5,4,1,10
R01582,0,3,4,0,9,224,5,4,1,10
R01583,0,3,4,0,9,223,5,4,1,10
R01584,0,3,4,0,9,231,5,4,1,10
R01585,0,3,4,0,9,215,5,4,1,10
R01586,0,3,4,0,9,223,5,4,1,10
R01587,0,3,4,0,9,222,5,4,1,10
R01588,0,3,4,0,9,230,5,4,1,10
R01589,0,3,4,0,9,222,5,4,1,10
R01590,0,3,4,0,9,230,5,4,1,10
R01591,0,3,4,0,9,229,5,4,1,10
R01592,0,3,4,0,9,237,5,4,1,10
R01593,0,3,4,0,9,216,5,4,1,10
R01594,0,3,4,0,9,224,5,4,1,10
R01595,0,3,4,0,9,223,5,4,1,10
R01596,0,3,4,0,9,231,5,4,1,10
R01597,0,3,4,0,9,223,5,4,1,10
R01598,0,3,4,0,9,231,5,4,1,10
R01599,0,3,4,0,9,230,5,4,1,10
R01600,0,3,4,0,9,238,5,4,1,10
R01601,0,3,4,0,9,222,5,4,1,10
R01602,0,3,4,0,9,230,5,4,1,10
R01603,0,3,4,0,9,229,5,4,1,10
R01604,0,3,4,0,9,237,5,4,1,10
R01605,0,3,4,0,9,229,5,4,1,10
R01606,0,3,4,0,9,237,5,4,1,10
R01607,0,3,4,0,9,236,5,4,1,10
R01608,0,3,4,0,9,244,5,4,1,10
R01609,0,3,4,0,9,192,3,5,0,
R01610,0,3,4,0,9,200,3,5,0,
R01611,0,3,4,0,9,199,3,5,0,
R01612,0,3,4,0,9,207,3,5,0,
R01613,0,3,4,0,9,199,3,5,0,
R01614,0,3,4,0,9,207,3,5,0,
R01615,0,3,4,0,9,206,3,5,0,
R01616,0,3,4,0,9,214,3,5,0,
R01617,0,3,4,0,9,198,3,4,1,6
R01618,0,3,4,0,9,206,3,4,1,6
R01619,0,3,4,0,9,205,3,4,1,6
R01620,0,3,4,0,9,213,3,4,1,6
R01621,0,3,4,0,9,205,3,4,1,6
R01622,0,3,4,0,9,213,3,4,1,6
R01623,0,3,4,0,9,212,3,4,1,6
R01624,0,3,4,0,9,220,3,4,1,6
R01625,0,3,4,0,9,199,3,5,0,
R01626,0,3,4,0,9,207,3,5,0,
R01627,0,3,4,0,9,206,3,5,0,
R01628,0,3,4,0,9,214,3,5,0,
R01629,0,3,4,0,9,206,3,5,0,
R01630,0,3,4,0,9,214,3,5,0,
R01631,0,3,4,0,9,213,3,5,0,
R01632,0,3,4,0,9,221,3,5,0,
R01633,0,3,4,0,9,205,3,4,1,6
R01634,0,3,4,0,9,213,3,4,1,6
R01635,0,3,4,0,9,212,3,4,1,6
R01636,0,3,4,0,9,220,3,4,1,6
R01637,0,3,4,0,9,212,3,4,1,6
R01638,0,3,4,0,9,220,3,4,1,6
R01639,0,3,4,0,9,219,3,4,1,6
R01640,0,3,4,0,9,227,3,4,1,6
R01641,0,3,4,0,9,198,3,5,0,
R01642,0,3,4,0,9,206,3,5,0,
R01643,0,3,4,0,9,205,3,5,0,
R01644,0,3,4,0,9,213,3,5,0,
R01645,0,3,4,0,9,205,3,5,0,
R01646,0,3,4,0,9,213,3,5,0,
R01647,0,3,4,0,9,212,3,5,0,
R01648,0,3,4,0,9,220,3,5,0,
R01649,0,3,4,0,9,204,3,4,1,6
R01650,0,3,4,0,9,212,3,4,1,6
R01651,0,3,4,0,9,211,3,4,1,6
R01652,0,3,4,0,9,219,3,4,1,6
R01653,0,3,4,0,9,211,3,4,1,6
R01654,0,3,4,0,9,219,3,4,1,6
R01655,0,3,4,0,9,218,3,4,1,6
R01656,0,3,4,0,9,226,3,4,1,6
R01657,0,3,4,0,9,205,3,5,0,
R01658,0,3,4,0,9,213,3,5,0,
R01659,0,3,4,0,9,212,3,5,0,
R01660,0,3,4,0,9,220,3,5,0,
R01661,0,3,4,0,9,212,3,5,0,
R01662,0,3,4,0,9,220,3,5,0,
R01663,0,3,4,0,9,219,3,5,0,
R01664,0,3,4,0,9,227,3,5,0,
R01665,0,3,4,0,9,211,3,4,1,6
R01666,0,3,4,0,9,219,3,4,1,6
R01667,0,3,4,0,9,218,3,4,1,6
R01668,0,3,4,0,9,226,3,4,1,6
R01669,0,3,4,0,9,218,3,4,1,6
R01670,0,3,4,0,9,226,3,4,1,6
R01671,0,3,4,0,9,225,3,4,1,6
R01672,0,3,4,0,9,233,3,4,1,6
R01673,0,3,4,0,9,198,3,5,0,
R01674,0,3,4,0,9,206,3,5,0,
R01675,0,3,4,0,9,205,3,5,0,
R01676,0,3,4,0,9,213,3,5,0,
R01677,0,3,4,0,9,205,3,5,0,
R01678,0,3,4,0,9,213,3,5,0,
R01679,0,3,4,0,9,212,3,5,0,
R01680,0,3,4,0,9,220,3,5,0,
R01681,0,3,4,0,9,204,3,4,1,6
R01682,0,3,4,0,9,212,3,4,1,6
R01683,0,3,4,0,9,211,3,4,1,6
R01684,0,3,4,0,9,219,3,4,1,6
R01685,0,3,4,0,9,211,3,4,1,6
R01686,0,3,4,0,9,219,3,4,1,6
R01687,0,3,4,0,9,218,3,4,1,6
R01688,0,3,4,0,9,226,3,4,1,6
R01689,0,3,4,0,9,205,3,5,0,
R01690,0,3,4,0,9,213,3,5,0,
R01691,0,3,4,0,9,212,3,5,0,
R01692,0,3,4,0,9,220,3,5,0,
R01693,0,3,4,0,9,212,3,5,0,
R01694,0,3,4,0,9,220,3,5,0,
R01695,0,3,4,0,9,219,3,5,0,
R01696,0,3,4,0,9,227,3,5,0,
R01697,0,3,4,0,9,211,3,4,1,6
R01698,0,3,4,0,9,219,3,4,1,6
R01699,0,3,4,0,9,218,3,4,1,6
R01700,0,3,4,0,9,226,3,4,1,6
R01701,0,3,4,0,9,218,3,4,1,6
R01702,0,3,4,0,9,226,3,4,1,6
R01703,0,3,4,0,9,225,3,4,1,6
R01704,0,3,4,0,9,233,3,4,1,6
R01705,0,3,4,0,9,204,3,5,0,
R01706,0,3,4,0,9,212,3,5,0,
R01707,0,3,4,0,9,211,3,5,0,
R01708,0,3,4,0,9,219,3,5,0,
R01709,0,3,4,0,9,211,3,5,0,
R01710,0,3,4,0,9,219,3,5,0,
R01711,0,3,4,0,9,218,3,5,0,
R01712,0,3,4,0,9,226,3,5,0,
R01713,0,3,4,0,9,210,3,4,1,6
R01714,0,3,4,0,9,218,3,4,1,6
R01715,0,3,4,0,9,217,3,4,1,6
R01716,0,3,4,0,9,225,3,4,1,6
R01717,0,3,4,0,9,217,3,4,1,6
R01718,0,3,4,0,9,225,3,4,1,6
R01719,0,3,4,0,9,224,3,4,1,6
R01720,0,3,4,0,9,232,3,4,1,6
R01721,0,3,4,0,9,211,3,5,0,
R01722,0,3,4,0,9,219,3,5,0,
R01723,0,3,4,0,9,218,3,5,0,
R01724,0,3,4,0,9,226,3,5,0,
R01725,0,3,4,0,9,218,3,5,0,
R01726,0,3,4,0,9,226,3,5,0,
R01727,0,3,4,0,9,225,3,5,0,
R01728,0,3,4,0,9,233,3,5,0,
R01729,0,3,4,0,9,217,3,4,1,6
R01730,0,3,4,0,9,225,3,4,1,6
R01731,0,3,4,0,9,224,3,4,1,6
R01732,0,3,4,0,9,232,3,4,1,6
R01733,0,3,4,0,9,224,3,4,1,6
R01734,0,3,4,0,9,232,3,4,1,6
R01735,0,3,4,0,9,231,3,4,1,6
R01736,0,3,4,0,9,239,3,4,1,6
R01737,0,3,4,0,9,197,3,5,0,
R01738,0,3,4,0,9,205,3,5,0,
R01739,0,3,4,0,9,204,3,5,0,
R01740,0,3,4,0,9,212,3,5,0,
R01741,0,3,4,0,9,204,3,5,0,
R01742,0,3,4,0,9,212,3,5,0,
R01743,0,3,4,0,9,211,3,5,0,
R01744,0,3,4,0,9,219,3,5,0,
R01745,0,3,4,0,9,203,3,4,1,6
R01746,0,3,4,0,9,211,3,4,1,6
R01747,0,3,4,0,9,210,3,4,1,6
R01748,0,3,4,0,9,218,3,4,1,6
R01749,0,3,4,0,9,210,3,4,1,6
R01750,0,3,4,0,9,218,3,4,1,6
R01751,0,3,4,0,9,217,3,4,1,6
R01752,0,3,4,0,9,225,3,4,1,6
R01753,0,3,4,0,9,204,3,5,0,
R01754,0,3,4,0,9,212,3,5,0,
R01755,0,3,4,0,9,211,3,5,0,
R01756,0,3,4,0,9,219,3,5,0,
R01757,0,3,4,0,9,211,3,5,0,
R01758,0,3,4,0,9,219,3,5,0,
R01759,0,3,4,0,9,218,3,5,0,
R01760,0,3,4,0,9,226,3,5,0,
R01761,0,3,4,0,9,210,3,4,1,6
R01762,0,3,4,0,9,218,3,4,1,6
R01763,0,3,4,0,9,217,3,4,1,6
R01764,0,3,4,0,9,225,3,4,1,6
R01765,0,3,4,0,9,217,3,4,1,6
R01766,0,3,4,0,9,225,3,4,1,6
R01767,0,3,4,0,9,224,3,4,1,6
R01768,0,3,4,0,9,232,3,4,1,6
R01769,0,3,4,0,9,203,3,5,0,
R01770,0,3,4,0,9,211,3,5,0,
R01771,0,3,4,0,9,210,3,5,0,
R01772,0,3,4,0,9,218,3,5,0,
R01773,0,3,4,0,9,210,3,5,0,
R01774,0,3,4,0,9,218,3,5,0,
R01775,0,3,4,0,9,217,3,5,0,
R01776,0,3,4,0,9,225,3,5,0,
R01777,0,3,4,0,9,209,3,4,1,6
R01778,0,3,4,0,9,217,3,4,1,6
R01779,0,3,4,0,9,216,3,4,1,6
R01780,0,3,4,0,9,224,3,4,1,6
R01781,0,3,4,0,9,216,3,4,1,6
R01782,0,3,4,0,9,224,3,4,1,6
R01783,0,3,4,0,9,223,3,4,1,6
R01784,0,3,4,0,9,231,3,4,1,6
R01785,0,3,4,0,9,210,3,5,0,
R01786,0,3,4,0,9,218,3,5,0,
R01787,0,3,4,0,9,217,3,5,0,
R01788,0,3,4,0,9,225,3,5,0,
R01789,0,3,4,0,9,217,3,5,0,
R01790,0,3,4,0,9,225,3,5,0,
R01791,0,3,4,0,9,224,3,5,0,
R01792,0,3,4,0,9,232,3,5,0,
R01793,0,3,4,0,9,216,3,4,1,6
R01794,0,3,4,0,9,224,3,4,1,6
R01795,0,3,4,0,9,223,3,4,1,6
R01796,0,3,4,0,9,231,3,4,1,6
R01797,0,3,4,0,9,223,3,4,1,6
R01798,0,3,4,0,9,231,3,4,1,6
R01799,0,3,4,0,9,230,3,4,1,6
R01800,0,3,4,0,9,238,3,4,1,6
R01801,0,3,4,0,9,203,3,5,0,
R01802,0,3,4,0,9,211,3,5,0,
R01803,0,3,4,0,9,210,3,5,0,
R01804,0,3,4,0,9,218,3,5,0,
R01805,0,3,4,0,9,210,3,5,0,
R01806,0,3,4,0,9,218,3,5,0,
R01807,0,3,4,0,9,217,3,5,0,
R01808,0,3,4,0,9,225,3,5,0,
R01809,0,3,4,0,9,209,3,4,1,6
R01810,0,3,4,0,9,217,3,4,1,6
R01811,0,3,4,0,9,216,3,4,1,6
R01812,0,3,4,0,9,224,3,4,1,6
R01813,0,3,4,0,9,216,3,4,1,6
R01814,0,3,4,0,9,224,3,4,1,6
R01815,0,3,4,0,9,223,3,4,1,6
R01816,0,3,4,0,9,231,3,4,1,6
R01817,0,3,4,0,9,210,3,5,0,
R01818,0,3,4,0,9,218,3,5,0,
R01819,0,3,4,0,9,217,3,5,0,
R01820,0,3,4,0,9,225,3,5,0,
R01821,0,3,4,0,9,217,3,5,0,
R01822,0,3,4,0,9,225,3,5,0,
R01823,0,3,4,0,9,224,3,5,0,
R01824,0,3,4,0,9,232,3,5,0,
R01825,0,3,4,0,9,216,3,4,1,6
R01826,0,3,4,0,9,224,3,4,1,6
R01827,0,3,4,0,9,223,3,4,1,6
R01828,0,3,4,0,9,231,3,4,1,6
R01829,0,3,4,0,9,223,3,4,1,6
R01830,0,3,4,0,9,231,3,4,1,6
R01831,0,3,4,0,9,230,3,4,1,6
R01832,0,3,4,0,9,238,3,4,1,6
R01833,0,3,4,0,9,209,3,5,0,
R01834,0,3,4,0,9,217,3,5,0,
R01835,0,3,4,0,9,216,3,5,0,
R01836,0,3,4,0,9,224,3,5,0,
R01837,0,3,4,0,9,216,3,5,0,
R01838,0,3,4,0,9,224,3,5,0,
R01839,0,3,4,0,9,223,3,5,0,
R01840,0,3,4,0,9,231,3,5,0,
R01841,0,3,4,0,9,215,3,4,1,6
R01842,0,3,4,0,9,223,3,4,1,6
R01843,0,3,4,0,9,222,3,4,1,6
R01844,0,3,4,0,9,230,3,4,1,6
R01845,0,3,4,0,9,222,3,4,1,6
R01846,0,3,4,0,9,230,3,4,1,6
R01847,0,3,4,0,9,229,3,4,1,6
R01848,0,3,4,0,9,237,3,4,1,6
R01849,0,3,4,0,9,216,3,5,0,
R01850,0,3,4,0,9,224,3,5,0,
R01851,0,3,4,0,9,223,3,5,0,
R01852,0,3,4,0,9,231,3,5,0,
R01853,0,3,4,0,9,223,3,5,0,
R01854,0,3,4,0,9,231,3,5,0,
R01855,0,3,4,0,9,230,3,5,0,
R01856,0,3,4,0,9,238,3,5,0,
R01857,0,3,4,0,9,222,3,4,1,6
R01858,0,3,4,0,9,230,3,4,1,6
R01859,0,3,4,0,9,229,3,4,1,6
R01860,0,3,4,0,9,237,3,4,1,6
R01861,0,3,4,0,9,229,3,4,1,6
R01862,0,3,4,0,9,237,3,4,1,6
R01863,0,3,4,0,9,236,3,4,1,6
R01864,0,3,4,0,9,244,3,4,1,6
R01865,0,3,4,0,9,192,7,7,0,
R01866,0,3,4,0,9,200,7,7,0,
R01867,0,3,4,0,9,199,7,7,0,
R01868,0,3,4,0,9,207,7,7,0,
R01869,0,3,4,0,9,199,7,7,0,
R01870,0,3,4,0,9,207,7,7,0,
R01871,0,3,4,0,9,206,7,7,0,
R01872,0,3,4,0,9,214,7,7,0,
R01873,0,3,4,0,9,198,7,7,0,
R01874,0,3,4,0,9,206,7,7,0,
R01875,0,3,4,0,9,205,7,7,0,
R01876,0,3,4,0,9,213,7,7,0,
R01877,0,3,4,0,9,205,7,7,0,
R01878,0,3,4,0,9,213,7,7,0,
R01879,0,3,4,0,9,212,7,7,0,
R01880,0,3,4,0,9,220,7,7,0,
R01881,0,3,4,0,9,199,7,7,0,
R01882,0,3,4,0,9,207,7,7,0,
R01883,0,3,4,0,9,206,7,7,0,
R01884,0,3,4,0,9,214,7,7,0,
R01885,0,3,4,0,9,206,7,7,0,
R01886,0,3,4,0,9,214,7,7,0,
R01887,0,3,4,0,9,213,7,7,0,
R01888,0,3,4,0,9,221,7,7,0,
R01889,0,3,4,0,9,205,7,7,0,
R01890,0,3,4,0,9,213,7,7,0,
R01891,0,3,4,0,9,212,7,7,0,
R01892,0,3,4,0,9,220,7,7,0,
R01893,0,3,4,0,9,212,7,7,0,
R01894,0,3,4,0,9,220,7,7,0,
R01895,0,3,4,0,9,219,7,7,0,
R01896,0,3,4,0,9,227,7,7,0,
R01897,0,3,4,0,9,198,7,7,0,
R01898,0,3,4,0,9,206,7,7,0,
R01899,0,3,4,0,9,205,7,7,0,
R01900,0,3,4,0,9,213,7,7,0,
R01901,0,3,4,0,9,205,7,7,0,
R01902,0,3,4,0,9,213,7,7,0,
R01903,0,3,4,0,9,212,7,7,0,
R01904,0,3,4,0,9,220,7,7,0,
R01905,0,3,4,0,9,204,7,7,0,
R01906,0,3,4,0,9,212,7,7,0,
R01907,0,3,4,0,9,211,7,7,0,
R01908,0,3,4,0,9,219,7,7,0,
R01909,0,3,4,0,9,211,7,7,0,
R01910,0,3,4,0,9,219,7,7,0,
R01911,0,3,4,0,9,218,7,7,0,
R01912,0,3,4,0,9,226,7,7,0,
R01913,0,3,4,0,9,205,7,7,0,
R01914,0,3,4,0,9,213,7,7,0,
R01915,0,3,4,0,9,212,7,7,0,
R01916,0,3,4,0,9,220,7,7,0,
R01917,0,3,4,0,9,212,7,7,0,
R01918,0,3,4,0,9,220,7,7,0,
R01919,0,3,4,0,9,219,7,7,0,
R01920,0,3,4,0,9,227,7,7,0,
R01921,0,3,4,0,9,211,7,7,0,
R01922,0,3,4,0,9,219,7,7,0,
R01923,0,3,4,0,9,218,7,7,0,
R01924,0,3,4,0,9,226,7,7,0,
R01925,0,3,4,0,9,218,7,7,0,
R01926,0,3,4,0,9,226,7,7,0,
R01927,0,3,4,0,9,225,7,7,0,
R01928,0,3,4,0,9,233,7,7,0,
R01929,0,3,4,0,9,198,7,7,0,
R01930,0,3,4,0,9,206,7,7,0,
R01931,0,3,4,0,9,205,7,7,0,
R01932,0,3,4,0,9,213,7,7,0,
R01933,0,3,4,0,9,205,7,7,0,
R01934,0,3,4,0,9,213,7,7,0,
R01935,0,3,4,0,9,212,7,7,0,
R01936,0,3,4,0,9,220,7,7,0,
R01937,0,3,4,0,9,204,7,7,0,
R01938,0,3,4,0,9,212,7,7,0,
R01939,0,3,4,0,9,211,7,7,0,
R01940,0,3,4,0,9,219,7,7,0,
R01941,0,3,4,0,9,211,7,7,0,
R01942,0,3,4,0,9,219,7,7,0,
R01943,0,3,4,0,9,218,7,7,0,
R01944,0,3,4,0,9,226,7,7,0,
R01945,0,3,4,0,9,205,7,7,0,
R01946,0,3,4,0,9,213,7,7,0,
R01947,0,3,4,0,9,212,7,7,0,
R01948,0,3,4,0,9,220,7,7,0,
R01949,0,3,4,0,9,212,7,7,0,
R01950,0,3,4,0,9,220,7,7,0,
R01951,0,3,4,0,9,219,7,7,0,
R01952,0,3,4,0,9,227,7,7,0,
R01953,0,3,4,0,9,211,7,7,0,
R01954,0,3,4,0,9,219,7,7,0,
R01955,0,3,4,0,9,218,7,7,0,
R01956,0,3,4,0,9,226,7,7,0,
R01957,0,3,4,0,9,218,7,7,0,
R01958,0,3,4,0,9,226,7,7,0,
R01959,0,3,4,0,9,225,7,7,0,
R01960,0,3,4,0,9,233,7,7,0,
R01961,0,3,4,0,9,204,7,7,0,
R01962,0,3,4,0,9,212,7,7,0,
R01963,0,3,4,0,9,211,7,7,0,
R01964,0,3,4,0,9,219,7,7,0,
R01965,0,3,4,0,9,211,7,7,0,
R01966,0,3,4,0,9,219,7,7,0,
R01967,0,3,4,0,9,218,7,7,0,
R01968,0,3,4,0,9,226,7,7,0,
R01969,0,3,4,0,9,210,7,7,0,
R01970,0,3,4,0,9,218,7,7,0,
R01971,0,3,4,0,9,217,7,7,0,
R01972,0,3,4,0,9,225,7,7,0,
R01973,0,3,4,0,9,217,7,7,0,
R01974,0,3,4,0,9,225,7,7,0,
R01975,0,3,4,0,9,224,7,7,0,
R01976,0,3,4,0,9,232,7,7,0,
R01977,0,3,4,0,9,211,7,7,0,
R01978,0,3,4,0,9,219,7,7,0,
R01979,0,3,4,0,9,218,7,7,0,
R01980,0,3,4,0,9,226,7,7,0,
R01981,0,3,4,0,9,218,7,7,0,
R01982,0,3,4,0,9,226,7,7,0,
R01983,0,3,4,0,9,225,7,7,0,
R01984,0,3,4,0,9,233,7,7,0,
R01985,0,3,4,0,9,217,7,7,0,
R01986,0,3,4,0,9,225,7,7,0,
R01987,0,3,4,0,9,224,7,7,0,
R01988,0,3,4,0,9,232,7,7,0,
R01989,0,3,4,0,9,224,7,7,0,
R01990,0,3,4,0,9,232,7,7,0,
R01991,0,3,4,0,9,231,7,7,0,
R01992,0,3,4,0,9,239,7,7,0,
R01993,0,3,4,0,9,197,7,6,1,14
R01994,0,3,4,0,9,205,7,6,1,14
R01995,0,3,4,0,9,204,7,6,1,14
R01996,0,3,4,0,9,212,7,6,1,14
R01997,0,3,4,0,9,204,7,6,1,14
R01998,0,3,4,0,9,212,7,6,1,14
R01999,0,3,4,0,9,211,7,6,1,14
R02000,0,3,4,0,9,219,7,6,1,14
R02001,0,3,4,0,9,203,7,6,1,14
R02002,0,3,4,0,9,211,7,6,1,14
R02003,0,3,4,0,9,210,7,6,1,14
R02004,0,3,4,0,9,218,7,6,1,14
R02005,0,3,4,0,9,210,7,6,1,14
R02006,0,3,4,0,9,218,7,6,1,14
R02007,0,3,4,0,9,217,7,6,1,14
R02008,0,3,4,0,9,225,7,6,1,14
R02009,0,3,4,0,9,204,7,6,1,14
R02010,0,3,4,0,9,212,7,6,1,14
R02011,0,3,4,0,9,211,7,6,1,14
R02012,0,3,4,0,9,219,7,6,1,14
R02013,0,3,4,0,9,211,7,6,1,14
R02014,0,3,4,0,9,219,7,6,1,14
R02015,0,3,4,0,9,218,7,6,1,14
R02016,0,3,4,0,9,226,7,6,1,14
R02017,0,3,4,0,9,210,7,6,1,14
R02018,0,3,4,0,9,218,7,6,1,14
R02019,0,3,4,0,9,217,7,6,1,14
R02020,0,3,4,0,9,225,7,6,1,14
R02021,0,3,4,0,9,217,7,6,1,14
R02022,0,3,4,0,9,225,7,6,1,14
R02023,0,3,4,0,9,224,7,6,1,14
R02024,0,3,4,0,9,232,7,6,1,14
R02025,0,3,4,0,9,203,7,6,1,14
R02026,0,3,4,0,9,211,7,6,1,14
R02027,0,3,4,0,9,210,7,6,1,14
R02028,0,3,4,0,9,218,7,6,1,14
R02029,0,3,4,0,9,210,7,6,1,14
R02030,0,3,4,0,9,218,7,6,1,14
R02031,0,3,4,0,9,217,7,6,1,14
R02032,0,3,4,0,9,225,7,6,1,14
R02033,0,3,4,0,9,209,7,6,1,14
R02034,0,3,4,0,9,217,7,6,1,14
R02035,0,3,4,0,9,216,7,6,1,14
R02036,0,3,4,0,9,224,7,6,1,14
R02037,0,3,4,0,9,216,7,6,1,14
R02038,0,3,4,0,9,224,7,6,1,14
R02039,0,3,4,0,9,223,7,6,1,14
R02040,0,3,4,0,9,231,7,6,1,14
R02041,0,3,4,0,9,210,7,6,1,14
R02042,0,3,4,0,9,218,7,6,1,14
R02043,0,3,4,0,9,217,7,6,1,14
R02044,0,3,4,0,9,225,7,6,1,14
R02045,0,3,4,0,9,217,7,6,1,14
R02046,0,3,4,0,9,225,7,6,1,14
R02047,0,3,4,0,9,224,7,6,1,14
R02048,0,3,4,0,9,232,7,6,1,14
R02049,0,3,4,0,9,216,7,6,1,14
R02050,0,3,4,0,9,224,7,6,1,14
R02051,0,3,4,0,9,223,7,6,1,14
R02052,0,3,4,0,9,231,7,6,1,14
R02053,0,3,4,0,9,223,7,6,1,14
R02054,0,3,4,0,9,231,7,6,1,14
R02055,0,3,4,0,9,230,7,6,1,14
R02056,0,3,4,0,9,238,7,6,1,14
R02057,0,3,4,0,9,203,7,6,1,14
R02058,0,3,4,0,9,211,7,6,1,14
R02059,0,3,4,0,9,210,7,6,1,14
R02060,0,3,4,0,9,218,7,6,1,14
R02061,0,3,4,0,9,210,7,6,1,14
R02062,0,3,4,0,9,218,7,6,1,14
R02063,0,3,4,0,9,217,7,6,1,14
R02064,0,3,4,0,9,225,7,6,1,14
R02065,0,3,4,0,9,209,7,6,1,14
R02066,0,3,4,0,9,217,7,6,1,14
R02067,0,3,4,0,9,216,7,6,1,14
R02068,0,3,4,0,9,224,7,6,1,14
R02069,0,3,4,0,9,216,7,6,1,14
R02070,0,3,4,0,9,224,7,6,1,14
R02071,0,3,4,0,9,223,7,6,1,14
R02072,0,3,4,0,9,231,7,6,1,14
R02073,0,3,4,0,9,210,7,6,1,14
R02074,0,3,4,0,9,218,7,6,1,14
R02075,0,3,4,0,9,217,7,6,1,14
R02076,0,3,4,0,9,225,7,6,1,14
R02077,0,3,4,0,9,217,7,6,1,14
R02078,0,3,4,0,9,225,7,6,1,14
R02079,0,3,4,0,9,224,7,6,1,14
R02080,0,3,4,0,9,232,7,6,1,14
R02081,0,3,4,0,9,216,7,6,1,14
R02082,0,3,4,0,9,224,7,6,1,14
R02083,0,3,4,0,9,223,7,6,1,14
R02084,0,3,4,0,9,231,7,6,1,14
R02085,0,3,4,0,9,223,7,6,1,14
R02086,0,3,4,0,9,231,7,6,1,14
R02087,0,3,4,0,9,230,7,6,1,14
R02088,0,3,4,0,9,238,7,6,1,14
R02089,0,3,4,0,9,209,7,6,1,14
R02090,0,3,4,0,9,217,7,6,1,14
R02091,0,3,4,0,9,216,7,6,1,14
R02092,0,3,4,0,9,224,7,6,1,14
R02093,0,3,4,0,9,216,7,6,1,14
R02094,0,3,4,0,9,224,7,6,1,14
R02095,0,3,4,0,9,223,7,6,1,14
R02096,0,3,4,0,9,231,7,6,1,14
R02097,0,3,4,0,9,215,7,6,1,14
R02098,0,3,4,0,9,223,7,6,1,14
R02099,0,3,4,0,9,222,7,6,1,14
R02100,0,3,4,0,9,230,7,6,1,14
R02101,0,3,4,0,9,222,7,6,1,14
R02102,0,3,4,0,9,230,7,6,1,14
R02103,0,3,4,0,9,229,7,6,1,14
R02104,0,3,4,0,9,237,7,6,1,14
R02105,0,3,4,0,9,216,7,6,1,14
R02106,0,3,4,0,9,224,7,6,1,14
R02107,0,3,4,0,9,223,7,6,1,14
R02108,0,3,4,0,9,231,7,6,1,14
R02109,0,3,4,0,9,223,7,6,1,14
R02110,0,3,4,0,9,231,7,6,1,14
R02111,0,3,4,0,9,230,7,6,1,14
R02112,0,3,4,0,9,238,7,6,1,14
R02113,0,3,4,0,9,222,7,6,1,14
R02114,0,3,4,0,9,230,7,6,1,14
R02115,0,3,4,0,9,229,7,6,1,14
R02116,0,3,4,0,9,237,7,6,1,14
R02117,0,3,4,0,9,229,7,6,1,14
R02118,0,3,4,0,9,237,7,6,1,14
R02119,0,3,4,0,9,236,7,6,1,14
R02120,0,3,4,0,9,244,7,6,1,14
R02121,1,1,3,1,5,43,0,1,0,
R02122,1,1,3,1,5,47,0,0,1,0
R02123,1,1,3,1,5,46,0,1,0,
R02124,1,1,3,1,5,50,0,0,1,0
R02125,1,1,3,1,5,49,0,1,0,
R02126,1,1,3,1,5,53,0,0,1,0
R02127,1,1,3,1,5,52,0,1,0,
R02128,1,1,3,1,5,56,0,0,1,0
R02129,1,1,3,1,5,48,0,1,0,
R02130,1,1,3,1,5,52,0,0,1,0
R02131,1,1,3,1,5,51,0,1,0,
R02132,1,1,3,1,5,55,0,0,1,0
R02133,1,1,3,1,5,54,0,1,0,
R02134,1,1,3,1,5,58,0,0,1,0
R02135,1,1,3,1,5,57,0,1,0,
R02136,1,1,3,1,5,61,0,0,1,0
R02137,1,1,3,1,5,48,0,1,0,
R02138,1,1,3,1,5,52,0,0,1,0
R02139,1,1,3,1,5,51,0,1,0,
R02140,1,1,3,1,5,55,0,0,1,0
R02141,1,1,3,1,5,54,1,3,0,
R02142,1,1,3,1,5,58,1,3,0,
R02143,1,1,3,1,5,57,1,2,1,2
R02144,1,1,3,1,5,61,1,2,1,2
R02145,1,1,3,1,5,53,0,1,0,
R02146,1,1,3,1,5,57,0,0,1,0
R02147,1,1,3,1,5,56,0,1,0,
R02148,1,1,3,1,5,60,0,0,1,0
R02149,1,1,3,1,5,59,1,3,0,
R02150,1,1,3,1,5,63,1,3,0,
R02151,1,1,3,1,5,62,1,2,1,2
R02152,1,1,3,1,5,66,1,2,1,2
R02153,1,1,3,1,5,47,0,1,0,
R02154,1,1,3,1,5,51,0,0,1,0
R02155,1,1,3,1,5,50,0,1,0,
R02156,1,1,3,1,5,54,0,0,1,0
R02157,1,1,3,1,5,53,0,1,0,
R02158,1,1,3,1,5,57,0,0,1,0
R02159,1,1,3,1,5,56,0,1,0,
R02160,1,1,3,1,5,60,0,0,1,0
R02161,1,1,3,1,5,52,1,3,0,
R02162,1,1,3,1,5,56,1,3,0,
R02163,1,1,3,1,5,55,1,2,1,6
R02164,1,1,3,1,5,59,1,2,1,6
R02165,1,1,3,1,5,58,1,3,0,
R02166,1,1,3,1,5,62,1,3,0,
R02167,1,1,3,1,5,61,1,2,1,6
R02168,1,1,3,1,5,65,1,2,1,6
R02169,1,1,3,1,5,52,0,1,0,
R02170,1,1,3,1,5,56,0,0,1,0
R02171,1,1,3,1,5,55,0,1,0,
R02172,1,1,3,1,5,59,0,0,1,0
R02173,1,1,3,1,5,58,1,3,0,
R02174,1,1,3,1,5,62,1,3,0,
R02175,1,1,3,1,5,61,1,2,1,2
R02176,1,1,3,1,5,65,1,2,1,2
R02177,1,1,3,1,5,57,1,3,0,
R02178,1,1,3,1,5,61,1,3,0,
R02179,1,1,3,1,5,60,1,2,1,6
R02180,1,1,3,1,5,64,1,2,1,6
R02181,1,1,3,1,5,63,1,3,0,
R02182,1,1,3,1,5,67,1,3,0,
R02183,1,1,3,1,5,66,1,2,1,2
R02184,1,1,3,1,5,70,1,2,1,2
R02185,1,2,5,2,7,98,0,1,0,
R02186,1,2,5,2,7,104,0,0,1,0
R02187,1,2,5,2,7,103,0,1,0,
R02188,1,2,5,2,7,109,0,0,1,0
R02189,1,2,5,2,7,103,0,1,0,
R02190,1,2,5,2,7,109,0,0,1,0
R02191,1,2,5,2,7,108,0,1,0,
R02192,1,2,5,2,7,114,0,0,1,0
R02193,1,2,5,2,7,102,0,1,0,
R02194,1,2,5,2,7,108,0,0,1,0
R02195,1,2,5,2,7,107,0,1,0,
R02196,1,2,5,2,7,113,0,0,1,0
R02197,1,2,5,2,7,107,0,1,0,
R02198,1,2,5,2,7,113,0,0,1,0
R02199,1,2,5,2,7,112,0,1,0,
R02200,1,2,5,2,7,118,0,0,1,0
R02201,1,2,5,2,7,104,0,1,0,
R02202,1,2,5,2,7,110,0,0,1,0
R02203,1,2,5,2,7,109,0,1,0,
R02204,1,2,5,2,7,115,0,0,1,0
R02205,1,2,5,2,7,109,0,1,0,
R02206,1,2,5,2,7,115,0,0,1,0
R02207,1,2,5,2,7,114,0,1,0,
R02208,1,2,5,2,7,120,0,0,1,0
R02209,1,2,5,2,7,108,0,1,0,
R02210,1,2,5,2,7,114,0,0,1,0
R02211,1,2,5,2,7,113,0,1,0,
R02212,1,2,5,2,7,119,0,0,1,0
R02213,1,2,5,2,7,113,0,1,0,
R02214,1,2,5,2,7,119,0,0,1,0
R02215,1,2,5,2,7,118,0,1,0,
R02216,1,2,5,2,7,124,0,0,1,0
R02217,1,2,5,2,7,103,0,1,0,
R02218,1,2,5,2,7,109,0,0,1,0
R02219,1,2,5,2,7,108,0,1,0,
R02220,1,2,5,2,7,114,0,0,1,0
R02221,1,2,5,2,7,108,0,1,0,
R02222,1,2,5,2,7,114,0,0,1,0
R02223,1,2,5,2,7,113,0,1,0,
R02224,1,2,5,2,7,119,0,0,1,0
R02225,1,2,5,2,7,107,0,1,0,
R02226,1,2,5,2,7,113,0,0,1,0
R02227,1,2,5,2,7,112,0,1,0,
R02228,1,2,5,2,7,118,0,0,1,0
R02229,1,2,5,2,7,112,0,1,0,
R02230,1,2,5,2,7,118,0,0,1,0
R02231,1,2,5,2,7,117,0,1,0,
R02232,1,2,5,2,7,123,0,0,1,0
R02233,1,2,5,2,7,109,0,1,0,
R02234,1,2,5,2,7,115,0,0,1,0
R02235,1,2,5,2,7,114,0,1,0,
R02236,1,2,5,2,7,120,0,0,1,0
R02237,1,2,5,2,7,114,0,1,0,
R02238,1,2,5,2,7,120,0,0,1,0
R02239,1,2,5,2,7,119,0,1,0,
R02240,1,2,5,2,7,125,0,0,1,0
R02241,1,2,5,2,7,113,0,1,0,
R02242,1,2,5,2,7,119,0,0,1,0
R02243,1,2,5,2,7,118,0,1,0,
R02244,1,2,5,2,7,124,0,0,1,0
R02245,1,2,5,2,7,118,0,1,0,
R02246,1,2,5,2,7,124,0,0,1,0
R02247,1,2,5,2,7,123,0,1,0,
R02248,1,2,5,2,7,129,0,0,1,0
R02249,1,2,5,2,7,103,0,1,0,
R02250,1,2,5,2,7,109,0,0,1,0
R02251,1,2,5,2,7,108,0,1,0,
R02252,1,2,5,2,7,114,0,0,1,0
R02253,1,2,5,2,7,108,0,1,0,
R02254,1,2,5,2,7,114,0,0,1,0
R02255,1,2,5,2,7,113,0,1,0,
R02256,1,2,5,2,7,119,0,0,1,0
R02257,1,2,5,2,7,107,0,1,0,
R02258,1,2,5,2,7,113,0,0,1,0
R02259,1,2,5,2,7,112,0,1,0,
R02260,1,2,5,2,7,118,0,0,1,0
R02261,1,2,5,2,7,112,0,1,0,
R02262,1,2,5,2,7,118,0,0,1,0
R02263,1,2,5,2,7,117,0,1,0,
R02264,1,2,5,2,7,123,0,0,1,0
R02265,1,2,5,2,7,109,2,3,0,
R02266,1,2,5,2,7,115,2,3,0,
R02267,1,2,5,2,7,114,2,3,0,
R02268,1,2,5,2,7,120,2,3,0,
R02269,1,2,5,2,7,114,2,2,1,4
R02270,1,2,5,2,7,120,2,2,1,4
R02271,1,2,5,2,7,119,2,2,1,4
R02272,1,2,5,2,7,125,2,2,1,4
R02273,1,2,5,2,7,113,2,3,0,
R02274,1,2,5,2,7,119,2,3,0,
R02275,1,2,5,2,7,118,2,3,0,
R02276,1,2,5,2,7,124,2,3,0,
R02277,1,2,5,2,7,118,2,2,1,4
R02278,1,2,5,2,7,124,2,2,1,4
R02279,1,2,5,2,7,123,2,2,1,4
R02280,1,2,5,2,7,129,2,2,1,4
R02281,1,2,5,2,7,108,0,1,0,
R02282,1,2,5,2,7,114,0,0,1,0
R02283,1,2,5,2,7,113,0,1,0,
R02284,1,2,5,2,7,119,0,0,1,0
R02285,1,2,5,2,7,113,0,1,0,
R02286,1,2,5,2,7,119,0,0,1,0
R02287,1,2,5,2,7,118,0,1,0,
R02288,1,2,5,2,7,124,0,0,1,0
R02289,1,2,5,2,7,112,0,1,0,
R02290,1,2,5,2,7,118,0,0,1,0
R02291,1,2,5,2,7,117,0,1,0,
R02292,1,2,5,2,7,123,0,0,1,0
R02293,1,2,5,2,7,117,0,1,0,
R02294,1,2,5,2,7,123,0,0,1,0
R02295,1,2,5,2,7,122,0,1,0,
R02296,1,2,5,2,7,128,0,0,1,0
R02297,1,2,5,2,7,114,2,3,0,
R02298,1,2,5,2,7,120,2,3,0,
R02299,1,2,5,2,7,119,2,3,0,
R02300,1,2,5,2,7,125,2,3,0,
R02301,1,2,5,2,7,119,2,2,1,4
R02302,1,2,5,2,7,125,2,2,1,4
R02303,1,2,5,2,7,124,2,2,1,4
R02304,1,2,5,2,7,130,2,2,1,4
R02305,1,2,5,2,7,118,2,3,0,
R02306,1,2,5,2,7,124,2,3,0,
R02307,1,2,5,2,7,123,2,3,0,
R02308,1,2,5,2,7,129,2,3,0,
R02309,1,2,5,2,7,123,2,2,1,4
R02310,1,2,5,2,7,129,2,2,1,4
R02311,1,2,5,2,7,128,2,2,1,4
R02312,1,2,5,2,7,134,2,2,1,4
R02313,1,2,5,2,7,102,0,1,0,
R02314,1,2,5,2,7,108,0,0,1,0
R02315,1,2,5,2,7,107,0,1,0,
R02316,1,2,5,2,7,113,0,0,1,0
R02317,1,2,5,2,7,107,0,1,0,
R02318,1,2,5,2,7,113,0,0,1,0
R02319,1,2,5,2,7,112,0,1,0,
R02320,1,2,5,2,7,118,0,0,1,0
R02321,1,2,5,2,7,106,0,1,0,
R02322,1,2,5,2,7,112,0,0,1,0
R02323,1,2,5,2,7,111,0,1,0,
R02324,1,2,5,2,7,117,0,0,1,0
R02325,1,2,5,2,7,111,0,1,0,
R02326,1,2,5,2,7,117,0,0,1,0
R02327,1,2,5,2,7,116,0,1,0,
R02328,1,2,5,2,7,122,0,0,1,0
R02329,1,2,5,2,7,108,0,1,0,
R02330,1,2,5,2,7,114,0,0,1,0
R02331,1,2,5,2,7,113,0,1,0,
R02332,1,2,5,2,7,119,0,0,1,0
R02333,1,2,5,2,7,113,0,1,0,
R02334,1,2,5,2,7,119,0,0,1,0
R02335,1,2,5,2,7,118,0,1,0,
R02336,1,2,5,2,7,124,0,0,1,0
R02337,1,2,5,2,7,112,0,1,0,
R02338,1,2,5,2,7,118,0,0,1,0
R02339,1,2,5,2,7,117,0,1,0,
R02340,1,2,5,2,7,123,0,0,1,0
R02341,1,2,5,2,7,117,0,1,0,
R02342,1,2,5,2,7,123,0,0,1,0
R02343,1,2,5,2,7,122,0,1,0,
R02344,1,2,5,2,7,128,0,0,1,0
R02345,1,2,5,2,7,107,2,3,0,
R02346,1,2,5,2,7,113,2,3,0,
R02347,1,2,5,2,7,112,2,3,0,
R02348,1,2,5,2,7,118,2,3,0,
R02349,1,2,5,2,7,112,2,2,1,20
R02350,1,2,5,2,7,118,2,2,1,20
R02351,1,2,5,2,7,117,2,2,1,20
R02352,1,2,5,2,7,123,2,2,1,20
R02353,1,2,5,2,7,111,2,3,0,
R02354,1,2,5,2,7,117,2,3,0,
R02355,1,2,5,2,7,116,2,3,0,
R02356,1,2,5,2,7,122,2,3,0,
R02357,1,2,5,2,7,116,2,2,1,20
R02358,1,2,5,2,7,122,2,2,1,20
R02359,1,2,5,2,7,121,2,2,1,20
R02360,1,2,5,2,7,127,2,2,1,20
R02361,1,2,5,2,7,113,2,3,0,
R02362,1,2,5,2,7,119,2,3,0,
R02363,1,2,5,2,7,118,2,3,0,
R02364,1,2,5,2,7,124,2,3,0,
R02365,1,2,5,2,7,118,2,2,1,20
R02366,1,2,5,2,7,124,2,2,1,20
R02367,1,2,5,2,7,123,2,2,1,20
R02368,1,2,5,2,7,129,2,2,1,20
R02369,1,2,5,2,7,117,2,3,0,
R02370,1,2,5,2,7,123,2,3,0,
R02371,1,2,5,2,7,122,2,3,0,
R02372,1,2,5,2,7,128,2,3,0,
R02373,1,2,5,2,7,122,2,2,1,20
R02374,1,2,5,2,7,128,2,2,1,20
R02375,1,2,5,2,7,127,2,2,1,20
R02376,1,2,5,2,7,133,2,2,1,20
R02377,1,2,5,2,7,107,0,1,0,
R02378,1,2,5,2,7,113,0,0,1,0
R02379,1,2,5,2,7,112,0,1,0,
R02380,1,2,5,2,7,118,0,0,1,0
R02381,1,2,5,2,7,112,0,1,0,
R02382,1,2,5,2,7,118,0,0,1,0
R02383,1,2,5,2,7,117,0,1,0,
R02384,1,2,5,2,7,123,0,0,1,0
R02385,1,2,5,2,7,111,0,1,0,
R02386,1,2,5,2,7,117,0,0,1,0
R02387,1,2,5,2,7,116,0,1,0,
R02388,1,2,5,2,7,122,0,0,1,0
R02389,1,2,5,2,7,116,0,1,0,
R02390,1,2,5,2,7,122,0,0,1,0
R02391,1,2,5,2,7,121,0,1,0,
R02392,1,2,5,2,7,127,0,0,1,0
R02393,1,2,5,2,7,113,2,3,0,
R02394,1,2,5,2,7,119,2,3,0,
R02395,1,2,5,2,7,118,2,3,0,
R02396,1,2,5,2,7,124,2,3,0,
R02397,1,2,5,2,7,118,2,2,1,4
R02398,1,2,5,2,7,124,2,2,1,4
R02399,1,2,5,2,7,123,2,2,1,4
R02400,1,2,5,2,7,129,2,2,1,4
R02401,1,2,5,2,7,117,2,3,0,
R02402,1,2,5,2,7,123,2,3,0,
R02403,1,2,5,2,7,122,2,3,0,
R02404,1,2,5,2,7,128,2,3,0,
R02405,1,2,5,2,7,122,2,2,1,4
R02406,1,2,5,2,7,128,2,2,1,4
R02407,1,2,5,2,7,127,2,2,1,4
R02408,1,2,5,2,7,133,2,2,1,4
R02409,1,2,5,2,7,112,2,3,0,
R02410,1,2,5,2,7,118,2,3,0,
R02411,1,2,5,2,7,117,2,3,0,
R02412,1,2,5,2,7,123,2,3,0,
R02413,1,2,5,2,7,117,2,2,1,20
R02414,1,2,5,2,7,123,2,2,1,20
R02415,1,2,5,2,7,122,2,2,1,20
R02416,1,2,5,2,7,128,2,2,1,20
R02417,1,2,5,2,7,116,2,3,0,
R02418,1,2,5,2,7,122,2,3,0,
R02419,1,2,5,2,7,121,2,3,0,
R02420,1,2,5,2,7,127,2,3,0,
R02421,1,2,5,2,7,121,2,2,1,20
R02422,1,2,5,2,7,127,2,2,1,20
R02423,1,2,5,2,7,126,2,2,1,20
R02424,1,2,5,2,7,132,2,2,1,20
R02425,1,2,5,2,7,118,2,3,0,
R02426,1,2,5,2,7,124,2,3,0,
R02427,1,2,5,2,7,123,2,3,0,
R02428,1,2,5,2,7,129,2,3,0,
R02429,1,2,5,2,7,123,2,2,1,4
R02430,1,2,5,2,7,129,2,2,1,4
R02431,1,2,5,2,7,128,2,2,1,4
R02432,1,2,5,2,7,134,2,2,1,4
R02433,1,2,5,2,7,122,2,3,0,
R02434,1,2,5,2,7,128,2,3,0,
R02435,1,2,5,2,7,127,2,3,0,
R02436,1,2,5,2,7,133,2,3,0,
R02437,1,2,5,2,7,127,2,2,1,4
R02438,1,2,5,2,7,133,2,2,1,4
R02439,1,2,5,2,7,132,2,2,1,4
R02440,1,2,5,2,7,138,2,2,1,4
R02441,1,2,5,2,7,104,0,1,0,
R02442,1,2,5,2,7,110,0,0,1,0
R02443,1,2,5,2,7,109,0,1,0,
R02444,1,2,5,2,7,115,0,0,1,0
R02445,1,2,5,2,7,109,0,1,0,
R02446,1,2,5,2,7,115,0,0,1,0
R02447,1,2,5,2,7,114,0,1,0,
R02448,1,2,5,2,7,120,0,0,1,0
R02449,1,2,5,2,7,108,0,1,0,
R02450,1,2,5,2,7,114,0,0,1,0
R02451,1,2,5,2,7,113,0,1,0,
R02452,1,2,5,2,7,119,0,0,1,0
R02453,1,2,5,2,7,113,0,1,0,
R02454,1,2,5,2,7,119,0,0,1,0
R02455,1,2,5,2,7,118,0,1,0,
R02456,1,2,5,2,7,124,0,0,1,0
R02457,1,2,5,2,7,110,0,1,0,
R02458,1,2,5,2,7,116,0,0,1,0
R02459,1,2,5,2,7,115,0,1,0,
R02460,1,2,5,2,7,121,0,0,1,0
R02461,1,2,5,2,7,115,0,1,0,
R02462,1,2,5,2,7,121,0,0,1,0
R02463,1,2,5,2,7,120,0,1,0,
R02464,1,2,5,2,7,126,0,0,1,0
R02465,1,2,5,2,7,114,0,1,0,
R02466,1,2,5,2,7,120,0,0,1,0
R02467,1,2,5,2,7,119,0,1,0,
R02468,1,2,5,2,7,125,0,0,1,0
R02469,1,2,5,2,7,119,0,1,0,
R02470,1,2,5,2,7,125,0,0,1,0
R02471,1,2,5,2,7,124,0,1,0,
R02472,1,2,5,2,7,130,0,0,1,0
R02473,1,2,5,2,7,109,0,1,0,
R02474,1,2,5,2,7,115,0,0,1,0
R02475,1,2,5,2,7,114,0,1,0,
R02476,1,2,5,2,7,120,0,0,1,0
R02477,1,2,5,2,7,114,0,1,0,
R02478,1,2,5,2,7,120,0,0,1,0
R02479,1,2,5,2,7,119,0,1,0,
R02480,1,2,5,2,7,125,0,0,1,0
R02481,1,2,5,2,7,113,0,1,0,
R02482,1,2,5,2,7,119,0,0,1,0
R02483,1,2,5,2,7,118,0,1,0,
R02484,1,2,5,2,7,124,0,0,1,0
R02485,1,2,5,2,7,118,0,1,0,
R02486,1,2,5,2,7,124,0,0,1,0
R02487,1,2,5,2,7,123,0,1,0,
R02488,1,2,5,2,7,129,0,0,1,0
R02489,1,2,5,2,7,115,0,1,0,
R02490,1,2,5,2,7,121,0,0,1,0
R02491,1,2,5,2,7,120,0,1,0,
R02492,1,2,5,2,7,126,0,0,1,0
R02493,1,2,5,2,7,120,0,1,0,
R02494,1,2,5,2,7,126,0,0,1,0
R02495,1,2,5,2,7,125,0,1,0,
R02496,1,2,5,2,7,131,0,0,1,0
R02497,1,2,5,2,7,119,0,1,0,
R02498,1,2,5,2,7,125,0,0,1,0
R02499,1,2,5,2,7,124,0,1,0,
R02500,1,2,5,2,7,130,0,0,1,0
R02501,1,2,5,2,7,124,0,1,0,
R02502,1,2,5,2,7,130,0,0,1,0
R02503,1,2,5,2,7,129,0,1,0,
R02504,1,2,5,2,7,135,0,0,1,0
R02505,1,2,5,2,7,109,0,1,0,
R02506,1,2,5,2,7,115,0,0,1,0
R02507,1,2,5,2,7,114,0,1,0,
R02508,1,2,5,2,7,120,0,0,1,0
R02509,1,2,5,2,7,114,0,1,0,
R02510,1,2,5,2,7,120,0,0,1,0
R02511,1,2,5,2,7,119,0,1,0,
R02512,1,2,5,2,7,125,0,0,1,0
R02513,1,2,5,2,7,113,0,1,0,
R02514,1,2,5,2,7,119,0,0,1,0
R02515,1,2,5,2,7,118,0,1,0,
R02516,1,2,5,2,7,124,0,0,1,0
R02517,1,2,5,2,7,118,0,1,0,
R02518,1,2,5,2,7,124,0,0,1,0
R02519,1,2,5,2,7,123,0,1,0,
R02520,1,2,5,2,7,129,0,0,1,0
R02521,1,2,5,2,7,115,2,3,0,
R02522,1,2,5,2,7,121,2,3,0,
R02523,1,2,5,2,7,120,2,3,0,
R02524,1,2,5,2,7,126,2,3,0,
R02525,1,2,5,2,7,120,2,2,1,4
R02526,1,2,5,2,7,126,2,2,1,4
R02527,1,2,5,2,7,125,2,2,1,4
R02528,1,2,5,2,7,131,2,2,1,4
R02529,1,2,5,2,7,119,2,3,0,
R02530,1,2,5,2,7,125,2,3,0,
R02531,1,2,5,2,7,124,2,3,0,
R02532,1,2,5,2,7,130,2,3,0,
R02533,1,2,5,2,7,124,2,2,1,4
R02534,1,2,5,2,7,130,2,2,1,4
R02535,1,2,5,2,7,129,2,2,1,4
R02536,1,2,5,2,7,135,2,2,1,4
R02537,1,2,5,2,7,114,0,1,0,
R02538,1,2,5,2,7,120,0,0,1,0
R02539,1,2,5,2,7,119,0,1,0,
R02540,1,2,5,2,7,125,0,0,1,0
R02541,1,2,5,2,7,119,0,1,0,
R02542,1,2,5,2,7,125,0,0,1,0
R02543,1,2,5,2,7,124,0,1,0,
R02544,1,2,5,2,7,130,0,0,1,0
R02545,1,2,5,2,7,118,0,1,0,
R02546,1,2,5,2,7,124,0,0,1,0
R02547,1,2,5,2,7,123,0,1,0,
R02548,1,2,5,2,7,129,0,0,1,0
R02549,1,2,5,2,7,123,0,1,0,
R02550,1,2,5,2,7,129,0,0,1,0
R02551,1,2,5,2,7,128,0,1,0,
R02552,1,2,5,2,7,134,0,0,1,0
R02553,1,2,5,2,7,120,2,3,0,
R02554,1,2,5,2,7,126,2,3,0,
R02555,1,2,5,2,7,125,2,3,0,
R02556,1,2,5,2,7,131,2,3,0,
R02557,1,2,5,2,7,125,2,2,1,4
R02558,1,2,5,2,7,131,2,2,1,4
R02559,1,2,5,2,7,130,2,2,1,4
R02560,1,2,5,2,7,136,2,2,1,4
R02561,1,2,5,2,7,124,2,3,0,
R02562,1,2,5,2,7,130,2,3,0,
R02563,1,2,5,2,7,129,2,3,0,
R02564,1,2,5,2,7,135,2,3,0,
R02565,1,2,5,2,7,129,2,2,1,4
R02566,1,2,5,2,7,135,2,2,1,4
R02567,1,2,5,2,7,134,2,2,1,4
R02568,1,2,5,2,7,140,2,2,1,4
R02569,1,2,5,2,7,108,0,1,0,
R02570,1,2,5,2,7,114,0,0,1,0
R02571,1,2,5,2,7,113,0,1,0,
R02572,1,2,5,2,7,119,0,0,1,0
R02573,1,2,5,2,7,113,0,1,0,
R02574,1,2,5,2,7,119,0,0,1,0
R02575,1,2,5,2,7,118,0,1,0,
R02576,1,2,5,2,7,124,0,0,1,0
R02577,1,2,5,2,7,112,0,1,0,
R02578,1,2,5,2,7,118,0,0,1,0
R02579,1,2,5,2,7,117,0,1,0,
R02580,1,2,5,2,7,123,0,0,1,0
R02581,1,2,5,2,7,117,0,1,0,
R02582,1,2,5,2,7,123,0,0,1,0
R02583,1,2,5,2,7,122,0,1,0,
R02584,1,2,5,2,7,128,0,0,1,0
R02585,1,2,5,2,7,114,0,1,0,
R02586,1,2,5,2,7,120,0,0,1,0
R02587,1,2,5,2,7,119,0,1,0,
R02588,1,2,5,2,7,125,0,0,1,0
R02589,1,2,5,2,7,119,0,1,0,
R02590,1,2,5,2,7,125,0,0,1,0
R02591,1,2,5,2,7,124,0,1,0,
R02592,1,2,5,2,7,130,0,0,1,0
R02593,1,2,5,2,7,118,0,1,0,
R02594,1,2,5,2,7,124,0,0,1,0
R02595,1,2,5,2,7,123,0,1,0,
R02596,1,2,5,2,7,129,0,0,1,0
R02597,1,2,5,2,7,123,0,1,0,
R02598,1,2,5,2,7,129,0,0,1,0
R02599,1,2,5,2,7,128,0,1,0,
R02600,1,2,5,2,7,134,0,0,1,0
R02601,1,2,5,2,7,113,2,3,0,
R02602,1,2,5,2,7,119,2,3,0,
R02603,1,2,5,2,7,118,2,3,0,
R02604,1,2,5,2,7,124,2,3,0,
R02605,1,2,5,2,7,118,2,2,1,20
R02606,1,2,5,2,7,124,2,2,1,20
R02607,1,2,5,2,7,123,2,2,1,20
R02608,1,2,5,2,7,129,2,2,1,20
R02609,1,2,5,2,7,117,2,3,0,
R02610,1,2,5,2,7,123,2,3,0,
R02611,1,2,5,2,7,122,2,3,0,
R02612,1,2,5,2,7,128,2,3,0,
R02613,1,2,5,2,7,122,2,2,1,20
R02614,1,2,5,2,7,128,2,2,1,20
R02615,1,2,5,2,7,127,2,2,1,20
R02616,1,2,5,2,7,133,2,2,1,20
R02617,1,2,5,2,7,119,2,3,0,
R02618,1,2,5,2,7,125,2,3,0,
R02619,1,2,5,2,7,124,2,3,0,
R02620,1,2,5,2,7,130,2,3,0,
R02621,1,2,5,2,7,124,2,2,1,20
R02622,1,2,5,2,7,130,2,2,1,20
R02623,1,2,5,2,7,129,2,2,1,20
R02624,1,2,5,2,7,135,2,2,1,20
R02625,1,2,5,2,7,123,2,3,0,
R02626,1,2,5,2,7,129,2,3,0,
R02627,1,2,5,2,7,128,2,3,0,
R02628,1,2,5,2,7,134,2,3,0,
R02629,1,2,5,2,7,128,2,2,1,20
R02630,1,2,5,2,7,134,2,2,1,20
R02631,1,2,5,2,7,133,2,2,1,20
R02632,1,2,5,2,7,139,2,2,1,20
R02633,1,2,5,2,7,113,0,1,0,
R02634,1,2,5,2,7,119,0,0,1,0
R02635,1,2,5,2,7,118,0,1,0,
R02636,1,2,5,2,7,124,0,0,1,0
R02637,1,2,5,2,7,118,0,1,0,
R02638,1,2,5,2,7,124,0,0,1,0
R02639,1,2,5,2,7,123,0,1,0,
R02640,1,2,5,2,7,129,0,0,1,0
R02641,1,2,5,2,7,117,0,1,0,
R02642,1,2,5,2,7,123,0,0,1,0
R02643,1,2,5,2,7,122,0,1,0,
R02644,1,2,5,2,7,128,0,0,1,0
R02645,1,2,5,2,7,122,0,1,0,
R02646,1,2,5,2,7,128,0,0,1,0
R02647,1,2,5,2,7,127,0,1,0,
R02648,1,2,5,2,7,133,0,0,1,0
R02649,1,2,5,2,7,119,2,3,0,
R02650,1,2,5,2,7,125,2,3,0,
R02651,1,2,5,2,7,124,2,3,0,
R02652,1,2,5,2,7,130,2,3,0,
R02653,1,2,5,2,7,124,2,2,1,4
R02654,1,2,5,2,7,130,2,2,1,4
R02655,1,2,5,2,7,129,2,2,1,4
R02656,1,2,5,2,7,135,2,2,1,4
R02657,1,2,5,2,7,123,2,3,0,
R02658,1,2,5,2,7,129,2,3,0,
R02659,1,2,5,2,7,128,2,3,0,
R02660,1,2,5,2,7,134,2,3,0,
R02661,1,2,5,2,7,128,2,2,1,4
R02662,1,2,5,2,7,134,2,2,1,4
R02663,1,2,5,2,7,133,2,2,1,4
R02664,1,2,5,2,7,139,2,2,1,4
R02665,1,2,5,2,7,118,2,3,0,
R02666,1,2,5,2,7,124,2,3,0,
R02667,1,2,5,2,7,123,2,3,0,
R02668,1,2,5,2,7,129,2,3,0,
R02669,1,2,5,2,7,123,2,2,1,20
R02670,1,2,5,2,7,129,2,2,1,20
R02671,1,2,5,2,7,128,2,2,1,20
R02672,1,2,5,2,7,134,2,2,1,20
R02673,1,2,5,2,7,122,2,3,0,
R02674,1,2,5,2,7,128,2,3,0,
R02675,1,2,5,2,7,127,2,3,0,
R02676,1,2,5,2,7,133,2,3,0,
R02677,1,2,5,2,7,127,2,2,1,20
R02678,1,2,5,2,7,133,2,2,1,20
R02679,1,2,5,2,7,132,2,2,1,20
R02680,1,2,5,2,7,138,2,2,1,20
R02681,1,2,5,2,7,124,2,3,0,
R02682,1,2,5,2,7,130,2,3,0,
R02683,1,2,5,2,7,129,2,3,0,
R02684,1,2,5,2,7,135,2,3,0,
R02685,1,2,5,2,7,129,2,2,1,4
R02686,1,2,5,2,7,135,2,2,1,4
R02687,1,2,5,2,7,134,2,2,1,4
R02688,1,2,5,2,7,140,2,2,1,4
R02689,1,2,5,2,7,128,2,3,0,
R02690,1,2,5,2,7,134,2,3,0,
R02691,1,2,5,2,7,133,2,3,0,
R02692,1,2,5,2,7,139,2,3,0,
R02693,1,2,5,2,7,133,2,2,1,4
R02694,1,2,5,2,7,139,2,2,1,4
R02695,1,2,5,2,7,138,2,2,1,4
R02696,1,2,5,2,7,144,2,2,1,4
R02697,1,2,5,2,7,103,0,1,0,
R02698,1,2,5,2,7,109,0,0,1,0
R02699,1,2,5,2,7,108,0,1,0,
R02700,1,2,5,2,7,114,0,0,1,0
R02701,1,2,5,2,7,108,0,1,0,
R02702,1,2,5,2,7,114,0,0,1,0
R02703,1,2,5,2,7,113,0,1,0,
R02704,1,2,5,2,7,119,0,0,1,0
R02705,1,2,5,2,7,107,0,1,0,
R02706,1,2,5,2,7,113,0,0,1,0
R02707,1,2,5,2,7,112,0,1,0,
R02708,1,2,5,2,7,118,0,0,1,0
R02709,1,2,5,2,7,112,0,1,0,
R02710,1,2,5,2,7,118,0,0,1,0
R02711,1,2,5,2,7,117,0,1,0,
R02712,1,2,5,2,7,123,0,0,1,0
R02713,1,2,5,2,7,109,0,1,0,
R02714,1,2,5,2,7,115,0,0,1,0
R02715,1,2,5,2,7,114,0,1,0,
R02716,1,2,5,2,7,120,0,0,1,0
R02717,1,2,5,2,7,114,0,1,0,
R02718,1,2,5,2,7,120,0,0,1,0
R02719,1,2,5,2,7,119,0,1,0,
R02720,1,2,5,2,7,125,0,0,1,0
R02721,1,2,5,2,7,113,0,1,0,
R02722,1,2,5,2,7,119,0,0,1,0
R02723,1,2,5,2,7,118,0,1,0,
R02724,1,2,5,2,7,124,0,0,1,0
R02725,1,2,5,2,7,118,0,1,0,
R02726,1,2,5,2,7,124,0,0,1,0
R02727,1,2,5,2,7,123,0,1,0,
R02728,1,2,5,2,7,129,0,0,1,0
R02729,1,2,5,2,7,108,0,1,0,
R02730,1,2,5,2,7,114,0,0,1,0
R02731,1,2,5,2,7,113,0,1,0,
R02732,1,2,5,2,7,119,0,0,1,0
R02733,1,2,5,2,7,113,0,1,0,
R02734,1,2,5,2,7,119,0,0,1,0
R02735,1,2,5,2,7,118,0,1,0,
R02736,1,2,5,2,7,124,0,0,1,0
R02737,1,2,5,2,7,112,0,1,0,
R02738,1,2,5,2,7,118,0,0,1,0
R02739,1,2,5,2,7,117,0,1,0,
R02740,1,2,5,2,7,123,0,0,1,0
R02741,1,2,5,2,7,117,0,1,0,
R02742,1,2,5,2,7,123,0,0,1,0
R02743,1,2,5,2,7,122,0,1,0,
R02744,1,2,5,2,7,128,0,0,1,0
R02745,1,2,5,2,7,114,0,1,0,
R02746,1,2,5,2,7,120,0,0,1,0
R02747,1,2,5,2,7,119,0,1,0,
R02748,1,2,5,2,7,125,0,0,1,0
R02749,1,2,5,2,7,119,0,1,0,
R02750,1,2,5,2,7,125,0,0,1,0
R02751,1,2,5,2,7,124,0,1,0,
R02752,1,2,5,2,7,130,0,0,1,0
R02753,1,2,5,2,7,118,0,1,0,
R02754,1,2,5,2,7,124,0,0,1,0
R02755,1,2,5,2,7,123,0,1,0,
R02756,1,2,5,2,7,129,0,0,1,0
R02757,1,2,5,2,7,123,0,1,0,
R02758,1,2,5,2,7,129,0,0,1,0
R02759,1,2,5,2,7,128,0,1,0,
R02760,1,2,5,2,7,134,0,0,1,0
R02761,1,2,5,2,7,108,0,1,0,
R02762,1,2,5,2,7,114,0,0,1,0
R02763,1,2,5,2,7,113,0,1,0,
R02764,1,2,5,2,7,119,0,0,1,0
R02765,1,2,5,2,7,113,0,1,0,
R02766,1,2,5,2,7,119,0,0,1,0
R02767,1,2,5,2,7,118,0,1,0,
R02768,1,2,5,2,7,124,0,0,1,0
R02769,1,2,5,2,7,112,0,1,0,
R02770,1,2,5,2,7,118,0,0,1,0
R02771,1,2,5,2,7,117,0,1,0,
R02772,1,2,5,2,7,123,0,0,1,0
R02773,1,2,5,2,7,117,0,1,0,
R02774,1,2,5,2,7,123,0,0,1,0
R02775,1,2,5,2,7,122,0,1,0,
R02776,1,2,5,2,7,128,0,0,1,0
R02777,1,2,5,2,7,114,2,3,0,
R02778,1,2,5,2,7,120,2,3,0,
R02779,1,2,5,2,7,119,2,3,0,
R02780,1,2,5,2,7,125,2,3,0,
R02781,1,2,5,2,7,119,2,2,1,4
R02782,1,2,5,2,7,125,2,2,1,4
R02783,1,2,5,2,7,124,2,2,1,4
R02784,1,2,5,2,7,130,2,2,1,4
R02785,1,2,5,2,7,118,2,3,0,
R02786,1,2,5,2,7,124,2,3,0,
R02787,1,2,5,2,7,123,2,3,0,
R02788,1,2,5,2,7,129,2,3,0,
R02789,1,2,5,2,7,123,2,2,1,4
R02790,1,2,5,2,7,129,2,2,1,4
R02791,1,2,5,2,7,128,2,2,1,4
R02792,1,2,5,2,7,134,2,2,1,4
R02793,1,2,5,2,7,113,0,1,0,
R02794,1,2,5,2,7,119,0,0,1,0
R02795,1,2,5,2,7,118,0,1,0,
R02796,1,2,5,2,7,124,0,0,1,0
R02797,1,2,5,2,7,118,0,1,0,
R02798,1,2,5,2,7,124,0,0,1,0
R02799,1,2,5,2,7,123,0,1,0,
R02800,1,2,5,2,7,129,0,0,1,0
R02801,1,2,5,2,7,117,0,1,0,
R02802,1,2,5,2,7,123,0,0,1,0
R02803,1,2,5,2,7,122,0,1,0,
R02804,1,2,5,2,7,128,0,0,1,0
R02805,1,2,5,2,7,122,0,1,0,
R02806,1,2,5,2,7,128,0,0,1,0
R02807,1,2,5,2,7,127,0,1,0,
R02808,1,2,5,2,7,133,0,0,1,0
R02809,1,2,5,2,7,119,2,3,0,
R02810,1,2,5,2,7,125,2,3,0,
R02811,1,2,5,2,7,124,2,3,0,
R02812,1,2,5,2,7,130,2,3,0,
R02813,1,2,5,2,7,124,2,2,1,4
R02814,1,2,5,2,7,130,2,2,1,4
R02815,1,2,5,2,7,129,2,2,1,4
R02816,1,2,5,2,7,135,2,2,1,4
R02817,1,2,5,2,7,123,2,3,0,
R02818,1,2,5,2,7,129,2,3,0,
R02819,1,2,5,2,7,128,2,3,0,
R02820,1,2,5,2,7,134,2,3,0,
R02821,1,2,5,2,7,128,2,2,1,4
R02822,1,2,5,2,7,134,2,2,1,4
R02823,1,2,5,2,7,133,2,2,1,4
R02824,1,2,5,2,7,139,2,2,1,4
R02825,1,2,5,2,7,107,0,1,0,
R02826,1,2,5,2,7,113,0,0,1,0
R02827,1,2,5,2,7,112,0,1,0,
R02828,1,2,5,2,7,118,0,0,1,0
R02829,1,2,5,2,7,112,0,1,0,
R02830,1,2,5,2,7,118,0,0,1,0
R02831,1,2,5,2,7,117,0,1,0,
R02832,1,2,5,2,7,123,0,0,1,0
R02833,1,2,5,2,7,111,0,1,0,
R02834,1,2,5,2,7,117,0,0,1,0
R02835,1,2,5,2,7,116,0,1,0,
R02836,1,2,5,2,7,122,0,0,1,0
R02837,1,2,5,2,7,116,0,1,0,
R02838,1,2,5,2,7,122,0,0,1,0
R02839,1,2,5,2,7,121,0,1,0,
R02840,1,2,5,2,7,127,0,0,1,0
R02841,1,2,5,2,7,113,0,1,0,
R02842,1,2,5,2,7,119,0,0,1,0
R02843,1,2,5,2,7,118,0,1,0,
R02844,1,2,5,2,7,124,0,0,1,0
R02845,1,2,5,2,7,118,0,1,0,
R02846,1,2,5,2,7,124,0,0,1,0
R02847,1,2,5,2,7,123,0,1,0,
R02848,1,2,5,2,7,129,0,0,1,0
R02849,1,2,5,2,7,117,0,1,0,
R02850,1,2,5,2,7,123,0,0,1,0
R02851,1,2,5,2,7,122,0,1,0,
R02852,1,2,5,2,7,128,0,0,1,0
R02853,1,2,5,2,7,122,0,1,0,
R02854,1,2,5,2,7,128,0,0,1,0
R02855,1,2,5,2,7,127,0,1,0,
R02856,1,2,5,2,7,133,0,0,1,0
R02857,1,2,5,2,7,112,2,3,0,
R02858,1,2,5,2,7,118,2,3,0,
R02859,1,2,5,2,7,117,2,3,0,
R02860,1,2,5,2,7,123,2,3,0,
R02861,1,2,5,2,7,117,2,2,1,20
R02862,1,2,5,2,7,123,2,2,1,20
R02863,1,2,5,2,7,122,2,2,1,20
R02864,1,2,5,2,7,128,2,2,1,20
R02865,1,2,5,2,7,116,2,3,0,
R02866,1,2,5,2,7,122,2,3,0,
R02867,1,2,5,2,7,121,2,3,0,
R02868,1,2,5,2,7,127,2,3,0,
R02869,1,2,5,2,7,121,2,2,1,20
R02870,1,2,5,2,7,127,2,2,1,20
R02871,1,2,5,2,7,126,2,2,1,20
R02872,1,2,5,2,7,132,2,2,1,20
R02873,1,2,5,2,7,118,2,3,0,
R02874,1,2,5,2,7,124,2,3,0,
R02875,1,2,5,2,7,123,2,3,0,
R02876,1,2,5,2,7,129,2,3,0,
R02877,1,2,5,2,7,123,2,2,1,20
R02878,1,2,5,2,7,129,2,2,1,20
R02879,1,2,5,2,7,128,2,2,1,20
R02880,1,2,5,2,7,134,2,2,1,20
R02881,1,2,5,2,7,122,2,3,0,
R02882,1,2,5,2,7,128,2,3,0,
R02883,1,2,5,2,7,127,2,3,0,
R02884,1,2,5,2,7,133,2,3,0,
R02885,1,2,5,2,7,127,2,2,1,20
R02886,1,2,5,2,7,133,2,2,1,20
R02887,1,2,5,2,7,132,2,2,1,20
R02888,1,2,5,2,7,138,2,2,1,20
R02889,1,2,5,2,7,112,0,1,0,
R02890,1,2,5,2,7,118,0,0,1,0
R02891,1,2,5,2,7,117,0,1,0,
R02892,1,2,5,2,7,123,0,0,1,0
R02893,1,2,5,2,7,117,0,1,0,
R02894,1,2,5,2,7,123,0,0,1,0
R02895,1,2,5,2,7,122,0,1,0,
R02896,1,2,5,2,7,128,0,0,1,0
R02897,1,2,5,2,7,116,0,1,0,
R02898,1,2,5,2,7,122,0,0,1,0
R02899,1,2,5,2,7,121,0,1,0,
R02900,1,2,5,2,7,127,0,0,1,0
R02901,1,2,5,2,7,121,0,1,0,
R02902,1,2,5,2,7,127,0,0,1,0
R02903,1,2,5,2,7,126,0,1,0,
R02904,1,2,5,2,7,132,0,0,1,0
R02905,1,2,5,2,7,118,2,3,0,
R02906,1,2,5,2,7,124,2,3,0,
R02907,1,2,5,2,7,123,2,3,0,
R02908,1,2,5,2,7,129,2,3,0,
R02909,1,2,5,2,7,123,2,2,1,4
R02910,1,2,5,2,7,129,2,2,1,4
R02911,1,2,5,2,7,128,2,2,1,4
R02912,1,2,5,2,7,134,2,2,1,4
R02913,1,2,5,2,7,122,2,3,0,
R02914,1,2,5,2,7,128,2,3,0,
R02915,1,2,5,2,7,127,2,3,0,
R02916,1,2,5,2,7,133,2,3,0,
R02917,1,2,5,2,7,127,2,2,1,4
R02918,1,2,5,2,7,133,2,2,1,4
R02919,1,2,5,2,7,132,2,2,1,4
R02920,1,2,5,2,7,138,2,2,1,4
R02921,1,2,5,2,7,117,2,3,0,
R02922,1,2,5,2,7,123,2,3,0,
R02923,1,2,5,2,7,122,2,3,0,
R02924,1,2,5,2,7,128,2,3,0,
R02925,1,2,5,2,7,122,2,2,1,20
R02926,1,2,5,2,7,128,2,2,1,20
R02927,1,2,5,2,7,127,2,2,1,20
R02928,1,2,5,2,7,133,2,2,1,20
R02929,1,2,5,2,7,121,2,3,0,
R02930,1,2,5,2,7,127,2,3,0,
R02931,1,2,5,2,7,126,2,3,0,
R02932,1,2,5,2,7,132,2,3,0,
R02933,1,2,5,2,7,126,2,2,1,20
R02934,1,2,5,2,7,132,2,2,1,20
R02935,1,2,5,2,7,131,2,2,1,20
R02936,1,2,5,2,7,137,2,2,1,20
R02937,1,2,5,2,7,123,2,3,0,
R02938,1,2,5,2,7,129,2,3,0,
R02939,1,2,5,2,7,128,2,3,0,
R02940,1,2,5,2,7,134,2,3,0,
R02941,1,2,5,2,7,128,2,2,1,4
R02942,1,2,5,2,7,134,2,2,1,4
R02943,1,2,5,2,7,133,2,2,1,4
R02944,1,2,5,2,7,139,2,2,1,4
R02945,1,2,5,2,7,127,2,3,0,
R02946,1,2,5,2,7,133,2,3,0,
R02947,1,2,5,2,7,132,2,3,0,
R02948,1,2,5,2,7,138,2,3,0,
R02949,1,2,5,2,7,132,2,2,1,4
R02950,1,2,5,2,7,138,2,2,1,4
R02951,1,2,5,2,7,137,2,2,1,4
R02952,1,2,5,2,7,143,2,2,1,4
R02953,1,2,5,2,7,109,0,1,0,
R02954,1,2,5,2,7,115,0,0,1,0
R02955,1,2,5,2,7,114,0,1,0,
R02956,1,2,5,2,7,120,0,0,1,0
R02957,1,2,5,2,7,114,0,1,0,
R02958,1,2,5,2,7,120,0,0,1,0
R02959,1,2,5,2,7,119,0,1,0,
R02960,1,2,5,2,7,125,0,0,1,0
R02961,1,2,5,2,7,113,0,1,0,
R02962,1,2,5,2,7,119,0,0,1,0
R02963,1,2,5,2,7,118,0,1,0,
R02964,1,2,5,2,7,124,0,0,1,0
R02965,1,2,5,2,7,118,0,1,0,
R02966,1,2,5,2,7,124,0,0,1,0
R02967,1,2,5,2,7,123,0,1,0,
R02968,1,2,5,2,7,129,0,0,1,0
R02969,1,2,5,2,7,115,0,1,0,
R02970,1,2,5,2,7,121,0,0,1,0
R02971,1,2,5,2,7,120,0,1,0,
R02972,1,2,5,2,7,126,0,0,1,0
R02973,1,2,5,2,7,120,0,1,0,
R02974,1,2,5,2,7,126,0,0,1,0
R02975,1,2,5,2,7,125,0,1,0,
R02976,1,2,5,2,7,131,0,0,1,0
R02977,1,2,5,2,7,119,0,1,0,
R02978,1,2,5,2,7,125,0,0,1,0
R02979,1,2,5,2,7,124,0,1,0,
R02980,1,2,5,2,7,130,0,0,1,0
R02981,1,2,5,2,7,124,0,1,0,
R02982,1,2,5,2,7,130,0,0,1,0
R02983,1,2,5,2,7,129,0,1,0,
R02984,1,2,5,2,7,135,0,0,1,0
R02985,1,2,5,2,7,114,0,1,0,
R02986,1,2,5,2,7,120,0,0,1,0
R02987,1,2,5,2,7,119,0,1,0,
R02988,1,2,5,2,7,125,0,0,1,0
R02989,1,2,5,2,7,119,0,1,0,
R02990,1,2,5,2,7,125,0,0,1,0
R02991,1,2,5,2,7,124,0,1,0,
R02992,1,2,5,2,7,130,0,0,1,0
R02993,1,2,5,2,7,118,0,1,0,
R02994,1,2,5,2,7,124,0,0,1,0
R02995,1,2,5,2,7,123,0,1,0,
R02996,1,2,5,2,7,129,0,0,1,0
R02997,1,2,5,2,7,123,0,1,0,
R02998,1,2,5,2,7,129,0,0,1,0
R02999,1,2,5,2,7,128,0,1,0,
R03000,1,2,5,2,7,134,0,0,1,0
R03001,1,2,5,2,7,120,0,1,0,
R03002,1,2,5,2,7,126,0,0,1,0
R03003,1,2,5,2,7,125,0,1,0,
R03004,1,2,5,2,7,131,0,0,1,0
R03005,1,2,5,2,7,125,0,1,0,
R03006,1,2,5,2,7,131,0,0,1,0
R03007,1,2,5,2,7,130,0,1,0,
R03008,1,2,5,2,7,136,0,0,1,0
R03009,1,2,5,2,7,124,0,1,0,
R03010,1,2,5,2,7,130,0,0,1,0
R03011,1,2,5,2,7,129,0,1,0,
R03012,1,2,5,2,7,135,0,0,1,0
R03013,1,2,5,2,7,129,0,1,0,
R03014,1,2,5,2,7,135,0,0,1,0
R03015,1,2,5,2,7,134,0,1,0,
R03016,1,2,5,2,7,140,0,0,1,0
R03017,1,2,5,2,7,114,0,1,0,
R03018,1,2,5,2,7,120,0,0,1,0
R03019,1,2,5,2,7,119,0,1,0,
R03020,1,2,5,2,7,125,0,0,1,0
R03021,1,2,5,2,7,119,0,1,0,
R03022,1,2,5,2,7,125,0,0,1,0
R03023,1,2,5,2,7,124,0,1,0,
R03024,1,2,5,2,7,130,0,0,1,0
R03025,1,2,5,2,7,118,0,1,0,
R03026,1,2,5,2,7,124,0,0,1,0
R03027,1,2,5,2,7,123,0,1,0,
R03028,1,2,5,2,7,129,0,0,1,0
R03029,1,2,5,2,7,123,0,1,0,
R03030,1,2,5,2,7,129,0,0,1,0
R03031,1,2,5,2,7,128,0,1,0,
R03032,1,2,5,2,7,134,0,0,1,0
R03033,1,2,5,2,7,120,2,3,0,
R03034,1,2,5,2,7,126,2,3,0,
R03035,1,2,5,2,7,125,2,3,0,
R03036,1,2,5,2,7,131,2,3,0,
R03037,1,2,5,2,7,125,2,2,1,4
R03038,1,2,5,2,7,131,2,2,1,4
R03039,1,2,5,2,7,130,2,2,1,4
R03040,1,2,5,2,7,136,2,2,1,4
R03041,1,2,5,2,7,124,2,3,0,
R03042,1,2,5,2,7,130,2,3,0,
R03043,1,2,5,2,7,129,2,3,0,
R03044,1,2,5,2,7,135,2,3,0,
R03045,1,2,5,2,7,129,2,2,1,4
R03046,1,2,5,2,7,135,2,2,1,4
R03047,1,2,5,2,7,134,2,2,1,4
R03048,1,2,5,2,7,140,2,2,1,4
R03049,1,2,5,2,7,119,0,1,0,
R03050,1,2,5,2,7,125,0,0,1,0
R03051,1,2,5,2,7,124,0,1,0,
R03052,1,2,5,2,7,130,0,0,1,0
R03053,1,2,5,2,7,124,0,1,0,
R03054,1,2,5,2,7,130,0,0,1,0
R03055,1,2,5,2,7,129,0,1,0,
R03056,1,2,5,2,7,135,0,0,1,0
R03057,1,2,5,2,7,123,0,1,0,
R03058,1,2,5,2,7,129,0,0,1,0
R03059,1,2,5,2,7,128,0,1,0,
R03060,1,2,5,2,7,134,0,0,1,0
R03061,1,2,5,2,7,128,0,1,0,
R03062,1,2,5,2,7,134,0,0,1,0
R03063,1,2,5,2,7,133,0,1,0,
R03064,1,2,5,2,7,139,0,0,1,0
R03065,1,2,5,2,7,125,2,3,0,
R03066,1,2,5,2,7,131,2,3,0,
R03067,1,2,5,2,7,130,2,3,0,
R03068,1,2,5,2,7,136,2,3,0,
R03069,1,2,5,2,7,130,2,2,1,4
R03070,1,2,5,2,7,136,2,2,1,4
R03071,1,2,5,2,7,135,2,2,1,4
R03072,1,2,5,2,7,141,2,2,1,4
R03073,1,2,5,2,7,129,2,3,0,
R03074,1,2,5,2,7,135,2,3,0,
R03075,1,2,5,2,7,134,2,3,0,
R03076,1,2,5,2,7,140,2,3,0,
R03077,1,2,5,2,7,134,2,2,1,4
R03078,1,2,5,2,7,140,2,2,1,4
R03079,1,2,5,2,7,139,2,2,1,4
R03080,1,2,5,2,7,145,2,2,1,4
R03081,1,2,5,2,7,113,0,1,0,
R03082,1,2,5,2,7,119,0,0,1,0
R03083,1,2,5,2,7,118,0,1,0,
R03084,1,2,5,2,7,124,0,0,1,0
R03085,1,2,5,2,7,118,0,1,0,
R03086,1,2,5,2,7,124,0,0,1,0
R03087,1,2,5,2,7,123,0,1,0,
R03088,1,2,5,2,7,129,0,0,1,0
R03089,1,2,5,2,7,117,0,1,0,
R03090,1,2,5,2,7,123,0,0,1,0
R03091,1,2,5,2,7,122,0,1,0,
R03092,1,2,5,2,7,128,0,0,1,0
R03093,1,2,5,2,7,122,0,1,0,
R03094,1,2,5,2,7,128,0,0,1,0
R03095,1,2,5,2,7,127,0,1,0,
R03096,1,2,5,2,7,133,0,0,1,0
R03097,1,2,5,2,7,119,0,1,0,
R03098,1,2,5,2,7,125,0,0,1,0
R03099,1,2,5,2,7,124,0,1,0,
R03100,1,2,5,2,7,130,0,0,1,0
R03101,1,2,5,2,7,124,0,1,0,
R03102,1,2,5,2,7,130,0,0,1,0
R03103,1,2,5,2,7,129,0,1,0,
R03104,1,2,5,2,7,135,0,0,1,0
R03105,1,2,5,2,7,123,0,1,0,
R03106,1,2,5,2,7,129,0,0,1,0
R03107,1,2,5,2,7,128,0,1,0,
R03108,1,2,5,2,7,134,0,0,1,0
R03109,1,2,5,2,7,128,0,1,0,
R03110,1,2,5,2,7,134,0,0,1,0
R03111,1,2,5,2,7,133,0,1,0,
R03112,1,2,5,2,7,139,0,0,1,0
R03113,1,2,5,2,7,118,2,3,0,
R03114,1,2,5,2,7,124,2,3,0,
R03115,1,2,5,2,7,123,2,3,0,
R03116,1,2,5,2,7,129,2,3,0,
R03117,1,2,5,2,7,123,2,2,1,20
R03118,1,2,5,2,7,129,2,2,1,20
R03119,1,2,5,2,7,128,2,2,1,20
R03120,1,2,5,2,7,134,2,2,1,20
R03121,1,2,5,2,7,122,2,3,0,
R03122,1,2,5,2,7,128,2,3,0,
R03123,1,2,5,2,7,127,2,3,0,
R03124,1,2,5,2,7,133,2,3,0,
R03125,1,2,5,2,7,127,2,2,1,20
R03126,1,2,5,2,7,133,2,2,1,20
R03127,1,2,5,2,7,132,2,2,1,20
R03128,1,2,5,2,7,138,2,2,1,20
R03129,1,2,5,2,7,124,2,3,0,
R03130,1,2,5,2,7,130,2,3,0,
R03131,1,2,5,2,7,129,2,3,0,
R03132,1,2,5,2,7,135,2,3,0,
R03133,1,2,5,2,7,129,2,2,1,20
R03134,1,2,5,2,7,135,2,2,1,20
R03135,1,2,5,2,7,134,2,2,1,20
R03136,1,2,5,2,7,140,2,2,1,20
R03137,1,2,5,2,7,128,2,3,0,
R03138,1,2,5,2,7,134,2,3,0,
R03139,1,2,5,2,7,133,2,3,0,
R03140,1,2,5,2,7,139,2,3,0,
R03141,1,2,5,2,7,133,2,2,1,20
R03142,1,2,5,2,7,139,2,2,1,20
R03143,1,2,5,2,7,138,2,2,1,20
R03144,1,2,5,2,7,144,2,2,1,20
R03145,1,2,5,2,7,118,0,1,0,
R03146,1,2,5,2,7,124,0,0,1,0
R03147,1,2,5,2,7,123,0,1,0,
R03148,1,2,5,2,7,129,0,0,1,0
R03149,1,2,5,2,7,123,0,1,0,
R03150,1,2,5,2,7,129,0,0,1,0
R03151,1,2,5,2,7,128,0,1,0,
R03152,1,2,5,2,7,134,0,0,1,0
R03153,1,2,5,2,7,122,0,1,0,
R03154,1,2,5,2,7,128,0,0,1,0
R03155,1,2,5,2,7,127,0,1,0,
R03156,1,2,5,2,7,133,0,0,1,0
R03157,1,2,5,2,7,127,0,1,0,
R03158,1,2,5,2,7,133,0,0,1,0
R03159,1,2,5,2,7,132,0,1,0,
R03160,1,2,5,2,7,138,0,0,1,0
R03161,1,2,5,2,7,124,2,3,0,
R03162,1,2,5,2,7,130,2,3,0,
R03163,1,2,5,2,7,129,2,3,0,
R03164,1,2,5,2,7,135,2,3,0,
R03165,1,2,5,2,7,129,2,2,1,4
R03166,1,2,5,2,7,135,2,2,1,4
R03167,1,2,5,2,7,134,2,2,1,4
R03168,1,2,5,2,7,140,2,2,1,4
R03169,1,2,5,2,7,128,2,3,0,
R03170,1,2,5,2,7,134,2,3,0,
R03171,1,2,5,2,7,133,2,3,0,
R03172,1,2,5,2,7,139,2,3,0,
R03173,1,2,5,2,7,133,2,2,1,4
R03174,1,2,5,2,7,139,2,2,1,4
R03175,1,2,5,2,7,138,2,2,1,4
R03176,1,2,5,2,7,144,2,2,1,4
R03177,1,2,5,2,7,123,2,3,0,
R03178,1,2,5,2,7,129,2,3,0,
R03179,1,2,5,2,7,128,2,3,0,
R03180,1,2,5,2,7,134,2,3,0,
R03181,1,2,5,2,7,128,2,2,1,20
R03182,1,2,5,2,7,134,2,2,1,20
R03183,1,2,5,2,7,133,2,2,1,20
R03184,1,2,5,2,7,139,2,2,1,20
R03185,1,2,5,2,7,127,2,3,0,
R03186,1,2,5,2,7,133,2,3,0,
R03187,1,2,5,2,7,132,2,3,0,
R03188,1,2,5,2,7,138,2,3,0,
R03189,1,2,5,2,7,132,2,2,1,20
R03190,1,2,5,2,7,138,2,2,1,20
R03191,1,2,5,2,7,137,2,2,1,20
R03192,1,2,5,2,7,143,2,2,1,20
R03193,1,2,5,2,7,129,2,3,0,
R03194,1,2,5,2,7,135,2,3,0,
R03195,1,2,5,2,7,134,2,3,0,
R03196,1,2,5,2,7,140,2,3,0,
R03197,1,2,5,2,7,134,2,2,1,4
R03198,1,2,5,2,7,140,2,2,1,4
R03199,1,2,5,2,7,139,2,2,1,4
R03200,1,2,5,2,7,145,2,2,1,4
R03201,1,2,5,2,7,133,2,3,0,
R03202,1,2,5,2,7,139,2,3,0,
R03203,1,2,5,2,7,138,2,3,0,
R03204,1,2,5,2,7,144,2,3,0,
R03205,1,2,5,2,7,138,2,2,1,4
R03206,1,2,5,2,7,144,2,2,1,4
R03207,1,2,5,2,7,143,2,2,1,4
R03208,1,2,5,2,7,149,2,2,1,4
R03209,1,2,5,2,7,103,0,1,0,
R03210,1,2,5,2,7,109,0,0,1,0
R03211,1,2,5,2,7,108,0,1,0,
R03212,1,2,5,2,7,114,0,0,1,0
R03213,1,2,5,2,7,108,0,1,0,
R03214,1,2,5,2,7,114,0,0,1,0
R03215,1,2,5,2,7,113,0,1,0,
R03216,1,2,5,2,7,119,0,0,1,0
R03217,1,2,5,2,7,107,0,1,0,
R03218,1,2,5,2,7,113,0,0,1,0
R03219,1,2,5,2,7,112,0,1,0,
R03220,1,2,5,2,7,118,0,0,1,0
R03221,1,2,5,2,7,112,0,1,0,
R03222,1,2,5,2,7,118,0,0,1,0
R03223,1,2,5,2,7,117,0,1,0,
R03224,1,2,5,2,7,123,0,0,1,0
R03225,1,2,5,2,7,109,0,1,0,
R03226,1,2,5,2,7,115,0,0,1,0
R03227,1,2,5,2,7,114,0,1,0,
R03228,1,2,5,2,7,120,0,0,1,0
R03229,1,2,5,2,7,114,0,1,0,
R03230,1,2,5,2,7,120,0,0,1,0
R03231,1,2,5,2,7,119,0,1,0,
R03232,1,2,5,2,7,125,0,0,1,0
R03233,1,2,5,2,7,113,0,1,0,
R03234,1,2,5,2,7,119,0,0,1,0
R03235,1,2,5,2,7,118,0,1,0,
R03236,1,2,5,2,7,124,0,0,1,0
R03237,1,2,5,2,7,118,0,1,0,
R03238,1,2,5,2,7,124,0,0,1,0
R03239,1,2,5,2,7,123,0,1,0,
R03240,1,2,5,2,7,129,0,0,1,0
R03241,1,2,5,2,7,108,0,1,0,
R03242,1,2,5,2,7,114,0,0,1,0
R03243,1,2,5,2,7,113,0,1,0,
R03244,1,2,5,2,7,119,0,0,1,0
R03245,1,2,5,2,7,113,0,1,0,
R03246,1,2,5,2,7,119,0,0,1,0
R03247,1,2,5,2,7,118,0,1,0,
R03248,1,2,5,2,7,124,0,0,1,0
R03249,1,2,5,2,7,112,0,1,0,
R03250,1,2,5,2,7,118,0,0,1,0
R03251,1,2,5,2,7,117,0,1,0,
R03252,1,2,5,2,7,123,0,0,1,0
R03253,1,2,5,2,7,117,0,1,0,
R03254,1,2,5,2,7,123,0,0,1,0
R03255,1,2,5,2,7,122,0,1,0,
R03256,1,2,5,2,7,128,0,0,1,0
R03257,1,2,5,2,7,114,0,1,0,
R03258,1,2,5,2,7,120,0,0,1,0
R03259,1,2,5,2,7,119,0,1,0,
R03260,1,2,5,2,7,125,0,0,1,0
R03261,1,2,5,2,7,119,0,1,0,
R03262,1,2,5,2,7,125,0,0,1,0
R03263,1,2,5,2,7,124,0,1,0,
R03264,1,2,5,2,7,130,0,0,1,0
R03265,1,2,5,2,7,118,0,1,0,
R03266,1,2,5,2,7,124,0,0,1,0
R03267,1,2,5,2,7,123,0,1,0,
R03268,1,2,5,2,7,129,0,0,1,0
R03269,1,2,5,2,7,123,0,1,0,
R03270,1,2,5,2,7,129,0,0,1,0
R03271,1,2,5,2,7,128,0,1,0,
R03272,1,2,5,2,7,134,0,0,1,0
R03273,1,2,5,2,7,108,0,1,0,
R03274,1,2,5,2,7,114,0,0,1,0
R03275,1,2,5,2,7,113,0,1,0,
R03276,1,2,5,2,7,119,0,0,1,0
R03277,1,2,5,2,7,113,0,1,0,
R03278,1,2,5,2,7,119,0,0,1,0
R03279,1,2,5,2,7,118,0,1,0,
R03280,1,2,5,2,7,124,0,0,1,0
R03281,1,2,5,2,7,112,0,1,0,
R03282,1,2,5,2,7,118,0,0,1,0
R03283,1,2,5,2,7,117,0,1,0,
R03284,1,2,5,2,7,123,0,0,1,0
R03285,1,2,5,2,7,117,0,1,0,
R03286,1,2,5,2,7,123,0,0,1,0
R03287,1,2,5,2,7,122,0,1,0,
R03288,1,2,5,2,7,128,0,0,1,0
R03289,1,2,5,2,7,114,2,3,0,
R03290,1,2,5,2,7,120,2,3,0,
R03291,1,2,5,2,7,119,2,3,0,
R03292,1,2,5,2,7,125,2,3,0,
R03293,1,2,5,2,7,119,2,2,1,4
R03294,1,2,5,2,7,125,2,2,1,4
R03295,1,2,5,2,7,124,2,2,1,4
R03296,1,2,5,2,7,130,2,2,1,4
R03297,1,2,5,2,7,118,2,3,0,
R03298,1,2,5,2,7,124,2,3,0,
R03299,1,2,5,2,7,123,2,3,0,
R03300,1,2,5,2,7,129,2,3,0,
R03301,1,2,5,2,7,123,2,2,1,4
R03302,1,2,5,2,7,129,2,2,1,4
R03303,1,2,5,2,7,128,2,2,1,4
R03304,1,2,5,2,7,134,2,2,1,4
R03305,1,2,5,2,7,113,0,1,0,
R03306,1,2,5,2,7,119,0,0,1,0
R03307,1,2,5,2,7,118,0,1,0,
R03308,1,2,5,2,7,124,0,0,1,0
R03309,1,2,5,2,7,118,0,1,0,
R03310,1,2,5,2,7,124,0,0,1,0
R03311,1,2,5,2,7,123,0,1,0,
R03312,1,2,5,2,7,129,0,0,1,0
R03313,1,2,5,2,7,117,0,1,0,
R03314,1,2,5,2,7,123,0,0,1,0
R03315,1,2,5,2,7,122,0,1,0,
R03316,1,2,5,2,7,128,0,0,1,0
R03317,1,2,5,2,7,122,0,1,0,
R03318,1,2,5,2,7,128,0,0,1,0
R03319,1,2,5,2,7,127,0,1,0,
R03320,1,2,5,2,7,133,0,0,1,0
R03321,1,2,5,2,7,119,2,3,0,
R03322,1,2,5,2,7,125,2,3,0,
R03323,1,2,5,2,7,124,2,3,0,
R03324,1,2,5,2,7,130,2,3,0,
R03325,1,2,5,2,7,124,2,2,1,4
R03326,1,2,5,2,7,130,2,2,1,4
R03327,1,2,5,2,7,129,2,2,1,4
R03328,1,2,5,2,7,135,2,2,1,4
R03329,1,2,5,2,7,123,2,3,0,
R03330,1,2,5,2,7,129,2,3,0,
R03331,1,2,5,2,7,128,2,3,0,
R03332,1,2,5,2,7,134,2,3,0,
R03333,1,2,5,2,7,128,2,2,1,4
R03334,1,2,5,2,7,134,2,2,1,4
R03335,1,2,5,2,7,133,2,2,1,4
R03336,1,2,5,2,7,139,2,2,1,4
R03337,1,2,5,2,7,107,0,1,0,
R03338,1,2,5,2,7,113,0,0,1,0
R03339,1,2,5,2,7,112,0,1,0,
R03340,1,2,5,2,7,118,0,0,1,0
R03341,1,2,5,2,7,112,0,1,0,
R03342,1,2,5,2,7,118,0,0,1,0
R03343,1,2,5,2,7,117,0,1,0,
R03344,1,2,5,2,7,123,0,0,1,0
R03345,1,2,5,2,7,111,0,1,0,
R03346,1,2,5,2,7,117,0,0,1,0
R03347,1,2,5,2,7,116,0,1,0,
R03348,1,2,5,2,7,122,0,0,1,0
R03349,1,2,5,2,7,116,0,1,0,
R03350,1,2,5,2,7,122,0,0,1,0
R03351,1,2,5,2,7,121,0,1,0,
R03352,1,2,5,2,7,127,0,0,1,0
R03353,1,2,5,2,7,113,0,1,0,
R03354,1,2,5,2,7,119,0,0,1,0
R03355,1,2,5,2,7,118,0,1,0,
R03356,1,2,5,2,7,124,0,0,1,0
R03357,1,2,5,2,7,118,0,1,0,
R03358,1,2,5,2,7,124,0,0,1,0
R03359,1,2,5,2,7,123,0,1,0,
R03360,1,2,5,2,7,129,0,0,1,0
R03361,1,2,5,2,7,117,0,1,0,
R03362,1,2,5,2,7,123,0,0,1,0
R03363,1,2,5,2,7,122,0,1,0,
R03364,1,2,5,2,7,128,0,0,1,0
R03365,1,2,5,2,7,122,0,1,0,
R03366,1,2,5,2,7,128,0,0,1,0
R03367,1,2,5,2,7,127,0,1,0,
R03368,1,2,5,2,7,133,0,0,1,0
R03369,1,2,5,2,7,112,2,3,0,
R03370,1,2,5,2,7,118,2,3,0,
R03371,1,2,5,2,7,117,2,3,0,
R03372,1,2,5,2,7,123,2,3,0,
R03373,1,2,5,2,7,117,2,2,1,20
R03374,1,2,5,2,7,123,2,2,1,20
R03375,1,2,5,2,7,122,2,2,1,20
R03376,1,2,5,2,7,128,2,2,1,20
R03377,1,2,5,2,7,116,2,3,0,
R03378,1,2,5,2,7,122,2,3,0,
R03379,1,2,5,2,7,121,2,3,0,
R03380,1,2,5,2,7,127,2,3,0,
R03381,1,2,5,2,7,121,2,2,1,20
R03382,1,2,5,2,7,127,2,2,1,20
R03383,1,2,5,2,7,126,2,2,1,20
R03384,1,2,5,2,7,132,2,2,1,20
R03385,1,2,5,2,7,118,2,3,0,
R03386,1,2,5,2,7,124,2,3,0,
R03387,1,2,5,2,7,123,2,3,0,
R03388,1,2,5,2,7,129,2,3,0,
R03389,1,2,5,2,7,123,2,2,1,20
R03390,1,2,5,2,7,129,2,2,1,20
R03391,1,2,5,2,7,128,2,2,1,20
R03392,1,2,5,2,7,134,2,2,1,20
R03393,1,2,5,2,7,122,2,3,0,
R03394,1,2,5,2,7,128,2,3,0,
R03395,1,2,5,2,7,127,2,3,0,
R03396,1,2,5,2,7,133,2,3,0,
R03397,1,2,5,2,7,127,2,2,1,20
R03398,1,2,5,2,7,133,2,2,1,20
R03399,1,2,5,2,7,132,2,2,1,20
R03400,1,2,5,2,7,138,2,2,1,20
R03401,1,2,5,2,7,112,0,1,0,
R03402,1,2,5,2,7,118,0,0,1,0
R03403,1,2,5,2,7,117,0,1,0,
R03404,1,2,5,2,7,123,0,0,1,0
R03405,1,2,5,2,7,117,0,1,0,
R03406,1,2,5,2,7,123,0,0,1,0
R03407,1,2,5,2,7,122,0,1,0,
R03408,1,2,5,2,7,128,0,0,1,0
R03409,1,2,5,2,7,116,0,1,0,
R03410,1,2,5,2,7,122,0,0,1,0
R03411,1,2,5,2,7,121,0,1,0,
R03412,1,2,5,2,7,127,0,0,1,0
R03413,1,2,5,2,7,121,0,1,0,
R03414,1,2,5,2,7,127,0,0,1,0
R03415,1,2,5,2,7,126,0,1,0,
R03416,1,2,5,2,7,132,0,0,1,0
R03417,1,2,5,2,7,118,2,3,0,
R03418,1,2,5,2,7,124,2,3,0,
R03419,1,2,5,2,7,123,2,3,0,
R03420,1,2,5,2,7,129,2,3,0,
R03421,1,2,5,2,7,123,2,2,1,4
R03422,1,2,5,2,7,129,2,2,1,4
R03423,1,2,5,2,7,128,2,2,1,4
R03424,1,2,5,2,7,134,2,2,1,4
R03425,1,2,5,2,7,122,2,3,0,
R03426,1,2,5,2,7,128,2,3,0,
R03427,1,2,5,2,7,127,2,3,0,
R03428,1,2,5,2,7,133,2,3,0,
R03429,1,2,5,2,7,127,2,2,1,4
R03430,1,2,5,2,7,133,2,2,1,4
R03431,1,2,5,2,7,132,2,2,1,4
R03432,1,2,5,2,7,138,2,2,1,4
R03433,1,2,5,2,7,117,2,3,0,
R03434,1,2,5,2,7,123,2,3,0,
R03435,1,2,5,2,7,122,2,3,0,
R03436,1,2,5,2,7,128,2,3,0,
R03437,1,2,5,2,7,122,2,2,1,20
R03438,1,2,5,2,7,128,2,2,1,20
R03439,1,2,5,2,7,127,2,2,1,20
R03440,1,2,5,2,7,133,2,2,1,20
R03441,1,2,5,2,7,121,2,3,0,
R03442,1,2,5,2,7,127,2,3,0,
R03443,1,2,5,2,7,126,2,3,0,
R03444,1,2,5,2,7,132,2,3,0,
R03445,1,2,5,2,7,126,2,2,1,20
R03446,1,2,5,2,7,132,2,2,1,20
R03447,1,2,5,2,7,131,2,2,1,20
R03448,1,2,5,2,7,137,2,2,1,20
R03449,1,2,5,2,7,123,2,3,0,
R03450,1,2,5,2,7,129,2,3,0,
R03451,1,2,5,2,7,128,2,3,0,
R03452,1,2,5,2,7,134,2,3,0,
R03453,1,2,5,2,7,128,2,2,1,4
R03454,1,2,5,2,7,134,2,2,1,4
R03455,1,2,5,2,7,133,2,2,1,4
R03456,1,2,5,2,7,139,2,2,1,4
R03457,1,2,5,2,7,127,2,3,0,
R03458,1,2,5,2,7,133,2,3,0,
R03459,1,2,5,2,7,132,2,3,0,
R03460,1,2,5,2,7,138,2,3,0,
R03461,1,2,5,2,7,132,2,2,1,4
R03462,1,2,5,2,7,138,2,2,1,4
R03463,1,2,5,2,7,137,2,2,1,4
R03464,1,2,5,2,7,143,2,2,1,4
R03465,1,2,5,2,7,109,1,3,0,
R03466,1,2,5,2,7,115,1,3,0,
R03467,1,2,5,2,7,114,1,2,1,2
R03468,1,2,5,2,7,120,1,2,1,2
R03469,1,2,5,2,7,114,1,3,0,
R03470,1,2,5,2,7,120,1,3,0,
R03471,1,2,5,2,7,119,1,2,1,2
R03472,1,2,5,2,7,125,1,2,1,2
R03473,1,2,5,2,7,113,1,3,0,
R03474,1,2,5,2,7,119,1,3,0,
R03475,1,2,5,2,7,118,1,2,1,2
R03476,1,2,5,2,7,124,1,2,1,2
R03477,1,2,5,2,7,118,1,3,0,
R03478,1,2,5,2,7,124,1,3,0,
R03479,1,2,5,2,7,123,1,2,1,2
R03480,1,2,5,2,7,129,1,2,1,2
R03481,1,2,5,2,7,115,1,3,0,
R03482,1,2,5,2,7,121,1,3,0,
R03483,1,2,5,2,7,120,1,2,1,2
R03484,1,2,5,2,7,126,1,2,1,2
R03485,1,2,5,2,7,120,1,3,0,
R03486,1,2,5,2,7,126,1,3,0,
R03487,1,2,5,2,7,125,1,2,1,2
R03488,1,2,5,2,7,131,1,2,1,2
R03489,1,2,5,2,7,119,1,3,0,
R03490,1,2,5,2,7,125,1,3,0,
R03491,1,2,5,2,7,124,1,2,1,2
R03492,1,2,5,2,7,130,1,2,1,2
R03493,1,2,5,2,7,124,1,3,0,
R03494,1,2,5,2,7,130,1,3,0,
R03495,1,2,5,2,7,129,1,2,1,2
R03496,1,2,5,2,7,135,1,2,1,2
R03497,1,2,5,2,7,114,1,3,0,
R03498,1,2,5,2,7,120,1,3,0,
R03499,1,2,5,2,7,119,1,2,1,2
R03500,1,2,5,2,7,125,1,2,1,2
R03501,1,2,5,2,7,119,1,3,0,
R03502,1,2,5,2,7,125,1,3,0,
R03503,1,2,5,2,7,124,1,2,1,2
R03504,1,2,5,2,7,130,1,2,1,2
R03505,1,2,5,2,7,118,1,3,0,
R03506,1,2,5,2,7,124,1,3,0,
R03507,1,2,5,2,7,123,1,2,1,2
R03508,1,2,5,2,7,129,1,2,1,2
R03509,1,2,5,2,7,123,1,3,0,
R03510,1,2,5,2,7,129,1,3,0,
R03511,1,2,5,2,7,128,1,2,1,2
R03512,1,2,5,2,7,134,1,2,1,2
R03513,1,2,5,2,7,120,1,3,0,
R03514,1,2,5,2,7,126,1,3,0,
R03515,1,2,5,2,7,125,1,2,1,2
R03516,1,2,5,2,7,131,1,2,1,2
R03517,1,2,5,2,7,125,1,3,0,
R03518,1,2,5,2,7,131,1,3,0,
R03519,1,2,5,2,7,130,1,2,1,2
R03520,1,2,5,2,7,136,1,2,1,2
R03521,1,2,5,2,7,124,1,3,0,
R03522,1,2,5,2,7,130,1,3,0,
R03523,1,2,5,2,7,129,1,2,1,2
R03524,1,2,5,2,7,135,1,2,1,2
R03525,1,2,5,2,7,129,1,3,0,
R03526,1,2,5,2,7,135,1,3,0,
R03527,1,2,5,2,7,134,1,2,1,2
R03528,1,2,5,2,7,140,1,2,1,2
R03529,1,2,5,2,7,114,1,3,0,
R03530,1,2,5,2,7,120,1,3,0,
R03531,1,2,5,2,7,119,1,2,1,2
R03532,1,2,5,2,7,125,1,2,1,2
R03533,1,2,5,2,7,119,1,3,0,
R03534,1,2,5,2,7,125,1,3,0,
R03535,1,2,5,2,7,124,1,2,1,2
R03536,1,2,5,2,7,130,1,2,1,2
R03537,1,2,5,2,7,118,1,3,0,
R03538,1,2,5,2,7,124,1,3,0,
R03539,1,2,5,2,7,123,1,2,1,2
R03540,1,2,5,2,7,129,1,2,1,2
R03541,1,2,5,2,7,123,1,3,0,
R03542,1,2,5,2,7,129,1,3,0,
R03543,1,2,5,2,7,128,1,2,1,2
R03544,1,2,5,2,7,134,1,2,1,2
R03545,1,2,5,2,7,120,3,5,0,
R03546,1,2,5,2,7,126,3,5,0,
R03547,1,2,5,2,7,125,3,5,0,
R03548,1,2,5,2,7,131,3,5,0,
R03549,1,2,5,2,7,125,3,5,0,
R03550,1,2,5,2,7,131,3,5,0,
R03551,1,2,5,2,7,130,3,5,0,
R03552,1,2,5,2,7,136,3,5,0,
R03553,1,2,5,2,7,124,3,4,1,6
R03554,1,2,5,2,7,130,3,4,1,6
R03555,1,2,5,2,7,129,3,4,1,6
R03556,1,2,5,2,7,135,3,4,1,6
R03557,1,2,5,2,7,129,3,4,1,6
R03558,1,2,5,2,7,135,3,4,1,6
R03559,1,2,5,2,7,134,3,4,1,6
R03560,1,2,5,2,7,140,3,4,1,6
R03561,1,2,5,2,7,119,1,3,0,
R03562,1,2,5,2,7,125,1,3,0,
R03563,1,2,5,2,7,124,1,2,1,2
R03564,1,2,5,2,7,130,1,2,1,2
R03565,1,2,5,2,7,124,1,3,0,
R03566,1,2,5,2,7,130,1,3,0,
R03567,1,2,5,2,7,129,1,2,1,2
R03568,1,2,5,2,7,135,1,2,1,2
R03569,1,2,5,2,7,123,1,3,0,
R03570,1,2,5,2,7,129,1,3,0,
R03571,1,2,5,2,7,128,1,2,1,2
R03572,1,2,5,2,7,134,1,2,1,2
R03573,1,2,5,2,7,128,1,3,0,
R03574,1,2,5,2,7,134,1,3,0,
R03575,1,2,5,2,7,133,1,2,1,2
R03576,1,2,5,2,7,139,1,2,1,2
R03577,1,2,5,2,7,125,3,5,0,
R03578,1,2,5,2,7,131,3,5,0,
R03579,1,2,5,2,7,130,3,5,0,
R03580,1,2,5,2,7,136,3,5,0,
R03581,1,2,5,2,7,130,3,5,0,
R03582,1,2,5,2,7,136,3,5,0,
R03583,1,2,5,2,7,135,3,5,0,
R03584,1,2,5,2,7,141,3,5,0,
R03585,1,2,5,2,7,129,3,4,1,6
R03586,1,2,5,2,7,135,3,4,1,6
R03587,1,2,5,2,7,134,3,4,1,6
R03588,1,2,5,2,7,140,3,4,1,6
R03589,1,2,5,2,7,134,3,4,1,6
R03590,1,2,5,2,7,140,3,4,1,6
R03591,1,2,5,2,7,139,3,4,1,6
R03592,1,2,5,2,7,145,3,4,1,6
R03593,1,2,5,2,7,113,1,3,0,
R03594,1,2,5,2,7,119,1,3,0,
R03595,1,2,5,2,7,118,1,2,1,2
R03596,1,2,5,2,7,124,1,2,1,2
R03597,1,2,5,2,7,118,1,3,0,
R03598,1,2,5,2,7,124,1,3,0,
R03599,1,2,5,2,7,123,1,2,1,2
R03600,1,2,5,2,7,129,1,2,1,2
R03601,1,2,5,2,7,117,1,3,0,
R03602,1,2,5,2,7,123,1,3,0,
R03603,1,2,5,2,7,122,1,2,1,2
R03604,1,2,5,2,7,128,1,2,1,2
R03605,1,2,5,2,7,122,1,3,0,
R03606,1,2,5,2,7,128,1,3,0,
R03607,1,2,5,2,7,127,1,2,1,2
R03608,1,2,5,2,7,133,1,2,1,2
R03609,1,2,5,2,7,119,1,3,0,
R03610,1,2,5,2,7,125,1,3,0,
R03611,1,2,5,2,7,124,1,2,1,2
R03612,1,2,5,2,7,130,1,2,1,2
R03613,1,2,5,2,7,124,1,3,0,
R03614,1,2,5,2,7,130,1,3,0,
R03615,1,2,5,2,7,129,1,2,1,2
R03616,1,2,5,2,7,135,1,2,1,2
R03617,1,2,5,2,7,123,1,3,0,
R03618,1,2,5,2,7,129,1,3,0,
R03619,1,2,5,2,7,128,1,2,1,2
R03620,1,2,5,2,7,134,1,2,1,2
R03621,1,2,5,2,7,128,1,3,0,
R03622,1,2,5,2,7,134,1,3,0,
R03623,1,2,5,2,7,133,1,2,1,2
R03624,1,2,5,2,7,139,1,2,1,2
R03625,1,2,5,2,7,118,3,5,0,
R03626,1,2,5,2,7,124,3,5,0,
R03627,1,2,5,2,7,123,3,5,0,
R03628,1,2,5,2,7,129,3,5,0,
R03629,1,2,5,2,7,123,3,5,0,
R03630,1,2,5,2,7,129,3,5,0,
R03631,1,2,5,2,7,128,3,5,0,
R03632,1,2,5,2,7,134,3,5,0,
R03633,1,2,5,2,7,122,3,4,1,22
R03634,1,2,5,2,7,128,3,4,1,22
R03635,1,2,5,2,7,127,3,4,1,22
R03636,1,2,5,2,7,133,3,4,1,22
R03637,1,2,5,2,7,127,3,4,1,22
R03638,1,2,5,2,7,133,3,4,1,22
R03639,1,2,5,2,7,132,3,4,1,22
R03640,1,2,5,2,7,138,3,4,1,22
R03641,1,2,5,2,7,124,3,5,0,
R03642,1,2,5,2,7,130,3,5,0,
R03643,1,2,5,2,7,129,3,5,0,
R03644,1,2,5,2,7,135,3,5,0,
R03645,1,2,5,2,7,129,3,5,0,
R03646,1,2,5,2,7,135,3,5,0,
R03647,1,2,5,2,7,134,3,5,0,
R03648,1,2,5,2,7,140,3,5,0,
R03649,1,2,5,2,7,128,3,4,1,22
R03650,1,2,5,2,7,134,3,4,1,22
R03651,1,2,5,2,7,133,3,4,1,22
R03652,1,2,5,2,7,139,3,4,1,22
R03653,1,2,5,2,7,133,3,4,1,22
R03654,1,2,5,2,7,139,3,4,1,22
R03655,1,2,5,2,7,138,3,4,1,22
R03656,1,2,5,2,7,144,3,4,1,22
R03657,1,2,5,2,7,118,1,3,0,
R03658,1,2,5,2,7,124,1,3,0,
R03659,1,2,5,2,7,123,1,2,1,2
R03660,1,2,5,2,7,129,1,2,1,2
R03661,1,2,5,2,7,123,1,3,0,
R03662,1,2,5,2,7,129,1,3,0,
R03663,1,2,5,2,7,128,1,2,1,2
R03664,1,2,5,2,7,134,1,2,1,2
R03665,1,2,5,2,7,122,1,3,0,
R03666,1,2,5,2,7,128,1,3,0,
R03667,1,2,5,2,7,127,1,2,1,2
R03668,1,2,5,2,7,133,1,2,1,2
R03669,1,2,5,2,7,127,1,3,0,
R03670,1,2,5,2,7,133,1,3,0,
R03671,1,2,5,2,7,132,1,2,1,2
R03672,1,2,5,2,7,138,1,2,1,2
R03673,1,2,5,2,7,124,3,5,0,
R03674,1,2,5,2,7,130,3,5,0,
R03675,1,2,5,2,7,129,3,5,0,
R03676,1,2,5,2,7,135,3,5,0,
R03677,1,2,5,2,7,129,3,5,0,
R03678,1,2,5,2,7,135,3,5,0,
R03679,1,2,5,2,7,134,3,5,0,
R03680,1,2,5,2,7,140,3,5,0,
R03681,1,2,5,2,7,128,3,4,1,6
R03682,1,2,5,2,7,134,3,4,1,6
R03683,1,2,5,2,7,133,3,4,1,6
R03684,1,2,5,2,7,139,3,4,1,6
R03685,1,2,5,2,7,133,3,4,1,6
R03686,1,2,5,2,7,139,3,4,1,6
R03687,1,2,5,2,7,138,3,4,1,6
R03688,1,2,5,2,7,144,3,4,1,6
R03689,1,2,5,2,7,123,3,5,0,
R03690,1,2,5,2,7,129,3,5,0,
R03691,1,2,5,2,7,128,3,5,0,
R03692,1,2,5,2,7,134,3,5,0,
R03693,1,2,5,2,7,128,3,5,0,
R03694,1,2,5,2,7,134,3,5,0,
R03695,1,2,5,2,7,133,3,5,0,
R03696,1,2,5,2,7,139,3,5,0,
R03697,1,2,5,2,7,127,3,4,1,22
R03698,1,2,5,2,7,133,3,4,1,22
R03699,1,2,5,2,7,132,3,4,1,22
R03700,1,2,5,2,7,138,3,4,1,22
R03701,1,2,5,2,7,132,3,4,1,22
R03702,1,2,5,2,7,138,3,4,1,22
R03703,1,2,5,2,7,137,3,4,1,22
R03704,1,2,5,2,7,143,3,4,1,22
R03705,1,2,5,2,7,129,3,5,0,
R03706,1,2,5,2,7,135,3,5,0,
R03707,1,2,5,2,7,134,3,5,0,
R03708,1,2,5,2,7,140,3,5,0,
R03709,1,2,5,2,7,134,3,5,0,
R03710,1,2,5,2,7,140,3,5,0,
R03711,1,2,5,2,7,139,3,5,0,
R03712,1,2,5,2,7,145,3,5,0,
R03713,1,2,5,2,7,133,3,4,1,6
R03714,1,2,5,2,7,139,3,4,1,6
R03715,1,2,5,2,7,138,3,4,1,6
R03716,1,2,5,2,7,144,3,4,1,6
R03717,1,2,5,2,7,138,3,4,1,6
R03718,1,2,5,2,7,144,3,4,1,6
R03719,1,2,5,2,7,143,3,4,1,6
R03720,1,2,5,2,7,149,3,4,1,6
R03721,1,2,5,2,7,108,0,1,0,
R03722,1,2,5,2,7,114,0,0,1,0
R03723,1,2,5,2,7,113,0,1,0,
R03724,1,2,5,2,7,119,0,0,1,0
R03725,1,2,5,2,7,113,0,1,0,
R03726,1,2,5,2,7,119,0,0,1,0
R03727,1,2,5,2,7,118,0,1,0,
R03728,1,2,5,2,7,124,0,0,1,0
R03729,1,2,5,2,7,112,0,1,0,
R03730,1,2,5,2,7,118,0,0,1,0
R03731,1,2,5,2,7,117,0,1,0,
R03732,1,2,5,2,7,123,0,0,1,0
R03733,1,2,5,2,7,117,0,1,0,
R03734,1,2,5,2,7,123,0,0,1,0
R03735,1,2,5,2,7,122,0,1,0,
R03736,1,2,5,2,7,128,0,0,1,0
R03737,1,2,5,2,7,114,0,1,0,
R03738,1,2,5,2,7,120,0,0,1,0
R03739,1,2,5,2,7,119,0,1,0,
R03740,1,2,5,2,7,125,0,0,1,0
R03741,1,2,5,2,7,119,0,1,0,
R03742,1,2,5,2,7,125,0,0,1,0
R03743,1,2,5,2,7,124,0,1,0,
R03744,1,2,5,2,7,130,0,0,1,0
R03745,1,2,5,2,7,118,0,1,0,
R03746,1,2,5,2,7,124,0,0,1,0
R03747,1,2,5,2,7,123,0,1,0,
R03748,1,2,5,2,7,129,0,0,1,0
R03749,1,2,5,2,7,123,0,1,0,
R03750,1,2,5,2,7,129,0,0,1,0
R03751,1,2,5,2,7,128,0,1,0,
R03752,1,2,5,2,7,134,0,0,1,0
R03753,1,2,5,2,7,113,0,1,0,
R03754,1,2,5,2,7,119,0,0,1,0
R03755,1,2,5,2,7,118,0,1,0,
R03756,1,2,5,2,7,124,0,0,1,0
R03757,1,2,5,2,7,118,0,1,0,
R03758,1,2,5,2,7,124,0,0,1,0
R03759,1,2,5,2,7,123,0,1,0,
R03760,1,2,5,2,7,129,0,0,1,0
R03761,1,2,5,2,7,117,0,1,0,
R03762,1,2,5,2,7,123,0,0,1,0
R03763,1,2,5,2,7,122,0,1,0,
R03764,1,2,5,2,7,128,0,0,1,0
R03765,1,2,5,2,7,122,0,1,0,
R03766,1,2,5,2,7,128,0,0,1,0
R03767,1,2,5,2,7,127,0,1,0,
R03768,1,2,5,2,7,133,0,0,1,0
R03769,1,2,5,2,7,119,0,1,0,
R03770,1,2,5,2,7,125,0,0,1,0
R03771,1,2,5,2,7,124,0,1,0,
R03772,1,2,5,2,7,130,0,0,1,0
R03773,1,2,5,2,7,124,0,1,0,
R03774,1,2,5,2,7,130,0,0,1,0
R03775,1,2,5,2,7,129,0,1,0,
R03776,1,2,5,2,7,135,0,0,1,0
R03777,1,2,5,2,7,123,0,1,0,
R03778,1,2,5,2,7,129,0,0,1,0
R03779,1,2,5,2,7,128,0,1,0,
R03780,1,2,5,2,7,134,0,0,1,0
R03781,1,2,5,2,7,128,0,1,0,
R03782,1,2,5,2,7,134,0,0,1,0
R03783,1,2,5,2,7,133,0,1,0,
R03784,1,2,5,2,7,139,0,0,1,0
R03785,1,2,5,2,7,113,0,1,0,
R03786,1,2,5,2,7,119,0,0,1,0
R03787,1,2,5,2,7,118,0,1,0,
R03788,1,2,5,2,7,124,0,0,1,0
R03789,1,2,5,2,7,118,0,1,0,
R03790,1,2,5,2,7,124,0,0,1,0
R03791,1,2,5,2,7,123,0,1,0,
R03792,1,2,5,2,7,129,0,0,1,0
R03793,1,2,5,2,7,117,0,1,0,
R03794,1,2,5,2,7,123,0,0,1,0
R03795,1,2,5,2,7,122,0,1,0,
R03796,1,2,5,2,7,128,0,0,1,0
R03797,1,2,5,2,7,122,0,1,0,
R03798,1,2,5,2,7,128,0,0,1,0
R03799,1,2,5,2,7,127,0,1,0,
R03800,1,2,5,2,7,133,0,0,1,0
R03801,1,2,5,2,7,119,2,3,0,
R03802,1,2,5,2,7,125,2,3,0,
R03803,1,2,5,2,7,124,2,3,0,
R03804,1,2,5,2,7,130,2,3,0,
R03805,1,2,5,2,7,124,2,2,1,4
R03806,1,2,5,2,7,130,2,2,1,4
R03807,1,2,5,2,7,129,2,2,1,4
R03808,1,2,5,2,7,135,2,2,1,4
R03809,1,2,5,2,7,123,2,3,0,
R03810,1,2,5,2,7,129,2,3,0,
R03811,1,2,5,2,7,128,2,3,0,
R03812,1,2,5,2,7,134,2,3,0,
R03813,1,2,5,2,7,128,2,2,1,4
R03814,1,2,5,2,7,134,2,2,1,4
R03815,1,2,5,2,7,133,2,2,1,4
R03816,1,2,5,2,7,139,2,2,1,4
R03817,1,2,5,2,7,118,0,1,0,
R03818,1,2,5,2,7,124,0,0,1,0
R03819,1,2,5,2,7,123,0,1,0,
R03820,1,2,5,2,7,129,0,0,1,0
R03821,1,2,5,2,7,123,0,1,0,
R03822,1,2,5,2,7,129,0,0,1,0
R03823,1,2,5,2,7,128,0,1,0,
R03824,1,2,5,2,7,134,0,0,1,0
R03825,1,2,5,2,7,122,0,1,0,
R03826,1,2,5,2,7,128,0,0,1,0
R03827,1,2,5,2,7,127,0,1,0,
R03828,1,2,5,2,7,133,0,0,1,0
R03829,1,2,5,2,7,127,0,1,0,
R03830,1,2,5,2,7,133,0,0,1,0
R03831,1,2,5,2,7,132,0,1,0,
R03832,1,2,5,2,7,138,0,0,1,0
R03833,1,2,5,2,7,124,2,3,0,
R03834,1,2,5,2,7,130,2,3,0,
R03835,1,2,5,2,7,129,2,3,0,
R03836,1,2,5,2,7,135,2,3,0,
R03837,1,2,5,2,7,129,2,2,1,4
R03838,1,2,5,2,7,135,2,2,1,4
R03839,1,2,5,2,7,134,2,2,1,4
R03840,1,2,5,2,7,140,2,2,1,4
R03841,1,2,5,2,7,128,2,3,0,
R03842,1,2,5,2,7,134,2,3,0,
R03843,1,2,5,2,7,133,2,3,0,
R03844,1,2,5,2,7,139,2,3,0,
R03845,1,2,5,2,7,133,2,2,1,4
R03846,1,2,5,2,7,139,2,2,1,4
R03847,1,2,5,2,7,138,2,2,1,4
R03848,1,2,5,2,7,144,2,2,1,4
R03849,1,2,5,2,7,112,0,1,0,
R03850,1,2,5,2,7,118,0,0,1,0
R03851,1,2,5,2,7,117,0,1,0,
R03852,1,2,5,2,7,123,0,0,1,0
R03853,1,2,5,2,7,117,0,1,0,
R03854,1,2,5,2,7,123,0,0,1,0
R03855,1,2,5,2,7,122,0,1,0,
R03856,1,2,5,2,7,128,0,0,1,0
R03857,1,2,5,2,7,116,0,1,0,
R03858,1,2,5,2,7,122,0,0,1,0
R03859,1,2,5,2,7,121,0,1,0,
R03860,1,2,5,2,7,127,0,0,1,0
R03861,1,2,5,2,7,121,0,1,0,
R03862,1,2,5,2,7,127,0,0,1,0
R03863,1,2,5,2,7,126,0,1,0,
R03864,1,2,5,2,7,132,0,0,1,0
R03865,1,2,5,2,7,118,0,1,0,
R03866,1,2,5,2,7,124,0,0,1,0
R03867,1,2,5,2,7,123,0,1,0,
R03868,1,2,5,2,7,129,0,0,1,0
R03869,1,2,5,2,7,123,0,1,0,
R03870,1,2,5,2,7,129,0,0,1,0
R03871,1,2,5,2,7,128,0,1,0,
R03872,1,2,5,2,7,134,0,0,1,0
R03873,1,2,5,2,7,122,0,1,0,
R03874,1,2,5,2,7,128,0,0,1,0
R03875,1,2,5,2,7,127,0,1,0,
R03876,1,2,5,2,7,133,0,0,1,0
R03877,1,2,5,2,7,127,0,1,0,
R03878,1,2,5,2,7,133,0,0,1,0
R03879,1,2,5,2,7,132,0,1,0,
R03880,1,2,5,2,7,138,0,0,1,0
R03881,1,2,5,2,7,117,2,3,0,
R03882,1,2,5,2,7,123,2,3,0,
R03883,1,2,5,2,7,122,2,3,0,
R03884,1,2,5,2,7,128,2,3,0,
R03885,1,2,5,2,7,122,2,2,1,20
R03886,1,2,5,2,7,128,2,2,1,20
R03887,1,2,5,2,7,127,2,2,1,20
R03888,1,2,5,2,7,133,2,2,1,20
R03889,1,2,5,2,7,121,2,3,0,
R03890,1,2,5,2,7,127,2,3,0,
R03891,1,2,5,2,7,126,2,3,0,
R03892,1,2,5,2,7,132,2,3,0,
R03893,1,2,5,2,7,126,2,2,1,20
R03894,1,2,5,2,7,132,2,2,1,20
R03895,1,2,5,2,7,131,2,2,1,20
R03896,1,2,5,2,7,137,2,2,1,20
R03897,1,2,5,2,7,123,2,3,0,
R03898,1,2,5,2,7,129,2,3,0,
R03899,1,2,5,2,7,128,2,3,0,
R03900,1,2,5,2,7,134,2,3,0,
R03901,1,2,5,2,7,128,2,2,1,20
R03902,1,2,5,2,7,134,2,2,1,20
R03903,1,2,5,2,7,133,2,2,1,20
R03904,1,2,5,2,7,139,2,2,1,20
R03905,1,2,5,2,7,127,2,3,0,
R03906,1,2,5,2,7,133,2,3,0,
R03907,1,2,5,2,7,132,2,3,0,
R03908,1,2,5,2,7,138,2,3,0,
R03909,1,2,5,2,7,132,2,2,1,20
R03910,1,2,5,2,7,138,2,2,1,20
R03911,1,2,5,2,7,137,2,2,1,20
R03912,1,2,5,2,7,143,2,2,1,20
R03913,1,2,5,2,7,117,0,1,0,
R03914,1,2,5,2,7,123,0,0,1,0
R03915,1,2,5,2,7,122,0,1,0,
R03916,1,2,5,2,7,128,0,0,1,0
R03917,1,2,5,2,7,122,0,1,0,
R03918,1,2,5,2,7,128,0,0,1,0
R03919,1,2,5,2,7,127,0,1,0,
R03920,1,2,5,2,7,133,0,0,1,0
R03921,1,2,5,2,7,121,0,1,0,
R03922,1,2,5,2,7,127,0,0,1,0
R03923,1,2,5,2,7,126,0,1,0,
R03924,1,2,5,2,7,132,0,0,1,0
R03925,1,2,5,2,7,126,0,1,0,
R03926,1,2,5,2,7,132,0,0,1,0
R03927,1,2,5,2,7,131,0,1,0,
R03928,1,2,5,2,7,137,0,0,1,0
R03929,1,2,5,2,7,123,2,3,0,
R03930,1,2,5,2,7,129,2,3,0,
R03931,1,2,5,2,7,128,2,3,0,
R03932,1,2,5,2,7,134,2,3,0,
R03933,1,2,5,2,7,128,2,2,1,4
R03934,1,2,5,2,7,134,2,2,1,4
R03935,1,2,5,2,7,133,2,2,1,4
R03936,1,2,5,2,7,139,2,2,1,4
R03937,1,2,5,2,7,127,2,3,0,
R03938,1,2,5,2,7,133,2,3,0,
R03939,1,2,5,2,7,132,2,3,0,
R03940,1,2,5,2,7,138,2,3,0,
R03941,1,2,5,2,7,132,2,2,1,4
R03942,1,2,5,2,7,138,2,2,1,4
R03943,1,2,5,2,7,137,2,2,1,4
R03944,1,2,5,2,7,143,2,2,1,4
R03945,1,2,5,2,7,122,2,3,0,
R03946,1,2,5,2,7,128,2,3,0,
R03947,1,2,5,2,7,127,2,3,0,
R03948,1,2,5,2,7,133,2,3,0,
R03949,1,2,5,2,7,127,2,2,1,20
R03950,1,2,5,2,7,133,2,2,1,20
R03951,1,2,5,2,7,132,2,2,1,20
R03952,1,2,5,2,7,138,2,2,1,20
R03953,1,2,5,2,7,126,2,3,0,
R03954,1,2,5,2,7,132,2,3,0,
R03955,1,2,5,2,7,131,2,3,0,
R03956,1,2,5,2,7,137,2,3,0,
R03957,1,2,5,2,7,131,2,2,1,20
R03958,1,2,5,2,7,137,2,2,1,20
R03959,1,2,5,2,7,136,2,2,1,20
R03960,1,2,5,2,7,142,2,2,1,20
R03961,1,2,5,2,7,128,2,3,0,
R03962,1,2,5,2,7,134,2,3,0,
R03963,1,2,5,2,7,133,2,3,0,
R03964,1,2,5,2,7,139,2,3,0,
R03965,1,2,5,2,7,133,2,2,1,4
R03966,1,2,5,2,7,139,2,2,1,4
R03967,1,2,5,2,7,138,2,2,1,4
R03968,1,2,5,2,7,144,2,2,1,4
R03969,1,2,5,2,7,132,2,3,0,
R03970,1,2,5,2,7,138,2,3,0,
R03971,1,2,5,2,7,137,2,3,0,
R03972,1,2,5,2,7,143,2,3,0,
R03973,1,2,5,2,7,137,2,2,1,4
R03974,1,2,5,2,7,143,2,2,1,4
R03975,1,2,5,2,7,142,2,2,1,4
R03976,1,2,5,2,7,148,2,2,1,4
R03977,1,2,5,2,7,114,1,3,0,
R03978,1,2,5,2,7,120,1,3,0,
R03979,1,2,5,2,7,119,1,2,1,2
R03980,1,2,5,2,7,125,1,2,1,2
R03981,1,2,5,2,7,119,1,3,0,
R03982,1,2,5,2,7,125,1,3,0,
R03983,1,2,5,2,7,124,1,2,1,2
R03984,1,2,5,2,7,130,1,2,1,2
R03985,1,2,5,2,7,118,1,3,0,
R03986,1,2,5,2,7,124,1,3,0,
R03987,1,2,5,2,7,123,1,2,1,2
R03988,1,2,5,2,7,129,1,2,1,2
R03989,1,2,5,2,7,123,1,3,0,
R03990,1,2,5,2,7,129,1,3,0,
R03991,1,2,5,2,7,128,1,2,1,2
R03992,1,2,5,2,7,134,1,2,1,2
R03993,1,2,5,2,7,120,1,3,0,
R03994,1,2,5,2,7,126,1,3,0,
R03995,1,2,5,2,7,125,1,2,1,2
R03996,1,2,5,2,7,131,1,2,1,2
R03997,1,2,5,2,7,125,1,3,0,
R03998,1,2,5,2,7,131,1,3,0,
R03999,1,2,5,2,7,130,1,2,1,2
R04000,1,2,5,2,7,136,1,2,1,2
R04001,1,2,5,2,7,124,1,3,0,
R04002,1,2,5,2,7,130,1,3,0,
R04003,1,2,5,2,7,129,1,2,1,2
R04004,1,2,5,2,7,135,1,2,1,2
R04005,1,2,5,2,7,129,1,3,0,
R04006,1,2,5,2,7,135,1,3,0,
R04007,1,2,5,2,7,134,1,2,1,2
R04008,1,2,5,2,7,140,1,2,1,2
R04009,1,2,5,2,7,119,1,3,0,
R04010,1,2,5,2,7,125,1,3,0,
R04011,1,2,5,2,7,124,1,2,1,2
R04012,1,2,5,2,7,130,1,2,1,2
R04013,1,2,5,2,7,124,1,3,0,
R04014,1,2,5,2,7,130,1,3,0,
R04015,1,2,5,2,7,129,1,2,1,2
R04016,1,2,5,2,7,135,1,2,1,2
R04017,1,2,5,2,7,123,1,3,0,
R04018,1,2,5,2,7,129,1,3,0,
R04019,1,2,5,2,7,128,1,2,1,2
R04020,1,2,5,2,7,134,1,2,1,2
R04021,1,2,5,2,7,128,1,3,0,
R04022,1,2,5,2,7,134,1,3,0,
R04023,1,2,5,2,7,133,1,2,1,2
R04024,1,2,5,2,7,139,1,2,1,2
R04025,1,2,5,2,7,125,1,3,0,
R04026,1,2,5,2,7,131,1,3,0,
R04027,1,2,5,2,7,130,1,2,1,2
R04028,1,2,5,2,7,136,1,2,1,2
R04029,1,2,5,2,7,130,1,3,0,
R04030,1,2,5,2,7,136,1,3,0,
R04031,1,2,5,2,7,135,1,2,1,2
R04032,1,2,5,2,7,141,1,2,1,2
R04033,1,2,5,2,7,129,1,3,0,
R04034,1,2,5,2,7,135,1,3,0,
R04035,1,2,5,2,7,134,1,2,1,2
R04036,1,2,5,2,7,140,1,2,1,2
R04037,1,2,5,2,7,134,1,3,0,
R04038,1,2,5,2,7,140,1,3,0,
R04039,1,2,5,2,7,139,1,2,1,2
R04040,1,2,5,2,7,145,1,2,1,2
R04041,1,2,5,2,7,119,1,3,0,
R04042,1,2,5,2,7,125,1,3,0,
R04043,1,2,5,2,7,124,1,2,1,2
R04044,1,2,5,2,7,130,1,2,1,2
R04045,1,2,5,2,7,124,1,3,0,
R04046,1,2,5,2,7,130,1,3,0,
R04047,1,2,5,2,7,129,1,2,1,2
R04048,1,2,5,2,7,135,1,2,1,2
R04049,1,2,5,2,7,123,1,3,0,
R04050,1,2,5,2,7,129,1,3,0,
R04051,1,2,5,2,7,128,1,2,1,2
R04052,1,2,5,2,7,134,1,2,1,2
R04053,1,2,5,2,7,128,1,3,0,
R04054,1,2,5,2,7,134,1,3,0,
R04055,1,2,5,2,7,133,1,2,1,2
R04056,1,2,5,2,7,139,1,2,1,2
R04057,1,2,5,2,7,125,3,5,0,
R04058,1,2,5,2,7,131,3,5,0,
R04059,1,2,5,2,7,130,3,5,0,
R04060,1,2,5,2,7,136,3,5,0,
R04061,1,2,5,2,7,130,3,5,0,
R04062,1,2,5,2,7,136,3,5,0,
R04063,1,2,5,2,7,135,3,5,0,
R04064,1,2,5,2,7,141,3,5,0,
R04065,1,2,5,2,7,129,3,4,1,6
R04066,1,2,5,2,7,135,3,4,1,6
R04067,1,2,5,2,7,134,3,4,1,6
R04068,1,2,5,2,7,140,3,4,1,6
R04069,1,2,5,2,7,134,3,4,1,6
R04070,1,2,5,2,7,140,3,4,1,6
R04071,1,2,5,2,7,139,3,4,1,6
R04072,1,2,5,2,7,145,3,4,1,6
R04073,1,2,5,2,7,124,1,3,0,
R04074,1,2,5,2,7,130,1,3,0,
R04075,1,2,5,2,7,129,1,2,1,2
R04076,1,2,5,2,7,135,1,2,1,2
R04077,1,2,5,2,7,129,1,3,0,
R04078,1,2,5,2,7,135,1,3,0,
R04079,1,2,5,2,7,134,1,2,1,2
R04080,1,2,5,2,7,140,1,2,1,2
R04081,1,2,5,2,7,128,1,3,0,
R04082,1,2,5,2,7,134,1,3,0,
R04083,1,2,5,2,7,133,1,2,1,2
R04084,1,2,5,2,7,139,1,2,1,2
R04085,1,2,5,2,7,133,1,3,0,
R04086,1,2,5,2,7,139,1,3,0,
R04087,1,2,5,2,7,138,1,2,1,2
R04088,1,2,5,2,7,144,1,2,1,2
R04089,1,2,5,2,7,130,3,5,0,
R04090,1,2,5,2,7,136,3,5,0,
R04091,1,2,5,2,7,135,3,5,0,
R04092,1,2,5,2,7,141,3,5,0,
R04093,1,2,5,2,7,135,3,5,0,
R04094,1,2,5,2,7,141,3,5,0,
R04095,1,2,5,2,7,140,3,5,0,
R04096,1,2,5,2,7,146,3,5,0,
R04097,1,2,5,2,7,134,3,4,1,6
R04098,1,2,5,2,7,140,3,4,1,6
R04099,1,2,5,2,7,139,3,4,1,6
R04100,1,2,5,2,7,145,3,4,1,6
R04101,1,2,5,2,7,139,3,4,1,6
R04102,1,2,5,2,7,145,3,4,1,6
R04103,1,2,5,2,7,144,3,4,1,6
R04104,1,2,5,2,7,150,3,4,1,6
R04105,1,2,5,2,7,118,1,3,0,
R04106,1,2,5,2,7,124,1,3,0,
R04107,1,2,5,2,7,123,1,2,1,2
R04108,1,2,5,2,7,129,1,2,1,2
R04109,1,2,5,2,7,123,1,3,0,
R04110,1,2,5,2,7,129,1,3,0,
R04111,1,2,5,2,7,128,1,2,1,2
R04112,1,2,5,2,7,134,1,2,1,2
R04113,1,2,5,2,7,122,1,3,0,
R04114,1,2,5,2,7,128,1,3,0,
R04115,1,2,5,2,7,127,1,2,1,2
R04116,1,2,5,2,7,133,1,2,1,2
R04117,1,2,5,2,7,127,1,3,0,
R04118,1,2,5,2,7,133,1,3,0,
R04119,1,2,5,2,7,132,1,2,1,2
R04120,1,2,5,2,7,138,1,2,1,2
R04121,1,2,5,2,7,124,1,3,0,
R04122,1,2,5,2,7,130,1,3,0,
R04123,1,2,5,2,7,129,1,2,1,2
R04124,1,2,5,2,7,135,1,2,1,2
R04125,1,2,5,2,7,129,1,3,0,
R04126,1,2,5,2,7,135,1,3,0,
R04127,1,2,5,2,7,134,1,2,1,2
R04128,1,2,5,2,7,140,1,2,1,2
R04129,1,2,5,2,7,128,1,3,0,
R04130,1,2,5,2,7,134,1,3,0,
R04131,1,2,5,2,7,133,1,2,1,2
R04132,1,2,5,2,7,139,1,2,1,2
R04133,1,2,5,2,7,133,1,3,0,
R04134,1,2,5,2,7,139,1,3,0,
R04135,1,2,5,2,7,138,1,2,1,2
R04136,1,2,5,2,7,144,1,2,1,2
R04137,1,2,5,2,7,123,3,5,0,
R04138,1,2,5,2,7,129,3,5,0,
R04139,1,2,5,2,7,128,3,5,0,
R04140,1,2,5,2,7,134,3,5,0,
R04141,1,2,5,2,7,128,3,5,0,
R04142,1,2,5,2,7,134,3,5,0,
R04143,1,2,5,2,7,133,3,5,0,
R04144,1,2,5,2,7,139,3,5,0,
R04145,1,2,5,2,7,127,3,4,1,22
R04146,1,2,5,2,7,133,3,4,1,22
R04147,1,2,5,2,7,132,3,4,1,22
R04148,1,2,5,2,7,138,3,4,1,22
R04149,1,2,5,2,7,132,3,4,1,22
R04150,1,2,5,2,7,138,3,4,1,22
R04151,1,2,5,2,7,137,3,4,1,22
R04152,1,2,5,2,7,143,3,4,1,22
R04153,1,2,5,2,7,129,3,5,0,
R04154,1,2,5,2,7,135,3,5,0,
R04155,1,2,5,2,7,134,3,5,0,
R04156,1,2,5,2,7,140,3,5,0,
R04157,1,2,5,2,7,134,3,5,0,
R04158,1,2,5,2,7,140,3,5,0,
R04159,1,2,5,2,7,139,3,5,0,
R04160,1,2,5,2,7,145,3,5,0,
R04161,1,2,5,2,7,133,3,4,1,22
R04162,1,2,5,2,7,139,3,4,1,22
R04163,1,2,5,2,7,138,3,4,1,22
R04164,1,2,5,2,7,144,3,4,1,22
R04165,1,2,5,2,7,138,3,4,1,22
R04166,1,2,5,2,7,144,3,4,1,22
R04167,1,2,5,2,7,143,3,4,1,22
R04168,1,2,5,2,7,149,3,4,1,22
R04169,1,2,5,2,7,123,1,3,0,
R04170,1,2,5,2,7,129,1,3,0,
R04171,1,2,5,2,7,128,1,2,1,2
R04172,1,2,5,2,7,134,1,2,1,2
R04173,1,2,5,2,7,128,1,3,0,
R04174,1,2,5,2,7,134,1,3,0,
R04175,1,2,5,2,7,133,1,2,1,2
R04176,1,2,5,2,7,139,1,2,1,2
R04177,1,2,5,2,7,127,1,3,0,
R04178,1,2,5,2,7,133,1,3,0,
R04179,1,2,5,2,7,132,1,2,1,2
R04180,1,2,5,2,7,138,1,2,1,2
R04181,1,2,5,2,7,132,1,3,0,
R04182,1,2,5,2,7,138,1,3,0,
R04183,1,2,5,2,7,137,1,2,1,2
R04184,1,2,5,2,7,143,1,2,1,2
R04185,1,2,5,2,7,129,3,5,0,
R04186,1,2,5,2,7,135,3,5,0,
R04187,1,2,5,2,7,134,3,5,0,
R04188,1,2,5,2,7,140,3,5,0,
R04189,1,2,5,2,7,134,3,5,0,
R04190,1,2,5,2,7,140,3,5,0,
R04191,1,2,5,2,7,139,3,5,0,
R04192,1,2,5,2,7,145,3,5,0,
R04193,1,2,5,2,7,133,3,4,1,6
R04194,1,2,5,2,7,139,3,4,1,6
R04195,1,2,5,2,7,138,3,4,1,6
R04196,1,2,5,2,7,144,3,4,1,6
R04197,1,2,5,2,7,138,3,4,1,6
R04198,1,2,5,2,7,144,3,4,1,6
R04199,1,2,5,2,7,143,3,4,1,6
R04200,1,2,5,2,7,149,3,4,1,6
R04201,1,2,5,2,7,128,3,5,0,
R04202,1,2,5,2,7,134,3,5,0,
R04203,1,2,5,2,7,133,3,5,0,
R04204,1,2,5,2,7,139,3,5,0,
R04205,1,2,5,2,7,133,3,5,0,
R04206,1,2,5,2,7,139,3,5,0,
R04207,1,2,5,2,7,138,3,5,0,
R04208,1,2,5,2,7,144,3,5,0,
R04209,1,2,5,2,7,132,3,4,1,22
R04210,1,2,5,2,7,138,3,4,1,22
R04211,1,2,5,2,7,137,3,4,1,22
R04212,1,2,5,2,7,143,3,4,1,22
R04213,1,2,5,2,7,137,3,4,1,22
R04214,1,2,5,2,7,143,3,4,1,22
R04215,1,2,5,2,7,142,3,4,1,22
R04216,1,2,5,2,7,148,3,4,1,22
R04217,1,2,5,2,7,134,3,5,0,
R04218,1,2,5,2,7,140,3,5,0,
R04219,1,2,5,2,7,139,3,5,0,
R04220,1,2,5,2,7,145,3,5,0,
R04221,1,2,5,2,7,139,3,5,0,
R04222,1,2,5,2,7,145,3,5,0,
R04223,1,2,5,2,7,144,3,5,0,
R04224,1,2,5,2,7,150,3,5,0,
R04225,1,2,5,2,7,138,3,4,1,6
R04226,1,2,5,2,7,144,3,4,1,6
R04227,1,2,5,2,7,143,3,4,1,6
R04228,1,2,5,2,7,149,3,4,1,6
R04229,1,2,5,2,7,143,3,4,1,6
R04230,1,2,5,2,7,149,3,4,1,6
R04231,1,2,5,2,7,148,3,4,1,6
R04232,1,2,5,2,7,154,3,4,1,6
R04233,1,2,5,2,7,102,0,1,0,
R04234,1,2,5,2,7,108,0,0,1,0
R04235,1,2,5,2,7,107,0,1,0,
R04236,1,2,5,2,7,113,0,0,1,0
R04237,1,2,5,2,7,107,0,1,0,
R04238,1,2,5,2,7,113,0,0,1,0
R04239,1,2,5,2,7,112,0,1,0,
R04240,1,2,5,2,7,118,0,0,1,0
R04241,1,2,5,2,7,106,0,1,0,
R04242,1,2,5,2,7,112,0,0,1,0
R04243,1,2,5,2,7,111,0,1,0,
R04244,1,2,5,2,7,117,0,0,1,0
R04245,1,2,5,2,7,111,0,1,0,
R04246,1,2,5,2,7,117,0,0,1,0
R04247,1,2,5,2,7,116,0,1,0,
R04248,1,2,5,2,7,122,0,0,1,0
R04249,1,2,5,2,7,108,0,1,0,
R04250,1,2,5,2,7,114,0,0,1,0
R04251,1,2,5,2,7,113,0,1,0,
R04252,1,2,5,2,7,119,0,0,1,0
R04253,1,2,5,2,7,113,0,1,0,
R04254,1,2,5,2,7,119,0,0,1,0
R04255,1,2,5,2,7,118,0,1,0,
R04256,1,2,5,2,7,124,0,0,1,0
R04257,1,2,5,2,7,112,0,1,0,
R04258,1,2,5,2,7,118,0,0,1,0
R04259,1,2,5,2,7,117,0,1,0,
R04260,1,2,5,2,7,123,0,0,1,0
R04261,1,2,5,2,7,117,0,1,0,
R04262,1,2,5,2,7,123,0,0,1,0
R04263,1,2,5,2,7,122,0,1,0,
R04264,1,2,5,2,7,128,0,0,1,0
R04265,1,2,5,2,7,107,0,1,0,
R04266,1,2,5,2,7,113,0,0,1,0
R04267,1,2,5,2,7,112,0,1,0,
R04268,1,2,5,2,7,118,0,0,1,0
R04269,1,2,5,2,7,112,0,1,0,
R04270,1,2,5,2,7,118,0,0,1,0
R04271,1,2,5,2,7,117,0,1,0,
R04272,1,2,5,2,7,123,0,0,1,0
R04273,1,2,5,2,7,111,0,1,0,
R04274,1,2,5,2,7,117,0,0,1,0
R04275,1,2,5,2,7,116,0,1,0,
R04276,1,2,5,2,7,122,0,0,1,0
R04277,1,2,5,2,7,116,0,1,0,
R04278,1,2,5,2,7,122,0,0,1,0
R04279,1,2,5,2,7,121,0,1,0,
R04280,1,2,5,2,7,127,0,0,1,0
R04281,1,2,5,2,7,113,0,1,0,
R04282,1,2,5,2,7,119,0,0,1,0
R04283,1,2,5,2,7,118,0,1,0,
R04284,1,2,5,2,7,124,0,0,1,0
R04285,1,2,5,2,7,118,0,1,0,
R04286,1,2,5,2,7,124,0,0,1,0
R04287,1,2,5,2,7,123,0,1,0,
R04288,1,2,5,2,7,129,0,0,1,0
R04289,1,2,5,2,7,117,0,1,0,
R04290,1,2,5,2,7,123,0,0,1,0
R04291,1,2,5,2,7,122,0,1,0,
R04292,1,2,5,2,7,128,0,0,1,0
R04293,1,2,5,2,7,122,0,1,0,
R04294,1,2,5,2,7,128,0,0,1,0
R04295,1,2,5,2,7,127,0,1,0,
R04296,1,2,5,2,7,133,0,0,1,0
R04297,1,2,5,2,7,107,0,1,0,
R04298,1,2,5,2,7,113,0,0,1,0
R04299,1,2,5,2,7,112,0,1,0,
R04300,1,2,5,2,7,118,0,0,1,0
R04301,1,2,5,2,7,112,0,1,0,
R04302,1,2,5,2,7,118,0,0,1,0
R04303,1,2,5,2,7,117,0,1,0,
R04304,1,2,5,2,7,123,0,0,1,0
R04305,1,2,5,2,7,111,0,1,0,
R04306,1,2,5,2,7,117,0,0,1,0
R04307,1,2,5,2,7,116,0,1,0,
R04308,1,2,5,2,7,122,0,0,1,0
R04309,1,2,5,2,7,116,0,1,0,
R04310,1,2,5,2,7,122,0,0,1,0
R04311,1,2,5,2,7,121,0,1,0,
R04312,1,2,5,2,7,127,0,0,1,0
R04313,1,2,5,2,7,113,2,3,0,
R04314,1,2,5,2,7,119,2,3,0,
R04315,1,2,5,2,7,118,2,3,0,
R04316,1,2,5,2,7,124,2,3,0,
R04317,1,2,5,2,7,118,2,2,1,4
R04318,1,2,5,2,7,124,2,2,1,4
R04319,1,2,5,2,7,123,2,2,1,4
R04320,1,2,5,2,7,129,2,2,1,4
R04321,1,2,5,2,7,117,2,3,0,
R04322,1,2,5,2,7,123,2,3,0,
R04323,1,2,5,2,7,122,2,3,0,
R04324,1,2,5,2,7,128,2,3,0,
R04325,1,2,5,2,7,122,2,2,1,4
R04326,1,2,5,2,7,128,2,2,1,4
R04327,1,2,5,2,7,127,2,2,1,4
R04328,1,2,5,2,7,133,2,2,1,4
R04329,1,2,5,2,7,112,0,1,0,
R04330,1,2,5,2,7,118,0,0,1,0
R04331,1,2,5,2,7,117,0,1,0,
R04332,1,2,5,2,7,123,0,0,1,0
R04333,1,2,5,2,7,117,0,1,0,
R04334,1,2,5,2,7,123,0,0,1,0
R04335,1,2,5,2,7,122,0,1,0,
R04336,1,2,5,2,7,128,0,0,1,0
R04337,1,2,5,2,7,116,0,1,0,
R04338,1,2,5,2,7,122,0,0,1,0
R04339,1,2,5,2,7,121,0,1,0,
R04340,1,2,5,2,7,127,0,0,1,0
R04341,1,2,5,2,7,121,0,1,0,
R04342,1,2,5,2,7,127,0,0,1,0
R04343,1,2,5,2,7,126,0,1,0,
R04344,1,2,5,2,7,132,0,0,1,0
R04345,1,2,5,2,7,118,2,3,0,
R04346,1,2,5,2,7,124,2,3,0,
R04347,1,2,5,2,7,123,2,3,0,
R04348,1,2,5,2,7,129,2,3,0,
R04349,1,2,5,2,7,123,2,2,1,4
R04350,1,2,5,2,7,129,2,2,1,4
R04351,1,2,5,2,7,128,2,2,1,4
R04352,1,2,5,2,7,134,2,2,1,4
R04353,1,2,5,2,7,122,2,3,0,
R04354,1,2,5,2,7,128,2,3,0,
R04355,1,2,5,2,7,127,2,3,0,
R04356,1,2,5,2,7,133,2,3,0,
R04357,1,2,5,2,7,127,2,2,1,4
R04358,1,2,5,2,7,133,2,2,1,4
R04359,1,2,5,2,7,132,2,2,1,4
R04360,1,2,5,2,7,138,2,2,1,4
R04361,1,2,5,2,7,106,0,1,0,
R04362,1,2,5,2,7,112,0,0,1,0
R04363,1,2,5,2,7,111,0,1,0,
R04364,1,2,5,2,7,117,0,0,1,0
R04365,1,2,5,2,7,111,0,1,0,
R04366,1,2,5,2,7,117,0,0,1,0
R04367,1,2,5,2,7,116,0,1,0,
R04368,1,2,5,2,7,122,0,0,1,0
R04369,1,2,5,2,7,110,0,1,0,
R04370,1,2,5,2,7,116,0,0,1,0
R04371,1,2,5,2,7,115,0,1,0,
R04372,1,2,5,2,7,121,0,0,1,0
R04373,1,2,5,2,7,115,0,1,0,
R04374,1,2,5,2,7,121,0,0,1,0
R04375,1,2,5,2,7,120,0,1,0,
R04376,1,2,5,2,7,126,0,0,1,0
R04377,1,2,5,2,7,112,0,1,0,
R04378,1,2,5,2,7,118,0,0,1,0
R04379,1,2,5,2,7,117,0,1,0,
R04380,1,2,5,2,7,123,0,0,1,0
R04381,1,2,5,2,7,117,0,1,0,
R04382,1,2,5,2,7,123,0,0,1,0
R04383,1,2,5,2,7,122,0,1,0,
R04384,1,2,5,2,7,128,0,0,1,0
R04385,1,2,5,2,7,116,0,1,0,
R04386,1,2,5,2,7,122,0,0,1,0
R04387,1,2,5,2,7,121,0,1,0,
R04388,1,2,5,2,7,127,0,0,1,0
R04389,1,2,5,2,7,121,0,1,0,
R04390,1,2,5,2,7,127,0,0,1,0
R04391,1,2,5,2,7,126,0,1,0,
R04392,1,2,5,2,7,132,0,0,1,0
R04393,1,2,5,2,7,111,2,3,0,
R04394,1,2,5,2,7,117,2,3,0,
R04395,1,2,5,2,7,116,2,3,0,
R04396,1,2,5,2,7,122,2,3,0,
R04397,1,2,5,2,7,116,2,2,1,20
R04398,1,2,5,2,7,122,2,2,1,20
R04399,1,2,5,2,7,121,2,2,1,20
R04400,1,2,5,2,7,127,2,2,1,20
R04401,1,2,5,2,7,115,2,3,0,
R04402,1,2,5,2,7,121,2,3,0,
R04403,1,2,5,2,7,120,2,3,0,
R04404,1,2,5,2,7,126,2,3,0,
R04405,1,2,5,2,7,120,2,2,1,20
R04406,1,2,5,2,7,126,2,2,1,20
R04407,1,2,5,2,7,125,2,2,1,20
R04408,1,2,5,2,7,131,2,2,1,20
R04409,1,2,5,2,7,117,2,3,0,
R04410,1,2,5,2,7,123,2,3,0,
R04411,1,2,5,2,7,122,2,3,0,
R04412,1,2,5,2,7,128,2,3,0,
R04413,1,2,5,2,7,122,2,2,1,20
R04414,1,2,5,2,7,128,2,2,1,20
R04415,1,2,5,2,7,127,2,2,1,20
R04416,1,2,5,2,7,133,2,2,1,20
R04417,1,2,5,2,7,121,2,3,0,
R04418,1,2,5,2,7,127,2,3,0,
R04419,1,2,5,2,7,126,2,3,0,
R04420,1,2,5,2,7,132,2,3,0,
R04421,1,2,5,2,7,126,2,2,1,20
R04422,1,2,5,2,7,132,2,2,1,20
R04423,1,2,5,2,7,131,2,2,1,20
R04424,1,2,5,2,7,137,2,2,1,20
R04425,1,2,5,2,7,111,0,1,0,
R04426,1,2,5,2,7,117,0,0,1,0
R04427,1,2,5,2,7,116,0,1,0,
R04428,1,2,5,2,7,122,0,0,1,0
R04429,1,2,5,2,7,116,0,1,0,
R04430,1,2,5,2,7,122,0,0,1,0
R04431,1,2,5,2,7,121,0,1,0,
R04432,1,2,5,2,7,127,0,0,1,0
R04433,1,2,5,2,7,115,0,1,0,
R04434,1,2,5,2,7,121,0,0,1,0
R04435,1,2,5,2,7,120,0,1,0,
R04436,1,2,5,2,7,126,0,0,1,0
R04437,1,2,5,2,7,120,0,1,0,
R04438,1,2,5,2,7,126,0,0,1,0
R04439,1,2,5,2,7,125,0,1,0,
R04440,1,2,5,2,7,131,0,0,1,0
R04441,1,2,5,2,7,117,2,3,0,
R04442,1,2,5,2,7,123,2,3,0,
R04443,1,2,5,2,7,122,2,3,0,
R04444,1,2,5,2,7,128,2,3,0,
R04445,1,2,5,2,7,122,2,2,1,4
R04446,1,2,5,2,7,128,2,2,1,4
R04447,1,2,5,2,7,127,2,2,1,4
R04448,1,2,5,2,7,133,2,2,1,4
R04449,1,2,5,2,7,121,2,3,0,
R04450,1,2,5,2,7,127,2,3,0,
R04451,1,2,5,2,7,126,2,3,0,
R04452,1,2,5,2,7,132,2,3,0,
R04453,1,2,5,2,7,126,2,2,1,4
R04454,1,2,5,2,7,132,2,2,1,4
R04455,1,2,5,2,7,131,2,2,1,4
R04456,1,2,5,2,7,137,2,2,1,4
R04457,1,2,5,2,7,116,2,3,0,
R04458,1,2,5,2,7,122,2,3,0,
R04459,1,2,5,2,7,121,2,3,0,
R04460,1,2,5,2,7,127,2,3,0,
R04461,1,2,5,2,7,121,2,2,1,20
R04462,1,2,5,2,7,127,2,2,1,20
R04463,1,2,5,2,7,126,2,2,1,20
R04464,1,2,5,2,7,132,2,2,1,20
R04465,1,2,5,2,7,120,2,3,0,
R04466,1,2,5,2,7,126,2,3,0,
R04467,1,2,5,2,7,125,2,3,0,
R04468,1,2,5,2,7,131,2,3,0,
R04469,1,2,5,2,7,125,2,2,1,20
R04470,1,2,5,2,7,131,2,2,1,20
R04471,1,2,5,2,7,130,2,2,1,20
R04472,1,2,5,2,7,136,2,2,1,20
R04473,1,2,5,2,7,122,2,3,0,
R04474,1,2,5,2,7,128,2,3,0,
R04475,1,2,5,2,7,127,2,3,0,
R04476,1,2,5,2,7,133,2,3,0,
R04477,1,2,5,2,7,127,2,2,1,4
R04478,1,2,5,2,7,133,2,2,1,4
R04479,1,2,5,2,7,132,2,2,1,4
R04480,1,2,5,2,7,138,2,2,1,4
R04481,1,2,5,2,7,126,2,3,0,
R04482,1,2,5,2,7,132,2,3,0,
R04483,1,2,5,2,7,131,2,3,0,
R04484,1,2,5,2,7,137,2,3,0,
R04485,1,2,5,2,7,131,2,2,1,4
R04486,1,2,5,2,7,137,2,2,1,4
R04487,1,2,5,2,7,136,2,2,1,4
R04488,1,2,5,2,7,142,2,2,1,4
R04489,1,2,5,2,7,108,0,1,0,
R04490,1,2,5,2,7,114,0,0,1,0
R04491,1,2,5,2,7,113,0,1,0,
R04492,1,2,5,2,7,119,0,0,1,0
R04493,1,2,5,2,7,113,0,1,0,
R04494,1,2,5,2,7,119,0,0,1,0
R04495,1,2,5,2,7,118,0,1,0,
R04496,1,2,5,2,7,124,0,0,1,0
R04497,1,2,5,2,7,112,0,1,0,
R04498,1,2,5,2,7,118,0,0,1,0
R04499,1,2,5,2,7,117,0,1,0,
R04500,1,2,5,2,7,123,0,0,1,0
R04501,1,2,5,2,7,117,0,1,0,
R04502,1,2,5,2,7,123,0,0,1,0
R04503,1,2,5,2,7,122,0,1,0,
R04504,1,2,5,2,7,128,0,0,1,0
R04505,1,2,5,2,7,114,0,1,0,
R04506,1,2,5,2,7,120,0,0,1,0
R04507,1,2,5,2,7,119,0,1,0,
R04508,1,2,5,2,7,125,0,0,1,0
R04509,1,2,5,2,7,119,0,1,0,
R04510,1,2,5,2,7,125,0,0,1,0
R04511,1,2,5,2,7,124,0,1,0,
R04512,1,2,5,2,7,130,0,0,1,0
R04513,1,2,5,2,7,118,0,1,0,
R04514,1,2,5,2,7,124,0,0,1,0
R04515,1,2,5,2,7,123,0,1,0,
R04516,1,2,5,2,7,129,0,0,1,0
R04517,1,2,5,2,7,123,0,1,0,
R04518,1,2,5,2,7,129,0,0,1,0
R04519,1,2,5,2,7,128,0,1,0,
R04520,1,2,5,2,7,134,0,0,1,0
R04521,1,2,5,2,7,113,0,1,0,
R04522,1,2,5,2,7,119,0,0,1,0
R04523,1,2,5,2,7,118,0,1,0,
R04524,1,2,5,2,7,124,0,0,1,0
R04525,1,2,5,2,7,118,0,1,0,
R04526,1,2,5,2,7,124,0,0,1,0
R04527,1,2,5,2,7,123,0,1,0,
R04528,1,2,5,2,7,129,0,0,1,0
R04529,1,2,5,2,7,117,0,1,0,
R04530,1,2,5,2,7,123,0,0,1,0
R04531,1,2,5,2,7,122,0,1,0,
R04532,1,2,5,2,7,128,0,0,1,0
R04533,1,2,5,2,7,122,0,1,0,
R04534,1,2,5,2,7,128,0,0,1,0
R04535,1,2,5,2,7,127,0,1,0,
R04536,1,2,5,2,7,133,0,0,1,0
R04537,1,2,5,2,7,119,0,1,0,
R04538,1,2,5,2,7,125,0,0,1,0
R04539,1,2,5,2,7,124,0,1,0,
R04540,1,2,5,2,7,130,0,0,1,0
R04541,1,2,5,2,7,124,0,1,0,
R04542,1,2,5,2,7,130,0,0,1,0
R04543,1,2,5,2,7,129,0,1,0,
R04544,1,2,5,2,7,135,0,0,1,0
R04545,1,2,5,2,7,123,0,1,0,
R04546,1,2,5,2,7,129,0,0,1,0
R04547,1,2,5,2,7,128,0,1,0,
R04548,1,2,5,2,7,134,0,0,1,0
R04549,1,2,5,2,7,128,0,1,0,
R04550,1,2,5,2,7,134,0,0,1,0
R04551,1,2,5,2,7,133,0,1,0,
R04552,1,2,5,2,7,139,0,0,1,0
R04553,1,2,5,2,7,113,0,1,0,
R04554,1,2,5,2,7,119,0,0,1,0
R04555,1,2,5,2,7,118,0,1,0,
R04556,1,2,5,2,7,124,0,0,1,0
R04557,1,2,5,2,7,118,0,1,0,
R04558,1,2,5,2,7,124,0,0,1,0
R04559,1,2,5,2,7,123,0,1,0,
R04560,1,2,5,2,7,129,0,0,1,0
R04561,1,2,5,2,7,117,0,1,0,
R04562,1,2,5,2,7,123,0,0,1,0
R04563,1,2,5,2,7,122,0,1,0,
R04564,1,2,5,2,7,128,0,0,1,0
R04565,1,2,5,2,7,122,0,1,0,
R04566,1,2,5,2,7,128,0,0,1,0
R04567,1,2,5,2,7,127,0,1,0,
R04568,1,2,5,2,7,133,0,0,1,0
R04569,1,2,5,2,7,119,2,3,0,
R04570,1,2,5,2,7,125,2,3,0,
R04571,1,2,5,2,7,124,2,3,0,
R04572,1,2,5,2,7,130,2,3,0,
R04573,1,2,5,2,7,124,2,2,1,4
R04574,1,2,5,2,7,130,2,2,1,4
R04575,1,2,5,2,7,129,2,2,1,4
R04576,1,2,5,2,7,135,2,2,1,4
R04577,1,2,5,2,7,123,2,3,0,
R04578,1,2,5,2,7,129,2,3,0,
R04579,1,2,5,2,7,128,2,3,0,
R04580,1,2,5,2,7,134,2,3,0,
R04581,1,2,5,2,7,128,2,2,1,4
R04582,1,2,5,2,7,134,2,2,1,4
R04583,1,2,5,2,7,133,2,2,1,4
R04584,1,2,5,2,7,139,2,2,1,4
R04585,1,2,5,2,7,118,0,1,0,
R04586,1,2,5,2,7,124,0,0,1,0
R04587,1,2,5,2,7,123,0,1,0,
R04588,1,2,5,2,7,129,0,0,1,0
R04589,1,2,5,2,7,123,0,1,0,
R04590,1,2,5,2,7,129,0,0,1,0
R04591,1,2,5,2,7,128,0,1,0,
R04592,1,2,5,2,7,134,0,0,1,0
R04593,1,2,5,2,7,122,0,1,0,
R04594,1,2,5,2,7,128,0,0,1,0
R04595,1,2,5,2,7,127,0,1,0,
R04596,1,2,5,2,7,133,0,0,1,0
R04597,1,2,5,2,7,127,0,1,0,
R04598,1,2,5,2,7,133,0,0,1,0
R04599,1,2,5,2,7,132,0,1,0,
R04600,1,2,5,2,7,138,0,0,1,0
R04601,1,2,5,2,7,124,2,3,0,
R04602,1,2,5,2,7,130,2,3,0,
R04603,1,2,5,2,7,129,2,3,0,
R04604,1,2,5,2,7,135,2,3,0,
R04605,1,2,5,2,7,129,2,2,1,4
R04606,1,2,5,2,7,135,2,2,1,4
R04607,1,2,5,2,7,134,2,2,1,4
R04608,1,2,5,2,7,140,2,2,1,4
R04609,1,2,5,2,7,128,2,3,0,
R04610,1,2,5,2,7,134,2,3,0,
R04611,1,2,5,2,7,133,2,3,0,
R04612,1,2,5,2,7,139,2,3,0,
R04613,1,2,5,2,7,133,2,2,1,4
R04614,1,2,5,2,7,139,2,2,1,4
R04615,1,2,5,2,7,138,2,2,1,4
R04616,1,2,5,2,7,144,2,2,1,4
R04617,1,2,5,2,7,112,0,1,0,
R04618,1,2,5,2,7,118,0,0,1,0
R04619,1,2,5,2,7,117,0,1,0,
R04620,1,2,5,2,7,123,0,0,1,0
R04621,1,2,5,2,7,117,0,1,0,
R04622,1,2,5,2,7,123,0,0,1,0
R04623,1,2,5,2,7,122,0,1,0,
R04624,1,2,5,2,7,128,0,0,1,0
R04625,1,2,5,2,7,116,0,1,0,
R04626,1,2,5,2,7,122,0,0,1,0
R04627,1,2,5,2,7,121,0,1,0,
R04628,1,2,5,2,7,127,0,0,1,0
R04629,1,2,5,2,7,121,0,1,0,
R04630,1,2,5,2,7,127,0,0,1,0
R04631,1,2,5,2,7,126,0,1,0,
R04632,1,2,5,2,7,132,0,0,1,0
R04633,1,2,5,2,7,118,0,1,0,
R04634,1,2,5,2,7,124,0,0,1,0
R04635,1,2,5,2,7,123,0,1,0,
R04636,1,2,5,2,7,129,0,0,1,0
R04637,1,2,5,2,7,123,0,1,0,
R04638,1,2,5,2,7,129,0,0,1,0
R04639,1,2,5,2,7,128,0,1,0,
R04640,1,2,5,2,7,134,0,0,1,0
R04641,1,2,5,2,7,122,0,1,0,
R04642,1,2,5,2,7,128,0,0,1,0
R04643,1,2,5,2,7,127,0,1,0,
R04644,1,2,5,2,7,133,0,0,1,0
R04645,1,2,5,2,7,127,0,1,0,
R04646,1,2,5,2,7,133,0,0,1,0
R04647,1,2,5,2,7,132,0,1,0,
R04648,1,2,5,2,7,138,0,0,1,0
R04649,1,2,5,2,7,117,2,3,0,
R04650,1,2,5,2,7,123,2,3,0,
R04651,1,2,5,2,7,122,2,3,0,
R04652,1,2,5,2,7,128,2,3,0,
R04653,1,2,5,2,7,122,2,2,1,20
R04654,1,2,5,2,7,128,2,2,1,20
R04655,1,2,5,2,7,127,2,2,1,20
R04656,1,2,5,2,7,133,2,2,1,20
R04657,1,2,5,2,7,121,2,3,0,
R04658,1,2,5,2,7,127,2,3,0,
R04659,1,2,5,2,7,126,2,3,0,
R04660,1,2,5,2,7,132,2,3,0,
R04661,1,2,5,2,7,126,2,2,1,20
R04662,1,2,5,2,7,132,2,2,1,20
R04663,1,2,5,2,7,131,2,2,1,20
R04664,1,2,5,2,7,137,2,2,1,20
R04665,1,2,5,2,7,123,2,3,0,
R04666,1,2,5,2,7,129,2,3,0,
R04667,1,2,5,2,7,128,2,3,0,
R04668,1,2,5,2,7,134,2,3,0,
R04669,1,2,5,2,7,128,2,2,1,20
R04670,1,2,5,2,7,134,2,2,1,20
R04671,1,2,5,2,7,133,2,2,1,20
R04672,1,2,5,2,7,139,2,2,1,20
R04673,1,2,5,2,7,127,2,3,0,
R04674,1,2,5,2,7,133,2,3,0,
R04675,1,2,5,2,7,132,2,3,0,
R04676,1,2,5,2,7,138,2,3,0,
R04677,1,2,5,2,7,132,2,2,1,20
R04678,1,2,5,2,7,138,2,2,1,20
R04679,1,2,5,2,7,137,2,2,1,20
R04680,1,2,5,2,7,143,2,2,1,20
R04681,1,2,5,2,7,117,0,1,0,
R04682,1,2,5,2,7,123,0,0,1,0
R04683,1,2,5,2,7,122,0,1,0,
R04684,1,2,5,2,7,128,0,0,1,0
R04685,1,2,5,2,7,122,0,1,0,
R04686,1,2,5,2,7,128,0,0,1,0
R04687,1,2,5,2,7,127,0,1,0,
R04688,1,2,5,2,7,133,0,0,1,0
R04689,1,2,5,2,7,121,0,1,0,
R04690,1,2,5,2,7,127,0,0,1,0
R04691,1,2,5,2,7,126,0,1,0,
R04692,1,2,5,2,7,132,0,0,1,0
R04693,1,2,5,2,7,126,0,1,0,
R04694,1,2,5,2,7,132,0,0,1,0
R04695,1,2,5,2,7,131,0,1,0,
R04696,1,2,5,2,7,137,0,0,1,0
R04697,1,2,5,2,7,123,2,3,0,
R04698,1,2,5,2,7,129,2,3,0,
R04699,1,2,5,2,7,128,2,3,0,
R04700,1,2,5,2,7,134,2,3,0,
R04701,1,2,5,2,7,128,2,2,1,4
R04702,1,2,5,2,7,134,2,2,1,4
R04703,1,2,5,2,7,133,2,2,1,4
R04704,1,2,5,2,7,139,2,2,1,4
R04705,1,2,5,2,7,127,2,3,0,
R04706,1,2,5,2,7,133,2,3,0,
R04707,1,2,5,2,7,132,2,3,0,
R04708,1,2,5,2,7,138,2,3,0,
R04709,1,2,5,2,7,132,2,2,1,4
R04710,1,2,5,2,7,138,2,2,1,4
R04711,1,2,5,2,7,137,2,2,1,4
R04712,1,2,5,2,7,143,2,2,1,4
R04713,1,2,5,2,7,122,2,3,0,
R04714,1,2,5,2,7,128,2,3,0,
R04715,1,2,5,2,7,127,2,3,0,
R04716,1,2,5,2,7,133,2,3,0,
R04717,1,2,5,2,7,127,2,2,1,20
R04718,1,2,5,2,7,133,2,2,1,20
R04719,1,2,5,2,7,132,2,2,1,20
R04720,1,2,5,2,7,138,2,2,1,20
R04721,1,2,5,2,7,126,2,3,0,
R04722,1,2,5,2,7,132,2,3,0,
R04723,1,2,5,2,7,131,2,3,0,
R04724,1,2,5,2,7,137,2,3,0,
R04725,1,2,5,2,7,131,2,2,1,20
R04726,1,2,5,2,7,137,2,2,1,20
R04727,1,2,5,2,7,136,2,2,1,20
R04728,1,2,5,2,7,142,2,2,1,20
R04729,1,2,5,2,7,128,2,3,0,
R04730,1,2,5,2,7,134,2,3,0,
R04731,1,2,5,2,7,133,2,3,0,
R04732,1,2,5,2,7,139,2,3,0,
R04733,1,2,5,2,7,133,2,2,1,4
R04734,1,2,5,2,7,139,2,2,1,4
R04735,1,2,5,2,7,138,2,2,1,4
R04736,1,2,5,2,7,144,2,2,1,4
R04737,1,2,5,2,7,132,2,3,0,
R04738,1,2,5,2,7,138,2,3,0,
R04739,1,2,5,2,7,137,2,3,0,
R04740,1,2,5,2,7,143,2,3,0,
R04741,1,2,5,2,7,137,2,2,1,4
R04742,1,2,5,2,7,143,2,2,1,4
R04743,1,2,5,2,7,142,2,2,1,4
R04744,1,2,5,2,7,148,2,2,1,4
R04745,1,2,5,2,7,107,1,3,0,
R04746,1,2,5,2,7,113,1,3,0,
R04747,1,2,5,2,7,112,1,2,1,10
R04748,1,2,5,2,7,118,1,2,1,10
R04749,1,2,5,2,7,112,1,3,0,
R04750,1,2,5,2,7,118,1,3,0,
R04751,1,2,5,2,7,117,1,2,1,10
R04752,1,2,5,2,7,123,1,2,1,10
R04753,1,2,5,2,7,111,1,3,0,
R04754,1,2,5,2,7,117,1,3,0,
R04755,1,2,5,2,7,116,1,2,1,10
R04756,1,2,5,2,7,122,1,2,1,10
R04757,1,2,5,2,7,116,1,3,0,
R04758,1,2,5,2,7,122,1,3,0,
R04759,1,2,5,2,7,121,1,2,1,10
R04760,1,2,5,2,7,127,1,2,1,10
R04761,1,2,5,2,7,113,1,3,0,
R04762,1,2,5,2,7,119,1,3,0,
R04763,1,2,5,2,7,118,1,2,1,10
R04764,1,2,5,2,7,124,1,2,1,10
R04765,1,2,5,2,7,118,1,3,0,
R04766,1,2,5,2,7,124,1,3,0,
R04767,1,2,5,2,7,123,1,2,1,10
R04768,1,2,5,2,7,129,1,2,1,10
R04769,1,2,5,2,7,117,1,3,0,
R04770,1,2,5,2,7,123,1,3,0,
R04771,1,2,5,2,7,122,1,2,1,10
R04772,1,2,5,2,7,128,1,2,1,10
R04773,1,2,5,2,7,122,1,3,0,
R04774,1,2,5,2,7,128,1,3,0,
R04775,1,2,5,2,7,127,1,2,1,10
R04776,1,2,5,2,7,133,1,2,1,10
R04777,1,2,5,2,7,112,1,3,0,
R04778,1,2,5,2,7,118,1,3,0,
R04779,1,2,5,2,7,117,1,2,1,10
R04780,1,2,5,2,7,123,1,2,1,10
R04781,1,2,5,2,7,117,1,3,0,
R04782,1,2,5,2,7,123,1,3,0,
R04783,1,2,5,2,7,122,1,2,1,10
R04784,1,2,5,2,7,128,1,2,1,10
R04785,1,2,5,2,7,116,1,3,0,
R04786,1,2,5,2,7,122,1,3,0,
R04787,1,2,5,2,7,121,1,2,1,10
R04788,1,2,5,2,7,127,1,2,1,10
R04789,1,2,5,2,7,121,1,3,0,
R04790,1,2,5,2,7,127,1,3,0,
R04791,1,2,5,2,7,126,1,2,1,10
R04792,1,2,5,2,7,132,1,2,1,10
R04793,1,2,5,2,7,118,1,3,0,
R04794,1,2,5,2,7,124,1,3,0,
R04795,1,2,5,2,7,123,1,2,1,10
R04796,1,2,5,2,7,129,1,2,1,10
R04797,1,2,5,2,7,123,1,3,0,
R04798,1,2,5,2,7,129,1,3,0,
R04799,1,2,5,2,7,128,1,2,1,10
R04800,1,2,5,2,7,134,1,2,1,10
R04801,1,2,5,2,7,122,1,3,0,
R04802,1,2,5,2,7,128,1,3,0,
R04803,1,2,5,2,7,127,1,2,1,10
R04804,1,2,5,2,7,133,1,2,1,10
R04805,1,2,5,2,7,127,1,3,0,
R04806,1,2,5,2,7,133,1,3,0,
R04807,1,2,5,2,7,132,1,2,1,10
R04808,1,2,5,2,7,138,1,2,1,10
R04809,1,2,5,2,7,112,1,3,0,
R04810,1,2,5,2,7,118,1,3,0,
R04811,1,2,5,2,7,117,1,2,1,10
R04812,1,2,5,2,7,123,1,2,1,10
R04813,1,2,5,2,7,117,1,3,0,
R04814,1,2,5,2,7,123,1,3,0,
R04815,1,2,5,2,7,122,1,2,1,10
R04816,1,2,5,2,7,128,1,2,1,10
R04817,1,2,5,2,7,116,1,3,0,
R04818,1,2,5,2,7,122,1,3,0,
R04819,1,2,5,2,7,121,1,2,1,10
R04820,1,2,5,2,7,127,1,2,1,10
R04821,1,2,5,2,7,121,1,3,0,
R04822,1,2,5,2,7,127,1,3,0,
R04823,1,2,5,2,7,126,1,2,1,10
R04824,1,2,5,2,7,132,1,2,1,10
R04825,1,2,5,2,7,118,3,5,0,
R04826,1,2,5,2,7,124,3,5,0,
R04827,1,2,5,2,7,123,3,5,0,
R04828,1,2,5,2,7,129,3,5,0,
R04829,1,2,5,2,7,123,3,5,0,
R04830,1,2,5,2,7,129,3,5,0,
R04831,1,2,5,2,7,128,3,5,0,
R04832,1,2,5,2,7,134,3,5,0,
R04833,1,2,5,2,7,122,3,4,1,14
R04834,1,2,5,2,7,128,3,4,1,14
R04835,1,2,5,2,7,127,3,4,1,14
R04836,1,2,5,2,7,133,3,4,1,14
R04837,1,2,5,2,7,127,3,4,1,14
R04838,1,2,5,2,7,133,3,4,1,14
R04839,1,2,5,2,7,132,3,4,1,14
R04840,1,2,5,2,7,138,3,4,1,14
R04841,1,2,5,2,7,117,1,3,0,
R04842,1,2,5,2,7,123,1,3,0,
R04843,1,2,5,2,7,122,1,2,1,10
R04844,1,2,5,2,7,128,1,2,1,10
R04845,1,2,5,2,7,122,1,3,0,
R04846,1,2,5,2,7,128,1,3,0,
R04847,1,2,5,2,7,127,1,2,1,10
R04848,1,2,5,2,7,133,1,2,1,10
R04849,1,2,5,2,7,121,1,3,0,
R04850,1,2,5,2,7,127,1,3,0,
R04851,1,2,5,2,7,126,1,2,1,10
R04852,1,2,5,2,7,132,1,2,1,10
R04853,1,2,5,2,7,126,1,3,0,
R04854,1,2,5,2,7,132,1,3,0,
R04855,1,2,5,2,7,131,1,2,1,10
R04856,1,2,5,2,7,137,1,2,1,10
R04857,1,2,5,2,7,123,3,5,0,
R04858,1,2,5,2,7,129,3,5,0,
R04859,1,2,5,2,7,128,3,5,0,
R04860,1,2,5,2,7,134,3,5,0,
R04861,1,2,5,2,7,128,3,5,0,
R04862,1,2,5,2,7,134,3,5,0,
R04863,1,2,5,2,7,133,3,5,0,
R04864,1,2,5,2,7,139,3,5,0,
R04865,1,2,5,2,7,127,3,4,1,14
R04866,1,2,5,2,7,133,3,4,1,14
R04867,1,2,5,2,7,132,3,4,1,14
R04868,1,2,5,2,7,138,3,4,1,14
R04869,1,2,5,2,7,132,3,4,1,14
R04870,1,2,5,2,7,138,3,4,1,14
R04871,1,2,5,2,7,137,3,4,1,14
R04872,1,2,5,2,7,143,3,4,1,14
R04873,1,2,5,2,7,111,1,3,0,
R04874,1,2,5,2,7,117,1,3,0,
R04875,1,2,5,2,7,116,1,2,1,10
R04876,1,2,5,2,7,122,1,2,1,10
R04877,1,2,5,2,7,116,1,3,0,
R04878,1,2,5,2,7,122,1,3,0,
R04879,1,2,5,2,7,121,1,2,1,10
R04880,1,2,5,2,7,127,1,2,1,10
R04881,1,2,5,2,7,115,1,3,0,
R04882,1,2,5,2,7,121,1,3,0,
R04883,1,2,5,2,7,120,1,2,1,10
R04884,1,2,5,2,7,126,1,2,1,10
R04885,1,2,5,2,7,120,1,3,0,
R04886,1,2,5,2,7,126,1,3,0,
R04887,1,2,5,2,7,125,1,2,1,10
R04888,1,2,5,2,7,131,1,2,1,10
R04889,1,2,5,2,7,117,1,3,0,
R04890,1,2,5,2,7,123,1,3,0,
R04891,1,2,5,2,7,122,1,2,1,10
R04892,1,2,5,2,7,128,1,2,1,10
R04893,1,2,5,2,7,122,1,3,0,
R04894,1,2,5,2,7,128,1,3,0,
R04895,1,2,5,2,7,127,1,2,1,10
R04896,1,2,5,2,7,133,1,2,1,10
R04897,1,2,5,2,7,121,1,3,0,
R04898,1,2,5,2,7,127,1,3,0,
R04899,1,2,5,2,7,126,1,2,1,10
R04900,1,2,5,2,7,132,1,2,1,10
R04901,1,2,5,2,7,126,1,3,0,
R04902,1,2,5,2,7,132,1,3,0,
R04903,1,2,5,2,7,131,1,2,1,10
R04904,1,2,5,2,7,137,1,2,1,10
R04905,1,2,5,2,7,116,3,5,0,
R04906,1,2,5,2,7,122,3,5,0,
R04907,1,2,5,2,7,121,3,5,0,
R04908,1,2,5,2,7,127,3,5,0,
R04909,1,2,5,2,7,121,3,5,0,
R04910,1,2,5,2,7,127,3,5,0,
R04911,1,2,5,2,7,126,3,5,0,
R04912,1,2,5,2,7,132,3,5,0,
R04913,1,2,5,2,7,120,3,4,1,30
R04914,1,2,5,2,7,126,3,4,1,30
R04915,1,2,5,2,7,125,3,4,1,30
R04916,1,2,5,2,7,131,3,4,1,30
R04917,1,2,5,2,7,125,3,4,1,30
R04918,1,2,5,2,7,131,3,4,1,30
R04919,1,2,5,2,7,130,3,4,1,30
R04920,1,2,5,2,7,136,3,4,1,30
R04921,1,2,5,2,7,122,3,5,0,
R04922,1,2,5,2,7,128,3,5,0,
R04923,1,2,5,2,7,127,3,5,0,
R04924,1,2,5,2,7,133,3,5,0,
R04925,1,2,5,2,7,127,3,5,0,
R04926,1,2,5,2,7,133,3,5,0,
R04927,1,2,5,2,7,132,3,5,0,
R04928,1,2,5,2,7,138,3,5,0,
R04929,1,2,5,2,7,126,3,4,1,30
R04930,1,2,5,2,7,132,3,4,1,30
R04931,1,2,5,2,7,131,3,4,1,30
R04932,1,2,5,2,7,137,3,4,1,30
R04933,1,2,5,2,7,131,3,4,1,30
R04934,1,2,5,2,7,137,3,4,1,30
R04935,1,2,5,2,7,136,3,4,1,30
R04936,1,2,5,2,7,142,3,4,1,30
R04937,1,2,5,2,7,116,1,3,0,
R04938,1,2,5,2,7,122,1,3,0,
R04939,1,2,5,2,7,121,1,2,1,10
R04940,1,2,5,2,7,127,1,2,1,10
R04941,1,2,5,2,7,121,1,3,0,
R04942,1,2,5,2,7,127,1,3,0,
R04943,1,2,5,2,7,126,1,2,1,10
R04944,1,2,5,2,7,132,1,2,1,10
R04945,1,2,5,2,7,120,1,3,0,
R04946,1,2,5,2,7,126,1,3,0,
R04947,1,2,5,2,7,125,1,2,1,10
R04948,1,2,5,2,7,131,1,2,1,10
R04949,1,2,5,2,7,125,1,3,0,
R04950,1,2,5,2,7,131,1,3,0,
R04951,1,2,5,2,7,130,1,2,1,10
R04952,1,2,5,2,7,136,1,2,1,10
R04953,1,2,5,2,7,122,3,5,0,
R04954,1,2,5,2,7,128,3,5,0,
R04955,1,2,5,2,7,127,3,5,0,
R04956,1,2,5,2,7,133,3,5,0,
R04957,1,2,5,2,7,127,3,5,0,
R04958,1,2,5,2,7,133,3,5,0,
R04959,1,2,5,2,7,132,3,5,0,
R04960,1,2,5,2,7,138,3,5,0,
R04961,1,2,5,2,7,126,3,4,1,14
R04962,1,2,5,2,7,132,3,4,1,14
R04963,1,2,5,2,7,131,3,4,1,14
R04964,1,2,5,2,7,137,3,4,1,14
R04965,1,2,5,2,7,131,3,4,1,14
R04966,1,2,5,2,7,137,3,4,1,14
R04967,1,2,5,2,7,136,3,4,1,14
R04968,1,2,5,2,7,142,3,4,1,14
R04969,1,2,5,2,7,121,3,5,0,
R04970,1,2,5,2,7,127,3,5,0,
R04971,1,2,5,2,7,126,3,5,0,
R04972,1,2,5,2,7,132,3,5,0,
R04973,1,2,5,2,7,126,3,5,0,
R04974,1,2,5,2,7,132,3,5,0,
R04975,1,2,5,2,7,131,3,5,0,
R04976,1,2,5,2,7,137,3,5,0,
R04977,1,2,5,2,7,125,3,4,1,30
R04978,1,2,5,2,7,131,3,4,1,30
R04979,1,2,5,2,7,130,3,4,1,30
R04980,1,2,5,2,7,136,3,4,1,30
R04981,1,2,5,2,7,130,3,4,1,30
R04982,1,2,5,2,7,136,3,4,1,30
R04983,1,2,5,2,7,135,3,4,1,30
R04984,1,2,5,2,7,141,3,4,1,30
R04985,1,2,5,2,7,127,3,5,0,
R04986,1,2,5,2,7,133,3,5,0,
R04987,1,2,5,2,7,132,3,5,0,
R04988,1,2,5,2,7,138,3,5,0,
R04989,1,2,5,2,7,132,3,5,0,
R04990,1,2,5,2,7,138,3,5,0,
R04991,1,2,5,2,7,137,3,5,0,
R04992,1,2,5,2,7,143,3,5,0,
R04993,1,2,5,2,7,131,3,4,1,14
R04994,1,2,5,2,7,137,3,4,1,14
R04995,1,2,5,2,7,136,3,4,1,14
R04996,1,2,5,2,7,142,3,4,1,14
R04997,1,2,5,2,7,136,3,4,1,14
R04998,1,2,5,2,7,142,3,4,1,14
R04999,1,2,5,2,7,141,3,4,1,14
R05000,1,2,5,2,7,147,3,4,1,14
R05001,1,2,5,2,7,113,1,3,0,
R05002,1,2,5,2,7,119,1,3,0,
R05003,1,2,5,2,7,118,1,2,1,10
R05004,1,2,5,2,7,124,1,2,1,10
R05005,1,2,5,2,7,118,1,3,0,
R05006,1,2,5,2,7,124,1,3,0,
R05007,1,2,5,2,7,123,1,2,1,10
R05008,1,2,5,2,7,129,1,2,1,10
R05009,1,2,5,2,7,117,1,3,0,
R05010,1,2,5,2,7,123,1,3,0,
R05011,1,2,5,2,7,122,1,2,1,10
R05012,1,2,5,2,7,128,1,2,1,10
R05013,1,2,5,2,7,122,1,3,0,
R05014,1,2,5,2,7,128,1,3,0,
R05015,1,2,5,2,7,127,1,2,1,10
R05016,1,2,5,2,7,133,1,2,1,10
R05017,1,2,5,2,7,119,1,3,0,
R05018,1,2,5,2,7,125,1,3,0,
R05019,1,2,5,2,7,124,1,2,1,10
R05020,1,2,5,2,7,130,1,2,1,10
R05021,1,2,5,2,7,124,1,3,0,
R05022,1,2,5,2,7,130,1,3,0,
R05023,1,2,5,2,7,129,1,2,1,10
R05024,1,2,5,2,7,135,1,2,1,10
R05025,1,2,5,2,7,123,1,3,0,
R05026,1,2,5,2,7,129,1,3,0,
R05027,1,2,5,2,7,128,1,2,1,10
R05028,1,2,5,2,7,134,1,2,1,10
R05029,1,2,5,2,7,128,1,3,0,
R05030,1,2,5,2,7,134,1,3,0,
R05031,1,2,5,2,7,133,1,2,1,10
R05032,1,2,5,2,7,139,1,2,1,10
R05033,1,2,5,2,7,118,1,3,0,
R05034,1,2,5,2,7,124,1,3,0,
R05035,1,2,5,2,7,123,1,2,1,10
R05036,1,2,5,2,7,129,1,2,1,10
R05037,1,2,5,2,7,123,1,3,0,
R05038,1,2,5,2,7,129,1,3,0,
R05039,1,2,5,2,7,128,1,2,1,10
R05040,1,2,5,2,7,134,1,2,1,10
R05041,1,2,5,2,7,122,1,3,0,
R05042,1,2,5,2,7,128,1,3,0,
R05043,1,2,5,2,7,127,1,2,1,10
R05044,1,2,5,2,7,133,1,2,1,10
R05045,1,2,5,2,7,127,1,3,0,
R05046,1,2,5,2,7,133,1,3,0,
R05047,1,2,5,2,7,132,1,2,1,10
R05048,1,2,5,2,7,138,1,2,1,10
R05049,1,2,5,2,7,124,1,3,0,
R05050,1,2,5,2,7,130,1,3,0,
R05051,1,2,5,2,7,129,1,2,1,10
R05052,1,2,5,2,7,135,1,2,1,10
R05053,1,2,5,2,7,129,1,3,0,
R05054,1,2,5,2,7,135,1,3,0,
R05055,1,2,5,2,7,134,1,2,1,10
R05056,1,2,5,2,7,140,1,2,1,10
R05057,1,2,5,2,7,128,1,3,0,
R05058,1,2,5,2,7,134,1,3,0,
R05059,1,2,5,2,7,133,1,2,1,10
R05060,1,2,5,2,7,139,1,2,1,10
R05061,1,2,5,2,7,133,1,3,0,
R05062,1,2,5,2,7,139,1,3,0,
R05063,1,2,5,2,7,138,1,2,1,10
R05064,1,2,5,2,7,144,1,2,1,10
R05065,1,2,5,2,7,118,1,3,0,
R05066,1,2,5,2,7,124,1,3,0,
R05067,1,2,5,2,7,123,1,2,1,10
R05068,1,2,5,2,7,129,1,2,1,10
R05069,1,2,5,2,7,123,1,3,0,
R05070,1,2,5,2,7,129,1,3,0,
R05071,1,2,5,2,7,128,1,2,1,10
R05072,1,2,5,2,7,134,1,2,1,10
R05073,1,2,5,2,7,122,1,3,0,
R05074,1,2,5,2,7,128,1,3,0,
R05075,1,2,5,2,7,127,1,2,1,10
R05076,1,2,5,2,7,133,1,2,1,10
R05077,1,2,5,2,7,127,1,3,0,
R05078,1,2,5,2,7,133,1,3,0,
R05079,1,2,5,2,7,132,1,2,1,10
R05080,1,2,5,2,7,138,1,2,1,10
R05081,1,2,5,2,7,124,3,5,0,
R05082,1,2,5,2,7,130,3,5,0,
R05083,1,2,5,2,7,129,3,5,0,
R05084,1,2,5,2,7,135,3,5,0,
R05085,1,2,5,2,7,129,3,5,0,
R05086,1,2,5,2,7,135,3,5,0,
R05087,1,2,5,2,7,134,3,5,0,
R05088,1,2,5,2,7,140,3,5,0,
R05089,1,2,5,2,7,128,3,4,1,14
R05090,1,2,5,2,7,134,3,4,1,14
R05091,1,2,5,2,7,133,3,4,1,14
R05092,1,2,5,2,7,139,3,4,1,14
R05093,1,2,5,2,7,133,3,4,1,14
R05094,1,2,5,2,7,139,3,4,1,14
R05095,1,2,5,2,7,138,3,4,1,14
R05096,1,2,5,2,7,144,3,4,1,14
R05097,1,2,5,2,7,123,1,3,0,
R05098,1,2,5,2,7,129,1,3,0,
R05099,1,2,5,2,7,128,1,2,1,10
R05100,1,2,5,2,7,134,1,2,1,10
R05101,1,2,5,2,7,128,1,3,0,
R05102,1,2,5,2,7,134,1,3,0,
R05103,1,2,5,2,7,133,1,2,1,10
R05104,1,2,5,2,7,139,1,2,1,10
R05105,1,2,5,2,7,127,1,3,0,
R05106,1,2,5,2,7,133,1,3,0,
R05107,1,2,5,2,7,132,1,2,1,10
R05108,1,2,5,2,7,138,1,2,1,10
R05109,1,2,5,2,7,132,1,3,0,
R05110,1,2,5,2,7,138,1,3,0,
R05111,1,2,5,2,7,137,1,2,1,10
R05112,1,2,5,2,7,143,1,2,1,10
R05113,1,2,5,2,7,129,3,5,0,
R05114,1,2,5,2,7,135,3,5,0,
R05115,1,2,5,2,7,134,3,5,0,
R05116,1,2,5,2,7,140,3,5,0,
R05117,1,2,5,2,7,134,3,5,0,
R05118,1,2,5,2,7,140,3,5,0,
R05119,1,2,5,2,7,139,3,5,0,
R05120,1,2,5,2,7,145,3,5,0,
R05121,1,2,5,2,7,133,3,4,1,14
R05122,1,2,5,2,7,139,3,4,1,14
R05123,1,2,5,2,7,138,3,4,1,14
R05124,1,2,5,2,7,144,3,4,1,14
R05125,1,2,5,2,7,138,3,4,1,14
R05126,1,2,5,2,7,144,3,4,1,14
R05127,1,2,5,2,7,143,3,4,1,14
R05128,1,2,5,2,7,149,3,4,1,14
R05129,1,2,5,2,7,117,1,3,0,
R05130,1,2,5,2,7,123,1,3,0,
R05131,1,2,5,2,7,122,1,2,1,10
R05132,1,2,5,2,7,128,1,2,1,10
R05133,1,2,5,2,7,122,1,3,0,
R05134,1,2,5,2,7,128,1,3,0,
R05135,1,2,5,2,7,127,1,2,1,10
R05136,1,2,5,2,7,133,1,2,1,10
R05137,1,2,5,2,7,121,1,3,0,
R05138,1,2,5,2,7,127,1,3,0,
R05139,1,2,5,2,7,126,1,2,1,10
R05140,1,2,5,2,7,132,1,2,1,10
R05141,1,2,5,2,7,126,1,3,0,
R05142,1,2,5,2,7,132,1,3,0,
R05143,1,2,5,2,7,131,1,2,1,10
R05144,1,2,5,2,7,137,1,2,1,10
R05145,1,2,5,2,7,123,1,3,0,
R05146,1,2,5,2,7,129,1,3,0,
R05147,1,2,5,2,7,128,1,2,1,10
R05148,1,2,5,2,7,134,1,2,1,10
R05149,1,2,5,2,7,128,1,3,0,
R05150,1,2,5,2,7,134,1,3,0,
R05151,1,2,5,2,7,133,1,2,1,10
R05152,1,2,5,2,7,139,1,2,1,10
R05153,1,2,5,2,7,127,1,3,0,
R05154,1,2,5,2,7,133,1,3,0,
R05155,1,2,5,2,7,132,1,2,1,10
R05156,1,2,5,2,7,138,1,2,1,10
R05157,1,2,5,2,7,132,1,3,0,
R05158,1,2,5,2,7,138,1,3,0,
R05159,1,2,5,2,7,137,1,2,1,10
R05160,1,2,5,2,7,143,1,2,1,10
R05161,1,2,5,2,7,122,3,5,0,
R05162,1,2,5,2,7,128,3,5,0,
R05163,1,2,5,2,7,127,3,5,0,
R05164,1,2,5,2,7,133,3,5,0,
R05165,1,2,5,2,7,127,3,5,0,
R05166,1,2,5,2,7,133,3,5,0,
R05167,1,2,5,2,7,132,3,5,0,
R05168,1,2,5,2,7,138,3,5,0,
R05169,1,2,5,2,7,126,3,4,1,30
R05170,1,2,5,2,7,132,3,4,1,30
R05171,1,2,5,2,7,131,3,4,1,30
R05172,1,2,5,2,7,137,3,4,1,30
R05173,1,2,5,2,7,131,3,4,1,30
R05174,1,2,5,2,7,137,3,4,1,30
R05175,1,2,5,2,7,136,3,4,1,30
R05176,1,2,5,2,7,142,3,4,1,30
R05177,1,2,5,2,7,128,3,5,0,
R05178,1,2,5,2,7,134,3,5,0,
R05179,1,2,5,2,7,133,3,5,0,
R05180,1,2,5,2,7,139,3,5,0,
R05181,1,2,5,2,7,133,3,5,0,
R05182,1,2,5,2,7,139,3,5,0,
R05183,1,2,5,2,7,138,3,5,0,
R05184,1,2,5,2,7,144,3,5,0,
R05185,1,2,5,2,7,132,3,4,1,30
R05186,1,2,5,2,7,138,3,4,1,30
R05187,1,2,5,2,7,137,3,4,1,30
R05188,1,2,5,2,7,143,3,4,1,30
R05189,1,2,5,2,7,137,3,4,1,30
R05190,1,2,5,2,7,143,3,4,1,30
R05191,1,2,5,2,7,142,3,4,1,30
R05192,1,2,5,2,7,148,3,4,1,30
R05193,1,2,5,2,7,122,1,3,0,
R05194,1,2,5,2,7,128,1,3,0,
R05195,1,2,5,2,7,127,1,2,1,10
R05196,1,2,5,2,7,133,1,2,1,10
R05197,1,2,5,2,7,127,1,3,0,
R05198,1,2,5,2,7,133,1,3,0,
R05199,1,2,5,2,7,132,1,2,1,10
R05200,1,2,5,2,7,138,1,2,1,10
R05201,1,2,5,2,7,126,1,3,0,
R05202,1,2,5,2,7,132,1,3,0,
R05203,1,2,5,2,7,131,1,2,1,10
R05204,1,2,5,2,7,137,1,2,1,10
R05205,1,2,5,2,7,131,1,3,0,
R05206,1,2,5,2,7,137,1,3,0,
R05207,1,2,5,2,7,136,1,2,1,10
R05208,1,2,5,2,7,142,1,2,1,10
R05209,1,2,5,2,7,128,3,5,0,
R05210,1,2,5,2,7,134,3,5,0,
R05211,1,2,5,2,7,133,3,5,0,
R05212,1,2,5,2,7,139,3,5,0,
R05213,1,2,5,2,7,133,3,5,0,
R05214,1,2,5,2,7,139,3,5,0,
R05215,1,2,5,2,7,138,3,5,0,
R05216,1,2,5,2,7,144,3,5,0,
R05217,1,2,5,2,7,132,3,4,1,14
R05218,1,2,5,2,7,138,3,4,1,14
R05219,1,2,5,2,7,137,3,4,1,14
R05220,1,2,5,2,7,143,3,4,1,14
R05221,1,2,5,2,7,137,3,4,1,14
R05222,1,2,5,2,7,143,3,4,1,14
R05223,1,2,5,2,7,142,3,4,1,14
R05224,1,2,5,2,7,148,3,4,1,14
R05225,1,2,5,2,7,127,3,5,0,
R05226,1,2,5,2,7,133,3,5,0,
R05227,1,2,5,2,7,132,3,5,0,
R05228,1,2,5,2,7,138,3,5,0,
R05229,1,2,5,2,7,132,3,5,0,
R05230,1,2,5,2,7,138,3,5,0,
R05231,1,2,5,2,7,137,3,5,0,
R05232,1,2,5,2,7,143,3,5,0,
R05233,1,2,5,2,7,131,3,4,1,30
R05234,1,2,5,2,7,137,3,4,1,30
R05235,1,2,5,2,7,136,3,4,1,30
R05236,1,2,5,2,7,142,3,4,1,30
R05237,1,2,5,2,7,136,3,4,1,30
R05238,1,2,5,2,7,142,3,4,1,30
R05239,1,2,5,2,7,141,3,4,1,30
R05240,1,2,5,2,7,147,3,4,1,30
R05241,1,2,5,2,7,133,3,5,0,
R05242,1,2,5,2,7,139,3,5,0,
R05243,1,2,5,2,7,138,3,5,0,
R05244,1,2,5,2,7,144,3,5,0,
R05245,1,2,5,2,7,138,3,5,0,
R05246,1,2,5,2,7,144,3,5,0,
R05247,1,2,5,2,7,143,3,5,0,
R05248,1,2,5,2,7,149,3,5,0,
R05249,1,2,5,2,7,137,3,4,1,14
R05250,1,2,5,2,7,143,3,4,1,14
R05251,1,2,5,2,7,142,3,4,1,14
R05252,1,2,5,2,7,148,3,4,1,14
R05253,1,2,5,2,7,142,3,4,1,14
R05254,1,2,5,2,7,148,3,4,1,14
R05255,1,2,5,2,7,147,3,4,1,14
R05256,1,2,5,2,7,153,3,4,1,14
R05257,1,2,5,2,7,107,0,1,0,
R05258,1,2,5,2,7,113,0,0,1,0
R05259,1,2,5,2,7,112,0,1,0,
R05260,1,2,5,2,7,118,0,0,1,0
R05261,1,2,5,2,7,112,0,1,0,
R05262,1,2,5,2,7,118,0,0,1,0
R05263,1,2,5,2,7,117,0,1,0,
R05264,1,2,5,2,7,123,0,0,1,0
R05265,1,2,5,2,7,111,0,1,0,
R05266,1,2,5,2,7,117,0,0,1,0
R05267,1,2,5,2,7,116,0,1,0,
R05268,1,2,5,2,7,122,0,0,1,0
R05269,1,2,5,2,7,116,0,1,0,
R05270,1,2,5,2,7,122,0,0,1,0
R05271,1,2,5,2,7,121,0,1,0,
R05272,1,2,5,2,7,127,0,0,1,0
R05273,1,2,5,2,7,113,0,1,0,
R05274,1,2,5,2,7,119,0,0,1,0
R05275,1,2,5,2,7,118,0,1,0,
R05276,1,2,5,2,7,124,0,0,1,0
R05277,1,2,5,2,7,118,0,1,0,
R05278,1,2,5,2,7,124,0,0,1,0
R05279,1,2,5,2,7,123,0,1,0,
R05280,1,2,5,2,7,129,0,0,1,0
R05281,1,2,5,2,7,117,0,1,0,
R05282,1,2,5,2,7,123,0,0,1,0
R05283,1,2,5,2,7,122,0,1,0,
R05284,1,2,5,2,7,128,0,0,1,0
R05285,1,2,5,2,7,122,0,1,0,
R05286,1,2,5,2,7,128,0,0,1,0
R05287,1,2,5,2,7,127,0,1,0,
R05288,1,2,5,2,7,133,0,0,1,0
R05289,1,2,5,2,7,112,0,1,0,
R05290,1,2,5,2,7,118,0,0,1,0
R05291,1,2,5,2,7,117,0,1,0,
R05292,1,2,5,2,7,123,0,0,1,0
R05293,1,2,5,2,7,117,0,1,0,
R05294,1,2,5,2,7,123,0,0,1,0
R05295,1,2,5,2,7,122,0,1,0,
R05296,1,2,5,2,7,128,0,0,1,0
R05297,1,2,5,2,7,116,0,1,0,
R05298,1,2,5,2,7,122,0,0,1,0
R05299,1,2,5,2,7,121,0,1,0,
R05300,1,2,5,2,7,127,0,0,1,0
R05301,1,2,5,2,7,121,0,1,0,
R05302,1,2,5,2,7,127,0,0,1,0
R05303,1,2,5,2,7,126,0,1,0,
R05304,1,2,5,2,7,132,0,0,1,0
R05305,1,2,5,2,7,118,0,1,0,
R05306,1,2,5,2,7,124,0,0,1,0
R05307,1,2,5,2,7,123,0,1,0,
R05308,1,2,5,2,7,129,0,0,1,0
R05309,1,2,5,2,7,123,0,1,0,
R05310,1,2,5,2,7,129,0,0,1,0
R05311,1,2,5,2,7,128,0,1,0,
R05312,1,2,5,2,7,134,0,0,1,0
R05313,1,2,5,2,7,122,0,1,0,
R05314,1,2,5,2,7,128,0,0,1,0
R05315,1,2,5,2,7,127,0,1,0,
R05316,1,2,5,2,7,133,0,0,1,0
R05317,1,2,5,2,7,127,0,1,0,
R05318,1,2,5,2,7,133,0,0,1,0
R05319,1,2,5,2,7,132,0,1,0,
R05320,1,2,5,2,7,138,0,0,1,0
R05321,1,2,5,2,7,112,0,1,0,
R05322,1,2,5,2,7,118,0,0,1,0
R05323,1,2,5,2,7,117,0,1,0,
R05324,1,2,5,2,7,123,0,0,1,0
R05325,1,2,5,2,7,117,0,1,0,
R05326,1,2,5,2,7,123,0,0,1,0
R05327,1,2,5,2,7,122,0,1,0,
R05328,1,2,5,2,7,128,0,0,1,0
R05329,1,2,5,2,7,116,0,1,0,
R05330,1,2,5,2,7,122,0,0,1,0
R05331,1,2,5,2,7,121,0,1,0,
R05332,1,2,5,2,7,127,0,0,1,0
R05333,1,2,5,2,7,121,0,1,0,
R05334,1,2,5,2,7,127,0,0,1,0
R05335,1,2,5,2,7,126,0,1,0,
R05336,1,2,5,2,7,132,0,0,1,0
R05337,1,2,5,2,7,118,2,3,0,
R05338,1,2,5,2,7,124,2,3,0,
R05339,1,2,5,2,7,123,2,3,0,
R05340,1,2,5,2,7,129,2,3,0,
R05341,1,2,5,2,7,123,2,2,1,4
R05342,1,2,5,2,7,129,2,2,1,4
R05343,1,2,5,2,7,128,2,2,1,4
R05344,1,2,5,2,7,134,2,2,1,4
R05345,1,2,5,2,7,122,2,3,0,
R05346,1,2,5,2,7,128,2,3,0,
R05347,1,2,5,2,7,127,2,3,0,
R05348,1,2,5,2,7,133,2,3,0,
R05349,1,2,5,2,7,127,2,2,1,4
R05350,1,2,5,2,7,133,2,2,1,4
R05351,1,2,5,2,7,132,2,2,1,4
R05352,1,2,5,2,7,138,2,2,1,4
R05353,1,2,5,2,7,117,0,1,0,
R05354,1,2,5,2,7,123,0,0,1,0
R05355,1,2,5,2,7,122,0,1,0,
R05356,1,2,5,2,7,128,0,0,1,0
R05357,1,2,5,2,7,122,0,1,0,
R05358,1,2,5,2,7,128,0,0,1,0
R05359,1,2,5,2,7,127,0,1,0,
R05360,1,2,5,2,7,133,0,0,1,0
R05361,1,2,5,2,7,121,0,1,0,
R05362,1,2,5,2,7,127,0,0,1,0
R05363,1,2,5,2,7,126,0,1,0,
R05364,1,2,5,2,7,132,0,0,1,0
R05365,1,2,5,2,7,126,0,1,0,
R05366,1,2,5,2,7,132,0,0,1,0
R05367,1,2,5,2,7,131,0,1,0,
R05368,1,2,5,2,7,137,0,0,1,0
R05369,1,2,5,2,7,123,2,3,0,
R05370,1,2,5,2,7,129,2,3,0,
R05371,1,2,5,2,7,128,2,3,0,
R05372,1,2,5,2,7,134,2,3,0,
R05373,1,2,5,2,7,128,2,2,1,4
R05374,1,2,5,2,7,134,2,2,1,4
R05375,1,2,5,2,7,133,2,2,1,4
R05376,1,2,5,2,7,139,2,2,1,4
R05377,1,2,5,2,7,127,2,3,0,
R05378,1,2,5,2,7,133,2,3,0,
R05379,1,2,5,2,7,132,2,3,0,
R05380,1,2,5,2,7,138,2,3,0,
R05381,1,2,5,2,7,132,2,2,1,4
R05382,1,2,5,2,7,138,2,2,1,4
R05383,1,2,5,2,7,137,2,2,1,4
R05384,1,2,5,2,7,143,2,2,1,4
R05385,1,2,5,2,7,111,0,1,0,
R05386,1,2,5,2,7,117,0,0,1,0
R05387,1,2,5,2,7,116,0,1,0,
R05388,1,2,5,2,7,122,0,0,1,0
R05389,1,2,5,2,7,116,0,1,0,
R05390,1,2,5,2,7,122,0,0,1,0
R05391,1,2,5,2,7,121,0,1,0,
R05392,1,2,5,2,7,127,0,0,1,0
R05393,1,2,5,2,7,115,0,1,0,
R05394,1,2,5,2,7,121,0,0,1,0
R05395,1,2,5,2,7,120,0,1,0,
R05396,1,2,5,2,7,126,0,0,1,0
R05397,1,2,5,2,7,120,0,1,0,
R05398,1,2,5,2,7,126,0,0,1,0
R05399,1,2,5,2,7,125,0,1,0,
R05400,1,2,5,2,7,131,0,0,1,0
R05401,1,2,5,2,7,117,0,1,0,
R05402,1,2,5,2,7,123,0,0,1,0
R05403,1,2,5,2,7,122,0,1,0,
R05404,1,2,5,2,7,128,0,0,1,0
R05405,1,2,5,2,7,122,0,1,0,
R05406,1,2,5,2,7,128,0,0,1,0
R05407,1,2,5,2,7,127,0,1,0,
R05408,1,2,5,2,7,133,0,0,1,0
R05409,1,2,5,2,7,121,0,1,0,
R05410,1,2,5,2,7,127,0,0,1,0
R05411,1,2,5,2,7,126,0,1,0,
R05412,1,2,5,2,7,132,0,0,1,0
R05413,1,2,5,2,7,126,0,1,0,
R05414,1,2,5,2,7,132,0,0,1,0
R05415,1,2,5,2,7,131,0,1,0,
R05416,1,2,5,2,7,137,0,0,1,0
R05417,1,2,5,2,7,116,2,3,0,
R05418,1,2,5,2,7,122,2,3,0,
R05419,1,2,5,2,7,121,2,3,0,
R05420,1,2,5,2,7,127,2,3,0,
R05421,1,2,5,2,7,121,2,2,1,20
R05422,1,2,5,2,7,127,2,2,1,20
R05423,1,2,5,2,7,126,2,2,1,20
R05424,1,2,5,2,7,132,2,2,1,20
R05425,1,2,5,2,7,120,2,3,0,
R05426,1,2,5,2,7,126,2,3,0,
R05427,1,2,5,2,7,125,2,3,0,
R05428,1,2,5,2,7,131,2,3,0,
R05429,1,2,5,2,7,125,2,2,1,20
R05430,1,2,5,2,7,131,2,2,1,20
R05431,1,2,5,2,7,130,2,2,1,20
R05432,1,2,5,2,7,136,2,2,1,20
R05433,1,2,5,2,7,122,2,3,0,
R05434,1,2,5,2,7,128,2,3,0,
R05435,1,2,5,2,7,127,2,3,0,
R05436,1,2,5,2,7,133,2,3,0,
R05437,1,2,5,2,7,127,2,2,1,20
R05438,1,2,5,2,7,133,2,2,1,20
R05439,1,2,5,2,7,132,2,2,1,20
R05440,1,2,5,2,7,138,2,2,1,20
R05441,1,2,5,2,7,126,2,3,0,
R05442,1,2,5,2,7,132,2,3,0,
R05443,1,2,5,2,7,131,2,3,0,
R05444,1,2,5,2,7,137,2,3,0,
R05445,1,2,5,2,7,131,2,2,1,20
R05446,1,2,5,2,7,137,2,2,1,20
R05447,1,2,5,2,7,136,2,2,1,20
R05448,1,2,5,2,7,142,2,2,1,20
R05449,1,2,5,2,7,116,0,1,0,
R05450,1,2,5,2,7,122,0,0,1,0
R05451,1,2,5,2,7,121,0,1,0,
R05452,1,2,5,2,7,127,0,0,1,0
R05453,1,2,5,2,7,121,0,1,0,
R05454,1,2,5,2,7,127,0,0,1,0
R05455,1,2,5,2,7,126,0,1,0,
R05456,1,2,5,2,7,132,0,0,1,0
R05457,1,2,5,2,7,120,0,1,0,
R05458,1,2,5,2,7,126,0,0,1,0
R05459,1,2,5,2,7,125,0,1,0,
R05460,1,2,5,2,7,131,0,0,1,0
R05461,1,2,5,2,7,125,0,1,0,
R05462,1,2,5,2,7,131,0,0,1,0
R05463,1,2,5,2,7,130,0,1,0,
R05464,1,2,5,2,7,136,0,0,1,0
R05465,1,2,5,2,7,122,2,3,0,
R05466,1,2,5,2,7,128,2,3,0,
R05467,1,2,5,2,7,127,2,3,0,
R05468,1,2,5,2,7,133,2,3,0,
R05469,1,2,5,2,7,127,2,2,1,4
R05470,1,2,5,2,7,133,2,2,1,4
R05471,1,2,5,2,7,132,2,2,1,4
R05472,1,2,5,2,7,138,2,2,1,4
R05473,1,2,5,2,7,126,2,3,0,
R05474,1,2,5,2,7,132,2,3,0,
R05475,1,2,5,2,7,131,2,3,0,
R05476,1,2,5,2,7,137,2,3,0,
R05477,1,2,5,2,7,131,2,2,1,4
R05478,1,2,5,2,7,137,2,2,1,4
R05479,1,2,5,2,7,136,2,2,1,4
R05480,1,2,5,2,7,142,2,2,1,4
R05481,1,2,5,2,7,121,2,3,0,
R05482,1,2,5,2,7,127,2,3,0,
R05483,1,2,5,2,7,126,2,3,0,
R05484,1,2,5,2,7,132,2,3,0,
R05485,1,2,5,2,7,126,2,2,1,20
R05486,1,2,5,2,7,132,2,2,1,20
R05487,1,2,5,2,7,131,2,2,1,20
R05488,1,2,5,2,7,137,2,2,1,20
R05489,1,2,5,2,7,125,2,3,0,
R05490,1,2,5,2,7,131,2,3,0,
R05491,1,2,5,2,7,130,2,3,0,
R05492,1,2,5,2,7,136,2,3,0,
R05493,1,2,5,2,7,130,2,2,1,20
R05494,1,2,5,2,7,136,2,2,1,20
R05495,1,2,5,2,7,135,2,2,1,20
R05496,1,2,5,2,7,141,2,2,1,20
R05497,1,2,5,2,7,127,2,3,0,
R05498,1,2,5,2,7,133,2,3,0,
R05499,1,2,5,2,7,132,2,3,0,
R05500,1,2,5,2,7,138,2,3,0,
R05501,1,2,5,2,7,132,2,2,1,4
R05502,1,2,5,2,7,138,2,2,1,4
R05503,1,2,5,2,7,137,2,2,1,4
R05504,1,2,5,2,7,143,2,2,1,4
R05505,1,2,5,2,7,131,2,3,0,
R05506,1,2,5,2,7,137,2,3,0,
R05507,1,2,5,2,7,136,2,3,0,
R05508,1,2,5,2,7,142,2,3,0,
R05509,1,2,5,2,7,136,2,2,1,4
R05510,1,2,5,2,7,142,2,2,1,4
R05511,1,2,5,2,7,141,2,2,1,4
R05512,1,2,5,2,7,147,2,2,1,4
R05513,1,2,5,2,7,113,1,3,0,
R05514,1,2,5,2,7,119,1,3,0,
R05515,1,2,5,2,7,118,1,2,1,2
R05516,1,2,5,2,7,124,1,2,1,2
R05517,1,2,5,2,7,118,1,3,0,
R05518,1,2,5,2,7,124,1,3,0,
R05519,1,2,5,2,7,123,1,2,1,2
R05520,1,2,5,2,7,129,1,2,1,2
R05521,1,2,5,2,7,117,1,3,0,
R05522,1,2,5,2,7,123,1,3,0,
R05523,1,2,5,2,7,122,1,2,1,2
R05524,1,2,5,2,7,128,1,2,1,2
R05525,1,2,5,2,7,122,1,3,0,
R05526,1,2,5,2,7,128,1,3,0,
R05527,1,2,5,2,7,127,1,2,1,2
R05528,1,2,5,2,7,133,1,2,1,2
R05529,1,2,5,2,7,119,1,3,0,
R05530,1,2,5,2,7,125,1,3,0,
R05531,1,2,5,2,7,124,1,2,1,2
R05532,1,2,5,2,7,130,1,2,1,2
R05533,1,2,5,2,7,124,1,3,0,
R05534,1,2,5,2,7,130,1,3,0,
R05535,1,2,5,2,7,129,1,2,1,2
R05536,1,2,5,2,7,135,1,2,1,2
R05537,1,2,5,2,7,123,1,3,0,
R05538,1,2,5,2,7,129,1,3,0,
R05539,1,2,5,2,7,128,1,2,1,2
R05540,1,2,5,2,7,134,1,2,1,2
R05541,1,2,5,2,7,128,1,3,0,
R05542,1,2,5,2,7,134,1,3,0,
R05543,1,2,5,2,7,133,1,2,1,2
R05544,1,2,5,2,7,139,1,2,1,2
R05545,1,2,5,2,7,118,1,3,0,
R05546,1,2,5,2,7,124,1,3,0,
R05547,1,2,5,2,7,123,1,2,1,2
R05548,1,2,5,2,7,129,1,2,1,2
R05549,1,2,5,2,7,123,1,3,0,
R05550,1,2,5,2,7,129,1,3,0,
R05551,1,2,5,2,7,128,1,2,1,2
R05552,1,2,5,2,7,134,1,2,1,2
R05553,1,2,5,2,7,122,1,3,0,
R05554,1,2,5,2,7,128,1,3,0,
R05555,1,2,5,2,7,127,1,2,1,2
R05556,1,2,5,2,7,133,1,2,1,2
R05557,1,2,5,2,7,127,1,3,0,
R05558,1,2,5,2,7,133,1,3,0,
R05559,1,2,5,2,7,132,1,2,1,2
R05560,1,2,5,2,7,138,1,2,1,2
R05561,1,2,5,2,7,124,1,3,0,
R05562,1,2,5,2,7,130,1,3,0,
R05563,1,2,5,2,7,129,1,2,1,2
R05564,1,2,5,2,7,135,1,2,1,2
R05565,1,2,5,2,7,129,1,3,0,
R05566,1,2,5,2,7,135,1,3,0,
R05567,1,2,5,2,7,134,1,2,1,2
R05568,1,2,5,2,7,140,1,2,1,2
R05569,1,2,5,2,7,128,1,3,0,
R05570,1,2,5,2,7,134,1,3,0,
R05571,1,2,5,2,7,133,1,2,1,2
R05572,1,2,5,2,7,139,1,2,1,2
R05573,1,2,5,2,7,133,1,3,0,
R05574,1,2,5,2,7,139,1,3,0,
R05575,1,2,5,2,7,138,1,2,1,2
R05576,1,2,5,2,7,144,1,2,1,2
R05577,1,2,5,2,7,118,1,3,0,
R05578,1,2,5,2,7,124,1,3,0,
R05579,1,2,5,2,7,123,1,2,1,2
R05580,1,2,5,2,7,129,1,2,1,2
R05581,1,2,5,2,7,123,1,3,0,
R05582,1,2,5,2,7,129,1,3,0,
R05583,1,2,5,2,7,128,1,2,1,2
R05584,1,2,5,2,7,134,1,2,1,2
R05585,1,2,5,2,7,122,1,3,0,
R05586,1,2,5,2,7,128,1,3,0,
R05587,1,2,5,2,7,127,1,2,1,2
R05588,1,2,5,2,7,133,1,2,1,2
R05589,1,2,5,2,7,127,1,3,0,
R05590,1,2,5,2,7,133,1,3,0,
R05591,1,2,5,2,7,132,1,2,1,2
R05592,1,2,5,2,7,138,1,2,1,2
R05593,1,2,5,2,7,124,3,5,0,
R05594,1,2,5,2,7,130,3,5,0,
R05595,1,2,5,2,7,129,3,5,0,
R05596,1,2,5,2,7,135,3,5,0,
R05597,1,2,5,2,7,129,3,5,0,
R05598,1,2,5,2,7,135,3,5,0,
R05599,1,2,5,2,7,134,3,5,0,
R05600,1,2,5,2,7,140,3,5,0,
R05601,1,2,5,2,7,128,3,4,1,6
R05602,1,2,5,2,7,134,3,4,1,6
R05603,1,2,5,2,7,133,3,4,1,6
R05604,1,2,5,2,7,139,3,4,1,6
R05605,1,2,5,2,7,133,3,4,1,6
R05606,1,2,5,2,7,139,3,4,1,6
R05607,1,2,5,2,7,138,3,4,1,6
R05608,1,2,5,2,7,144,3,4,1,6
R05609,1,2,5,2,7,123,1,3,0,
R05610,1,2,5,2,7,129,1,3,0,
R05611,1,2,5,2,7,128,1,2,1,2
R05612,1,2,5,2,7,134,1,2,1,2
R05613,1,2,5,2,7,128,1,3,0,
R05614,1,2,5,2,7,134,1,3,0,
R05615,1,2,5,2,7,133,1,2,1,2
R05616,1,2,5,2,7,139,1,2,1,2
R05617,1,2,5,2,7,127,1,3,0,
R05618,1,2,5,2,7,133,1,3,0,
R05619,1,2,5,2,7,132,1,2,1,2
R05620,1,2,5,2,7,138,1,2,1,2
R05621,1,2,5,2,7,132,1,3,0,
R05622,1,2,5,2,7,138,1,3,0,
R05623,1,2,5,2,7,137,1,2,1,2
R05624,1,2,5,2,7,143,1,2,1,2
R05625,1,2,5,2,7,129,3,5,0,
R05626,1,2,5,2,7,135,3,5,0,
R05627,1,2,5,2,7,134,3,5,0,
R05628,1,2,5,2,7,140,3,5,0,
R05629,1,2,5,2,7,134,3,5,0,
R05630,1,2,5,2,7,140,3,5,0,
R05631,1,2,5,2,7,139,3,5,0,
R05632,1,2,5,2,7,145,3,5,0,
R05633,1,2,5,2,7,133,3,4,1,6
R05634,1,2,5,2,7,139,3,4,1,6
R05635,1,2,5,2,7,138,3,4,1,6
R05636,1,2,5,2,7,144,3,4,1,6
R05637,1,2,5,2,7,138,3,4,1,6
R05638,1,2,5,2,7,144,3,4,1,6
R05639,1,2,5,2,7,143,3,4,1,6
R05640,1,2,5,2,7,149,3,4,1,6
R05641,1,2,5,2,7,117,1,3,0,
R05642,1,2,5,2,7,123,1,3,0,
R05643,1,2,5,2,7,122,1,2,1,2
R05644,1,2,5,2,7,128,1,2,1,2
R05645,1,2,5,2,7,122,1,3,0,
R05646,1,2,5,2,7,128,1,3,0,
R05647,1,2,5,2,7,127,1,2,1,2
R05648,1,2,5,2,7,133,1,2,1,2
R05649,1,2,5,2,7,121,1,3,0,
R05650,1,2,5,2,7,127,1,3,0,
R05651,1,2,5,2,7,126,1,2,1,2
R05652,1,2,5,2,7,132,1,2,1,2
R05653,1,2,5,2,7,126,1,3,0,
R05654,1,2,5,2,7,132,1,3,0,
R05655,1,2,5,2,7,131,1,2,1,2
R05656,1,2,5,2,7,137,1,2,1,2
R05657,1,2,5,2,7,123,1,3,0,
R05658,1,2,5,2,7,129,1,3,0,
R05659,1,2,5,2,7,128,1,2,1,2
R05660,1,2,5,2,7,134,1,2,1,2
R05661,1,2,5,2,7,128,1,3,0,
R05662,1,2,5,2,7,134,1,3,0,
R05663,1,2,5,2,7,133,1,2,1,2
R05664,1,2,5,2,7,139,1,2,1,2
R05665,1,2,5,2,7,127,1,3,0,
R05666,1,2,5,2,7,133,1,3,0,
R05667,1,2,5,2,7,132,1,2,1,2
R05668,1,2,5,2,7,138,1,2,1,2
R05669,1,2,5,2,7,132,1,3,0,
R05670,1,2,5,2,7,138,1,3,0,
R05671,1,2,5,2,7,137,1,2,1,2
R05672,1,2,5,2,7,143,1,2,1,2
R05673,1,2,5,2,7,122,3,5,0,
R05674,1,2,5,2,7,128,3,5,0,
R05675,1,2,5,2,7,127,3,5,0,
R05676,1,2,5,2,7,133,3,5,0,
R05677,1,2,5,2,7,127,3,5,0,
R05678,1,2,5,2,7,133,3,5,0,
R05679,1,2,5,2,7,132,3,5,0,
R05680,1,2,5,2,7,138,3,5,0,
R05681,1,2,5,2,7,126,3,4,1,22
R05682,1,2,5,2,7,132,3,4,1,22
R05683,1,2,5,2,7,131,3,4,1,22
R05684,1,2,5,2,7,137,3,4,1,22
R05685,1,2,5,2,7,131,3,4,1,22
R05686,1,2,5,2,7,137,3,4,1,22
R05687,1,2,5,2,7,136,3,4,1,22
R05688,1,2,5,2,7,142,3,4,1,22
R05689,1,2,5,2,7,128,3,5,0,
R05690,1,2,5,2,7,134,3,5,0,
R05691,1,2,5,2,7,133,3,5,0,
R05692,1,2,5,2,7,139,3,5,0,
R05693,1,2,5,2,7,133,3,5,0,
R05694,1,2,5,2,7,139,3,5,0,
R05695,1,2,5,2,7,138,3,5,0,
R05696,1,2,5,2,7,144,3,5,0,
R05697,1,2,5,2,7,132,3,4,1,22
R05698,1,2,5,2,7,138,3,4,1,22
R05699,1,2,5,2,7,137,3,4,1,22
R05700,1,2,5,2,7,143,3,4,1,22
R05701,1,2,5,2,7,137,3,4,1,22
R05702,1,2,5,2,7,143,3,4,1,22
R05703,1,2,5,2,7,142,3,4,1,22
R05704,1,2,5,2,7,148,3,4,1,22
R05705,1,2,5,2,7,122,1,3,0,
R05706,1,2,5,2,7,128,1,3,0,
R05707,1,2,5,2,7,127,1,2,1,2
R05708,1,2,5,2,7,133,1,2,1,2
R05709,1,2,5,2,7,127,1,3,0,
R05710,1,2,5,2,7,133,1,3,0,
R05711,1,2,5,2,7,132,1,2,1,2
R05712,1,2,5,2,7,138,1,2,1,2
R05713,1,2,5,2,7,126,1,3,0,
R05714,1,2,5,2,7,132,1,3,0,
R05715,1,2,5,2,7,131,1,2,1,2
R05716,1,2,5,2,7,137,1,2,1,2
R05717,1,2,5,2,7,131,1,3,0,
R05718,1,2,5,2,7,137,1,3,0,
R05719,1,2,5,2,7,136,1,2,1,2
R05720,1,2,5,2,7,142,1,2,1,2
R05721,1,2,5,2,7,128,3,5,0,
R05722,1,2,5,2,7,134,3,5,0,
R05723,1,2,5,2,7,133,3,5,0,
R05724,1,2,5,2,7,139,3,5,0,
R05725,1,2,5,2,7,133,3,5,0,
R05726,1,2,5,2,7,139,3,5,0,
R05727,1,2,5,2,7,138,3,5,0,
R05728,1,2,5,2,7,144,3,5,0,
R05729,1,2,5,2,7,132,3,4,1,6
R05730,1,2,5,2,7,138,3,4,1,6
R05731,1,2,5,2,7,137,3,4,1,6
R05732,1,2,5,2,7,143,3,4,1,6
R05733,1,2,5,2,7,137,3,4,1,6
R05734,1,2,5,2,7,143,3,4,1,6
R05735,1,2,5,2,7,142,3,4,1,6
R05736,1,2,5,2,7,148,3,4,1,6
R05737,1,2,5,2,7,127,3,5,0,
R05738,1,2,5,2,7,133,3,5,0,
R05739,1,2,5,2,7,132,3,5,0,
R05740,1,2,5,2,7,138,3,5,0,
R05741,1,2,5,2,7,132,3,5,0,
R05742,1,2,5,2,7,138,3,5,0,
R05743,1,2,5,2,7,137,3,5,0,
R05744,1,2,5,2,7,143,3,5,0,
R05745,1,2,5,2,7,131,3,4,1,22
R05746,1,2,5,2,7,137,3,4,1,22
R05747,1,2,5,2,7,136,3,4,1,22
R05748,1,2,5,2,7,142,3,4,1,22
R05749,1,2,5,2,7,136,3,4,1,22
R05750,1,2,5,2,7,142,3,4,1,22
R05751,1,2,5,2,7,141,3,4,1,22
R05752,1,2,5,2,7,147,3,4,1,22
R05753,1,2,5,2,7,133,3,5,0,
R05754,1,2,5,2,7,139,3,5,0,
R05755,1,2,5,2,7,138,3,5,0,
R05756,1,2,5,2,7,144,3,5,0,
R05757,1,2,5,2,7,138,3,5,0,
R05758,1,2,5,2,7,144,3,5,0,
R05759,1,2,5,2,7,143,3,5,0,
R05760,1,2,5,2,7,149,3,5,0,
R05761,1,2,5,2,7,137,3,4,1,6
R05762,1,2,5,2,7,143,3,4,1,6
R05763,1,2,5,2,7,142,3,4,1,6
R05764,1,2,5,2,7,148,3,4,1,6
R05765,1,2,5,2,7,142,3,4,1,6
R05766,1,2,5,2,7,148,3,4,1,6
R05767,1,2,5,2,7,147,3,4,1,6
R05768,1,2,5,2,7,153,3,4,1,6
R05769,1,2,5,2,7,112,1,3,0,
R05770,1,2,5,2,7,118,1,3,0,
R05771,1,2,5,2,7,117,1,2,1,10
R05772,1,2,5,2,7,123,1,2,1,10
R05773,1,2,5,2,7,117,1,3,0,
R05774,1,2,5,2,7,123,1,3,0,
R05775,1,2,5,2,7,122,1,2,1,10
R05776,1,2,5,2,7,128,1,2,1,10
R05777,1,2,5,2,7,116,1,3,0,
R05778,1,2,5,2,7,122,1,3,0,
R05779,1,2,5,2,7,121,1,2,1,10
R05780,1,2,5,2,7,127,1,2,1,10
R05781,1,2,5,2,7,121,1,3,0,
R05782,1,2,5,2,7,127,1,3,0,
R05783,1,2,5,2,7,126,1,2,1,10
R05784,1,2,5,2,7,132,1,2,1,10
R05785,1,2,5,2,7,118,1,3,0,
R05786,1,2,5,2,7,124,1,3,0,
R05787,1,2,5,2,7,123,1,2,1,10
R05788,1,2,5,2,7,129,1,2,1,10
R05789,1,2,5,2,7,123,1,3,0,
R05790,1,2,5,2,7,129,1,3,0,
R05791,1,2,5,2,7,128,1,2,1,10
R05792,1,2,5,2,7,134,1,2,1,10
R05793,1,2,5,2,7,122,1,3,0,
R05794,1,2,5,2,7,128,1,3,0,
R05795,1,2,5,2,7,127,1,2,1,10
R05796,1,2,5,2,7,133,1,2,1,10
R05797,1,2,5,2,7,127,1,3,0,
R05798,1,2,5,2,7,133,1,3,0,
R05799,1,2,5,2,7,132,1,2,1,10
R05800,1,2,5,2,7,138,1,2,1,10
R05801,1,2,5,2,7,117,1,3,0,
R05802,1,2,5,2,7,123,1,3,0,
R05803,1,2,5,2,7,122,1,2,1,10
R05804,1,2,5,2,7,128,1,2,1,10
R05805,1,2,5,2,7,122,1,3,0,
R05806,1,2,5,2,7,128,1,3,0,
R05807,1,2,5,2,7,127,1,2,1,10
R05808,1,2,5,2,7,133,1,2,1,10
R05809,1,2,5,2,7,121,1,3,0,
R05810,1,2,5,2,7,127,1,3,0,
R05811,1,2,5,2,7,126,1,2,1,10
R05812,1,2,5,2,7,132,1,2,1,10
R05813,1,2,5,2,7,126,1,3,0,
R05814,1,2,5,2,7,132,1,3,0,
R05815,1,2,5,2,7,131,1,2,1,10
R05816,1,2,5,2,7,137,1,2,1,10
R05817,1,2,5,2,7,123,1,3,0,
R05818,1,2,5,2,7,129,1,3,0,
R05819,1,2,5,2,7,128,1,2,1,10
R05820,1,2,5,2,7,134,1,2,1,10
R05821,1,2,5,2,7,128,1,3,0,
R05822,1,2,5,2,7,134,1,3,0,
R05823,1,2,5,2,7,133,1,2,1,10
R05824,1,2,5,2,7,139,1,2,1,10
R05825,1,2,5,2,7,127,1,3,0,
R05826,1,2,5,2,7,133,1,3,0,
R05827,1,2,5,2,7,132,1,2,1,10
R05828,1,2,5,2,7,138,1,2,1,10
R05829,1,2,5,2,7,132,1,3,0,
R05830,1,2,5,2,7,138,1,3,0,
R05831,1,2,5,2,7,137,1,2,1,10
R05832,1,2,5,2,7,143,1,2,1,10
R05833,1,2,5,2,7,117,1,3,0,
R05834,1,2,5,2,7,123,1,3,0,
R05835,1,2,5,2,7,122,1,2,1,10
R05836,1,2,5,2,7,128,1,2,1,10
R05837,1,2,5,2,7,122,1,3,0,
R05838,1,2,5,2,7,128,1,3,0,
R05839,1,2,5,2,7,127,1,2,1,10
R05840,1,2,5,2,7,133,1,2,1,10
R05841,1,2,5,2,7,121,1,3,0,
R05842,1,2,5,2,7,127,1,3,0,
R05843,1,2,5,2,7,126,1,2,1,10
R05844,1,2,5,2,7,132,1,2,1,10
R05845,1,2,5,2,7,126,1,3,0,
R05846,1,2,5,2,7,132,1,3,0,
R05847,1,2,5,2,7,131,1,2,1,10
R05848,1,2,5,2,7,137,1,2,1,10
R05849,1,2,5,2,7,123,3,5,0,
R05850,1,2,5,2,7,129,3,5,0,
R05851,1,2,5,2,7,128,3,5,0,
R05852,1,2,5,2,7,134,3,5,0,
R05853,1,2,5,2,7,128,3,5,0,
R05854,1,2,5,2,7,134,3,5,0,
R05855,1,2,5,2,7,133,3,5,0,
R05856,1,2,5,2,7,139,3,5,0,
R05857,1,2,5,2,7,127,3,4,1,14
R05858,1,2,5,2,7,133,3,4,1,14
R05859,1,2,5,2,7,132,3,4,1,14
R05860,1,2,5,2,7,138,3,4,1,14
R05861,1,2,5,2,7,132,3,4,1,14
R05862,1,2,5,2,7,138,3,4,1,14
R05863,1,2,5,2,7,137,3,4,1,14
R05864,1,2,5,2,7,143,3,4,1,14
R05865,1,2,5,2,7,122,1,3,0,
R05866,1,2,5,2,7,128,1,3,0,
R05867,1,2,5,2,7,127,1,2,1,10
R05868,1,2,5,2,7,133,1,2,1,10
R05869,1,2,5,2,7,127,1,3,0,
R05870,1,2,5,2,7,133,1,3,0,
R05871,1,2,5,2,7,132,1,2,1,10
R05872,1,2,5,2,7,138,1,2,1,10
R05873,1,2,5,2,7,126,1,3,0,
R05874,1,2,5,2,7,132,1,3,0,
R05875,1,2,5,2,7,131,1,2,1,10
R05876,1,2,5,2,7,137,1,2,1,10
R05877,1,2,5,2,7,131,1,3,0,
R05878,1,2,5,2,7,137,1,3,0,
R05879,1,2,5,2,7,136,1,2,1,10
R05880,1,2,5,2,7,142,1,2,1,10
R05881,1,2,5,2,7,128,3,5,0,
R05882,1,2,5,2,7,134,3,5,0,
R05883,1,2,5,2,7,133,3,5,0,
R05884,1,2,5,2,7,139,3,5,0,
R05885,1,2,5,2,7,133,3,5,0,
R05886,1,2,5,2,7,139,3,5,0,
R05887,1,2,5,2,7,138,3,5,0,
R05888,1,2,5,2,7,144,3,5,0,
R05889,1,2,5,2,7,132,3,4,1,14
R05890,1,2,5,2,7,138,3,4,1,14
R05891,1,2,5,2,7,137,3,4,1,14
R05892,1,2,5,2,7,143,3,4,1,14
R05893,1,2,5,2,7,137,3,4,1,14
R05894,1,2,5,2,7,143,3,4,1,14
R05895,1,2,5,2,7,142,3,4,1,14
R05896,1,2,5,2,7,148,3,4,1,14
R05897,1,2,5,2,7,116,1,3,0,
R05898,1,2,5,2,7,122,1,3,0,
R05899,1,2,5,2,7,121,1,2,1,10
R05900,1,2,5,2,7,127,1,2,1,10
R05901,1,2,5,2,7,121,1,3,0,
R05902,1,2,5,2,7,127,1,3,0,
R05903,1,2,5,2,7,126,1,2,1,10
R05904,1,2,5,2,7,132,1,2,1,10
R05905,1,2,5,2,7,120,1,3,0,
R05906,1,2,5,2,7,126,1,3,0,
R05907,1,2,5,2,7,125,1,2,1,10
R05908,1,2,5,2,7,131,1,2,1,10
R05909,1,2,5,2,7,125,1,3,0,
R05910,1,2,5,2,7,131,1,3,0,
R05911,1,2,5,2,7,130,1,2,1,10
R05912,1,2,5,2,7,136,1,2,1,10
R05913,1,2,5,2,7,122,1,3,0,
R05914,1,2,5,2,7,128,1,3,0,
R05915,1,2,5,2,7,127,1,2,1,10
R05916,1,2,5,2,7,133,1,2,1,10
R05917,1,2,5,2,7,127,1,3,0,
R05918,1,2,5,2,7,133,1,3,0,
R05919,1,2,5,2,7,132,1,2,1,10
R05920,1,2,5,2,7,138,1,2,1,10
R05921,1,2,5,2,7,126,1,3,0,
R05922,1,2,5,2,7,132,1,3,0,
R05923,1,2,5,2,7,131,1,2,1,10
R05924,1,2,5,2,7,137,1,2,1,10
R05925,1,2,5,2,7,131,1,3,0,
R05926,1,2,5,2,7,137,1,3,0,
R05927,1,2,5,2,7,136,1,2,1,10
R05928,1,2,5,2,7,142,1,2,1,10
R05929,1,2,5,2,7,121,3,5,0,
R05930,1,2,5,2,7,127,3,5,0,
R05931,1,2,5,2,7,126,3,5,0,
R05932,1,2,5,2,7,132,3,5,0,
R05933,1,2,5,2,7,126,3,5,0,
R05934,1,2,5,2,7,132,3,5,0,
R05935,1,2,5,2,7,131,3,5,0,
R05936,1,2,5,2,7,137,3,5,0,
R05937,1,2,5,2,7,125,3,4,1,30
R05938,1,2,5,2,7,131,3,4,1,30
R05939,1,2,5,2,7,130,3,4,1,30
R05940,1,2,5,2,7,136,3,4,1,30
R05941,1,2,5,2,7,130,3,4,1,30
R05942,1,2,5,2,7,136,3,4,1,30
R05943,1,2,5,2,7,135,3,4,1,30
R05944,1,2,5,2,7,141,3,4,1,30
R05945,1,2,5,2,7,127,3,5,0,
R05946,1,2,5,2,7,133,3,5,0,
R05947,1,2,5,2,7,132,3,5,0,
R05948,1,2,5,2,7,138,3,5,0,
R05949,1,2,5,2,7,132,3,5,0,
R05950,1,2,5,2,7,138,3,5,0,
R05951,1,2,5,2,7,137,3,5,0,
R05952,1,2,5,2,7,143,3,5,0,
R05953,1,2,5,2,7,131,3,4,1,30
R05954,1,2,5,2,7,137,3,4,1,30
R05955,1,2,5,2,7,136,3,4,1,30
R05956,1,2,5,2,7,142,3,4,1,30
R05957,1,2,5,2,7,136,3,4,1,30
R05958,1,2,5,2,7,142,3,4,1,30
R05959,1,2,5,2,7,141,3,4,1,30
R05960,1,2,5,2,7,147,3,4,1,30
R05961,1,2,5,2,7,121,1,3,0,
R05962,1,2,5,2,7,127,1,3,0,
R05963,1,2,5,2,7,126,1,2,1,10
R05964,1,2,5,2,7,132,1,2,1,10
R05965,1,2,5,2,7,126,1,3,0,
R05966,1,2,5,2,7,132,1,3,0,
R05967,1,2,5,2,7,131,1,2,1,10
R05968,1,2,5,2,7,137,1,2,1,10
R05969,1,2,5,2,7,125,1,3,0,
R05970,1,2,5,2,7,131,1,3,0,
R05971,1,2,5,2,7,130,1,2,1,10
R05972,1,2,5,2,7,136,1,2,1,10
R05973,1,2,5,2,7,130,1,3,0,
R05974,1,2,5,2,7,136,1,3,0,
R05975,1,2,5,2,7,135,1,2,1,10
R05976,1,2,5,2,7,141,1,2,1,10
R05977,1,2,5,2,7,127,3,5,0,
R05978,1,2,5,2,7,133,3,5,0,
R05979,1,2,5,2,7,132,3,5,0,
R05980,1,2,5,2,7,138,3,5,0,
R05981,1,2,5,2,7,132,3,5,0,
R05982,1,2,5,2,7,138,3,5,0,
R05983,1,2,5,2,7,137,3,5,0,
R05984,1,2,5,2,7,143,3,5,0,
R05985,1,2,5,2,7,131,3,4,1,14
R05986,1,2,5,2,7,137,3,4,1,14
R05987,1,2,5,2,7,136,3,4,1,14
R05988,1,2,5,2,7,142,3,4,1,14
R05989,1,2,5,2,7,136,3,4,1,14
R05990,1,2,5,2,7,142,3,4,1,14
R05991,1,2,5,2,7,141,3,4,1,14
R05992,1,2,5,2,7,147,3,4,1,14
R05993,1,2,5,2,7,126,3,5,0,
R05994,1,2,5,2,7,132,3,5,0,
R05995,1,2,5,2,7,131,3,5,0,
R05996,1,2,5,2,7,137,3,5,0,
R05997,1,2,5,2,7,131,3,5,0,
R05998,1,2,5,2,7,137,3,5,0,
R05999,1,2,5,2,7,136,3,5,0,
R06000,1,2,5,2,7,142,3,5,0,
R06001,1,2,5,2,7,130,3,4,1,30
R06002,1,2,5,2,7,136,3,4,1,30
R06003,1,2,5,2,7,135,3,4,1,30
R06004,1,2,5,2,7,141,3,4,1,30
R06005,1,2,5,2,7,135,3,4,1,30
R06006,1,2,5,2,7,141,3,4,1,30
R06007,1,2,5,2,7,140,3,4,1,30
R06008,1,2,5,2,7,146,3,4,1,30
R06009,1,2,5,2,7,132,3,5,0,
R06010,1,2,5,2,7,138,3,5,0,
R06011,1,2,5,2,7,137,3,5,0,
R06012,1,2,5,2,7,143,3,5,0,
R06013,1,2,5,2,7,137,3,5,0,
R06014,1,2,5,2,7,143,3,5,0,
R06015,1,2,5,2,7,142,3,5,0,
R06016,1,2,5,2,7,148,3,5,0,
R06017,1,2,5,2,7,136,3,4,1,14
R06018,1,2,5,2,7,142,3,4,1,14
R06019,1,2,5,2,7,141,3,4,1,14
R06020,1,2,5,2,7,147,3,4,1,14
R06021,1,2,5,2,7,141,3,4,1,14
R06022,1,2,5,2,7,147,3,4,1,14
R06023,1,2,5,2,7,146,3,4,1,14
R06024,1,2,5,2,7,152,3,4,1,14
R06025,1,2,5,2,7,118,1,3,0,
R06026,1,2,5,2,7,124,1,3,0,
R06027,1,2,5,2,7,123,1,2,1,2
R06028,1,2,5,2,7,129,1,2,1,2
R06029,1,2,5,2,7,123,1,3,0,
R06030,1,2,5,2,7,129,1,3,0,
R06031,1,2,5,2,7,128,1,2,1,2
R06032,1,2,5,2,7,134,1,2,1,2
R06033,1,2,5,2,7,122,1,3,0,
R06034,1,2,5,2,7,128,1,3,0,
R06035,1,2,5,2,7,127,1,2,1,2
R06036,1,2,5,2,7,133,1,2,1,2
R06037,1,2,5,2,7,127,1,3,0,
R06038,1,2,5,2,7,133,1,3,0,
R06039,1,2,5,2,7,132,1,2,1,2
R06040,1,2,5,2,7,138,1,2,1,2
R06041,1,2,5,2,7,124,1,3,0,
R06042,1,2,5,2,7,130,1,3,0,
R06043,1,2,5,2,7,129,1,2,1,2
R06044,1,2,5,2,7,135,1,2,1,2
R06045,1,2,5,2,7,129,1,3,0,
R06046,1,2,5,2,7,135,1,3,0,
R06047,1,2,5,2,7,134,1,2,1,2
R06048,1,2,5,2,7,140,1,2,1,2
R06049,1,2,5,2,7,128,1,3,0,
R06050,1,2,5,2,7,134,1,3,0,
R06051,1,2,5,2,7,133,1,2,1,2
R06052,1,2,5,2,7,139,1,2,1,2
R06053,1,2,5,2,7,133,1,3,0,
R06054,1,2,5,2,7,139,1,3,0,
R06055,1,2,5,2,7,138,1,2,1,2
R06056,1,2,5,2,7,144,1,2,1,2
R06057,1,2,5,2,7,123,1,3,0,
R06058,1,2,5,2,7,129,1,3,0,
R06059,1,2,5,2,7,128,1,2,1,2
R06060,1,2,5,2,7,134,1,2,1,2
R06061,1,2,5,2,7,128,1,3,0,
R06062,1,2,5,2,7,134,1,3,0,
R06063,1,2,5,2,7,133,1,2,1,2
R06064,1,2,5,2,7,139,1,2,1,2
R06065,1,2,5,2,7,127,1,3,0,
R06066,1,2,5,2,7,133,1,3,0,
R06067,1,2,5,2,7,132,1,2,1,2
R06068,1,2,5,2,7,138,1,2,1,2
R06069,1,2,5,2,7,132,1,3,0,
R06070,1,2,5,2,7,138,1,3,0,
R06071,1,2,5,2,7,137,1,2,1,2
R06072,1,2,5,2,7,143,1,2,1,2
R06073,1,2,5,2,7,129,1,3,0,
R06074,1,2,5,2,7,135,1,3,0,
R06075,1,2,5,2,7,134,1,2,1,2
R06076,1,2,5,2,7,140,1,2,1,2
R06077,1,2,5,2,7,134,1,3,0,
R06078,1,2,5,2,7,140,1,3,0,
R06079,1,2,5,2,7,139,1,2,1,2
R06080,1,2,5,2,7,145,1,2,1,2
R06081,1,2,5,2,7,133,1,3,0,
R06082,1,2,5,2,7,139,1,3,0,
R06083,1,2,5,2,7,138,1,2,1,2
R06084,1,2,5,2,7,144,1,2,1,2
R06085,1,2,5,2,7,138,1,3,0,
R06086,1,2,5,2,7,144,1,3,0,
R06087,1,2,5,2,7,143,1,2,1,2
R06088,1,2,5,2,7,149,1,2,1,2
R06089,1,2,5,2,7,123,1,3,0,
R06090,1,2,5,2,7,129,1,3,0,
R06091,1,2,5,2,7,128,1,2,1,2
R06092,1,2,5,2,7,134,1,2,1,2
R06093,1,2,5,2,7,128,1,3,0,
R06094,1,2,5,2,7,134,1,3,0,
R06095,1,2,5,2,7,133,1,2,1,2
R06096,1,2,5,2,7,139,1,2,1,2
R06097,1,2,5,2,7,127,1,3,0,
R06098,1,2,5,2,7,133,1,3,0,
R06099,1,2,5,2,7,132,1,2,1,2
R06100,1,2,5,2,7,138,1,2,1,2
R06101,1,2,5,2,7,132,1,3,0,
R06102,1,2,5,2,7,138,1,3,0,
R06103,1,2,5,2,7,137,1,2,1,2
R06104,1,2,5,2,7,143,1,2,1,2
R06105,1,2,5,2,7,129,3,5,0,
R06106,1,2,5,2,7,135,3,5,0,
R06107,1,2,5,2,7,134,3,5,0,
R06108,1,2,5,2,7,140,3,5,0,
R06109,1,2,5,2,7,134,3,5,0,
R06110,1,2,5,2,7,140,3,5,0,
R06111,1,2,5,2,7,139,3,5,0,
R06112,1,2,5,2,7,145,3,5,0,
R06113,1,2,5,2,7,133,3,4,1,6
R06114,1,2,5,2,7,139,3,4,1,6
R06115,1,2,5,2,7,138,3,4,1,6
R06116,1,2,5,2,7,144,3,4,1,6
R06117,1,2,5,2,7,138,3,4,1,6
R06118,1,2,5,2,7,144,3,4,1,6
R06119,1,2,5,2,7,143,3,4,1,6
R06120,1,2,5,2,7,149,3,4,1,6
R06121,1,2,5,2,7,128,1,3,0,
R06122,1,2,5,2,7,134,1,3,0,
R06123,1,2,5,2,7,133,1,2,1,2
R06124,1,2,5,2,7,139,1,2,1,2
R06125,1,2,5,2,7,133,1,3,0,
R06126,1,2,5,2,7,139,1,3,0,
R06127,1,2,5,2,7,138,1,2,1,2
R06128,1,2,5,2,7,144,1,2,1,2
R06129,1,2,5,2,7,132,1,3,0,
R06130,1,2,5,2,7,138,1,3,0,
R06131,1,2,5,2,7,137,1,2,1,2
R06132,1,2,5,2,7,143,1,2,1,2
R06133,1,2,5,2,7,137,1,3,0,
R06134,1,2,5,2,7,143,1,3,0,
R06135,1,2,5,2,7,142,1,2,1,2
R06136,1,2,5,2,7,148,1,2,1,2
R06137,1,2,5,2,7,134,3,5,0,
R06138,1,2,5,2,7,140,3,5,0,
R06139,1,2,5,2,7,139,3,5,0,
R06140,1,2,5,2,7,145,3,5,0,
R06141,1,2,5,2,7,139,3,5,0,
R06142,1,2,5,2,7,145,3,5,0,
R06143,1,2,5,2,7,144,3,5,0,
R06144,1,2,5,2,7,150,3,5,0,
R06145,1,2,5,2,7,138,3,4,1,6
R06146,1,2,5,2,7,144,3,4,1,6
R06147,1,2,5,2,7,143,3,4,1,6
R06148,1,2,5,2,7,149,3,4,1,6
R06149,1,2,5,2,7,143,3,4,1,6
R06150,1,2,5,2,7,149,3,4,1,6
R06151,1,2,5,2,7,148,3,4,1,6
R06152,1,2,5,2,7,154,3,4,1,6
R06153,1,2,5,2,7,122,1,3,0,
R06154,1,2,5,2,7,128,1,3,0,
R06155,1,2,5,2,7,127,1,2,1,2
R06156,1,2,5,2,7,133,1,2,1,2
R06157,1,2,5,2,7,127,1,3,0,
R06158,1,2,5,2,7,133,1,3,0,
R06159,1,2,5,2,7,132,1,2,1,2
R06160,1,2,5,2,7,138,1,2,1,2
R06161,1,2,5,2,7,126,1,3,0,
R06162,1,2,5,2,7,132,1,3,0,
R06163,1,2,5,2,7,131,1,2,1,2
R06164,1,2,5,2,7,137,1,2,1,2
R06165,1,2,5,2,7,131,1,3,0,
R06166,1,2,5,2,7,137,1,3,0,
R06167,1,2,5,2,7,136,1,2,1,2
R06168,1,2,5,2,7,142,1,2,1,2
R06169,1,2,5,2,7,128,1,3,0,
R06170,1,2,5,2,7,134,1,3,0,
R06171,1,2,5,2,7,133,1,2,1,2
R06172,1,2,5,2,7,139,1,2,1,2
R06173,1,2,5,2,7,133,1,3,0,
R06174,1,2,5,2,7,139,1,3,0,
R06175,1,2,5,2,7,138,1,2,1,2
R06176,1,2,5,2,7,144,1,2,1,2
R06177,1,2,5,2,7,132,1,3,0,
R06178,1,2,5,2,7,138,1,3,0,
R06179,1,2,5,2,7,137,1,2,1,2
R06180,1,2,5,2,7,143,1,2,1,2
R06181,1,2,5,2,7,137,1,3,0,
R06182,1,2,5,2,7,143,1,3,0,
R06183,1,2,5,2,7,142,1,2,1,2
R06184,1,2,5,2,7,148,1,2,1,2
R06185,1,2,5,2,7,127,3,5,0,
R06186,1,2,5,2,7,133,3,5,0,
R06187,1,2,5,2,7,132,3,5,0,
R06188,1,2,5,2,7,138,3,5,0,
R06189,1,2,5,2,7,132,3,5,0,
R06190,1,2,5,2,7,138,3,5,0,
R06191,1,2,5,2,7,137,3,5,0,
R06192,1,2,5,2,7,143,3,5,0,
R06193,1,2,5,2,7,131,3,4,1,22
R06194,1,2,5,2,7,137,3,4,1,22
R06195,1,2,5,2,7,136,3,4,1,22
R06196,1,2,5,2,7,142,3,4,1,22
R06197,1,2,5,2,7,136,3,4,1,22
R06198,1,2,5,2,7,142,3,4,1,22
R06199,1,2,5,2,7,141,3,4,1,22
R06200,1,2,5,2,7,147,3,4,1,22
R06201,1,2,5,2,7,133,3,5,0,
R06202,1,2,5,2,7,139,3,5,0,
R06203,1,2,5,2,7,138,3,5,0,
R06204,1,2,5,2,7,144,3,5,0,
R06205,1,2,5,2,7,138,3,5,0,
R06206,1,2,5,2,7,144,3,5,0,
R06207,1,2,5,2,7,143,3,5,0,
R06208,1,2,5,2,7,149,3,5,0,
R06209,1,2,5,2,7,137,3,4,1,22
R06210,1,2,5,2,7,143,3,4,1,22
R06211,1,2,5,2,7,142,3,4,1,22
R06212,1,2,5,2,7,148,3,4,1,22
R06213,1,2,5,2,7,142,3,4,1,22
R06214,1,2,5,2,7,148,3,4,1,22
R06215,1,2,5,2,7,147,3,4,1,22
R06216,1,2,5,2,7,153,3,4,1,22
R06217,1,2,5,2,7,127,1,3,0,
R06218,1,2,5,2,7,133,1,3,0,
R06219,1,2,5,2,7,132,1,2,1,2
R06220,1,2,5,2,7,138,1,2,1,2
R06221,1,2,5,2,7,132,1,3,0,
R06222,1,2,5,2,7,138,1,3,0,
R06223,1,2,5,2,7,137,1,2,1,2
R06224,1,2,5,2,7,143,1,2,1,2
R06225,1,2,5,2,7,131,1,3,0,
R06226,1,2,5,2,7,137,1,3,0,
R06227,1,2,5,2,7,136,1,2,1,2
R06228,1,2,5,2,7,142,1,2,1,2
R06229,1,2,5,2,7,136,1,3,0,
R06230,1,2,5,2,7,142,1,3,0,
R06231,1,2,5,2,7,141,1,2,1,2
R06232,1,2,5,2,7,147,1,2,1,2
R06233,1,2,5,2,7,133,3,5,0,
R06234,1,2,5,2,7,139,3,5,0,
R06235,1,2,5,2,7,138,3,5,0,
R06236,1,2,5,2,7,144,3,5,0,
R06237,1,2,5,2,7,138,3,5,0,
R06238,1,2,5,2,7,144,3,5,0,
R06239,1,2,5,2,7,143,3,5,0,
R06240,1,2,5,2,7,149,3,5,0,
R06241,1,2,5,2,7,137,3,4,1,6
R06242,1,2,5,2,7,143,3,4,1,6
R06243,1,2,5,2,7,142,3,4,1,6
R06244,1,2,5,2,7,148,3,4,1,6
R06245,1,2,5,2,7,142,3,4,1,6
R06246,1,2,5,2,7,148,3,4,1,6
R06247,1,2,5,2,7,147,3,4,1,6
R06248,1,2,5,2,7,153,3,4,1,6
R06249,1,2,5,2,7,132,3,5,0,
R06250,1,2,5,2,7,138,3,5,0,
R06251,1,2,5,2,7,137,3,5,0,
R06252,1,2,5,2,7,143,3,5,0,
R06253,1,2,5,2,7,137,3,5,0,
R06254,1,2,5,2,7,143,3,5,0,
R06255,1,2,5,2,7,142,3,5,0,
R06256,1,2,5,2,7,148,3,5,0,
R06257,1,2,5,2,7,136,3,4,1,22
R06258,1,2,5,2,7,142,3,4,1,22
R06259,1,2,5,2,7,141,3,4,1,22
R06260,1,2,5,2,7,147,3,4,1,22
R06261,1,2,5,2,7,141,3,4,1,22
R06262,1,2,5,2,7,147,3,4,1,22
R06263,1,2,5,2,7,146,3,4,1,22
R06264,1,2,5,2,7,152,3,4,1,22
R06265,1,2,5,2,7,138,3,5,0,
R06266,1,2,5,2,7,144,3,5,0,
R06267,1,2,5,2,7,143,3,5,0,
R06268,1,2,5,2,7,149,3,5,0,
R06269,1,2,5,2,7,143,3,5,0,
R06270,1,2,5,2,7,149,3,5,0,
R06271,1,2,5,2,7,148,3,5,0,
R06272,1,2,5,2,7,154,3,5,0,
R06273,1,2,5,2,7,142,3,4,1,6
R06274,1,2,5,2,7,148,3,4,1,6
R06275,1,2,5,2,7,147,3,4,1,6
R06276,1,2,5,2,7,153,3,4,1,6
R06277,1,2,5,2,7,147,3,4,1,6
R06278,1,2,5,2,7,153,3,4,1,6
R06279,1,2,5,2,7,152,3,4,1,6
R06280,1,2,5,2,7,158,3,4,1,6
