id,family,template_index,template_name,reference_state,input_count,outcome_rows,has_version_guard,region,least_state,least_input,ast_nodes,call_sites,declarations,states,evaluation_steps,certificate_nodes,executions,max_trace,checker_steps
H0001,generated_truth_table,1,explicit_input,0,2,6,0,0,1,0,4,1,1,3,14,12,6,0,14
H0002,generated_truth_table,2,explicit_zero,0,2,6,0,0,1,0,4,1,1,3,14,12,6,0,14
H0003,generated_truth_table,3,explicit_one,0,2,6,0,0,1,0,4,1,1,3,14,12,6,0,14
H0004,generated_truth_table,4,presence_guard_fallback,0,2,6,0,0,1,1,7,1,1,3,24,8,6,0,24
H0005,generated_truth_table,5,two_call_composition,0,2,6,0,0,1,0,6,2,1,3,20,14,6,0,20
H0006,generated_truth_table,6,input_branch,0,2,6,0,0,1,0,10,2,1,3,26,12,6,0,26
H0007,generated_truth_table,1,explicit_input,0,2,6,0,0;2,1,0,4,1,2,3,22,12,6,0,22
H0008,generated_truth_table,2,explicit_zero,0,2,6,0,0;2,1,0,4,1,2,3,22,12,6,0,22
H0009,generated_truth_table,3,explicit_one,0,2,6,0,0;2,1,0,4,1,2,3,22,12,6,0,22
H0010,generated_truth_table,4,presence_guard_fallback,0,2,6,0,0;2,1,1,7,1,2,3,30,10,6,0,30
H0011,generated_truth_table,5,two_call_composition,0,2,6,0,0;2,1,0,6,2,2,3,34,16,6,0,34
H0012,generated_truth_table,6,input_branch,0,2,6,0,0;2,1,0,10,2,2,3,34,12,6,0,34
H0013,generated_truth_table,1,explicit_input,0,2,6,0,0,1,0,4,1,2,3,22,12,6,0,22
H0014,generated_truth_table,2,explicit_zero,0,2,6,0,0,1,0,4,1,2,3,22,12,6,0,22
H0015,generated_truth_table,3,explicit_one,0,2,6,0,0;2,1,0,4,1,2,3,22,12,6,0,22
H0016,generated_truth_table,4,presence_guard_fallback,0,2,6,0,0,1,1,7,1,2,3,30,10,6,0,30
H0017,generated_truth_table,5,two_call_composition,0,2,6,0,0,1,0,6,2,2,3,34,16,6,0,34
H0018,generated_truth_table,6,input_branch,0,2,6,0,0,1,0,10,2,2,3,34,12,6,0,34
H0019,generated_truth_table,1,explicit_input,0,2,6,0,0,1,0,4,1,2,3,22,12,6,0,22
H0020,generated_truth_table,2,explicit_zero,0,2,6,0,0;2,1,0,4,1,2,3,22,12,6,0,22
H0021,generated_truth_table,3,explicit_one,0,2,6,0,0,1,0,4,1,2,3,22,12,6,0,22
H0022,generated_truth_table,4,presence_guard_fallback,0,2,6,0,0,1,1,7,1,2,3,30,10,6,0,30
H0023,generated_truth_table,5,two_call_composition,0,2,6,0,0,1,0,6,2,2,3,34,16,6,0,34
H0024,generated_truth_table,6,input_branch,0,2,6,0,0,1,0,10,2,2,3,34,12,6,0,34
H0025,generated_truth_table,1,explicit_input,0,2,6,0,0,1,0,4,1,2,3,22,12,6,0,22
H0026,generated_truth_table,2,explicit_zero,0,2,6,0,0,1,0,4,1,2,3,22,12,6,0,22
H0027,generated_truth_table,3,explicit_one,0,2,6,0,0,1,0,4,1,2,3,22,12,6,0,22
H0028,generated_truth_table,4,presence_guard_fallback,0,2,6,0,0,1,1,7,1,2,3,30,10,6,0,30
H0029,generated_truth_table,5,two_call_composition,0,2,6,0,0,1,0,6,2,2,3,34,16,6,0,34
H0030,generated_truth_table,6,input_branch,0,2,6,0,0,1,0,10,2,2,3,34,12,6,0,34
H0031,generated_truth_table,1,explicit_input,0,2,6,0,0;1,2,0,4,1,2,3,22,12,6,0,22
H0032,generated_truth_table,2,explicit_zero,0,2,6,0,0;1,2,0,4,1,2,3,22,12,6,0,22
H0033,generated_truth_table,3,explicit_one,0,2,6,0,0;1,2,0,4,1,2,3,22,12,6,0,22
H0034,generated_truth_table,4,presence_guard_fallback,0,2,6,0,0;1,2,1,7,1,2,3,30,10,6,0,30
H0035,generated_truth_table,5,two_call_composition,0,2,6,0,0;1,2,0,6,2,2,3,34,16,6,0,34
H0036,generated_truth_table,6,input_branch,0,2,6,0,0;1,2,0,10,2,2,3,34,12,6,0,34
H0037,generated_truth_table,1,explicit_input,0,2,6,0,0;1;2,,,4,1,3,3,30,12,6,0,30
H0038,generated_truth_table,2,explicit_zero,0,2,6,0,0;1;2,,,4,1,3,3,30,12,6,0,30
H0039,generated_truth_table,3,explicit_one,0,2,6,0,0;1;2,,,4,1,3,3,30,12,6,0,30
H0040,generated_truth_table,4,presence_guard_fallback,0,2,6,0,0;1;2,,,7,1,3,3,36,12,6,0,36
H0041,generated_truth_table,5,two_call_composition,0,2,6,0,0;1;2,,,6,2,3,3,48,18,6,0,48
H0042,generated_truth_table,6,input_branch,0,2,6,0,0;1;2,,,10,2,3,3,42,12,6,0,42
H0043,generated_truth_table,1,explicit_input,0,2,6,0,0;1,2,0,4,1,3,3,30,12,6,0,30
H0044,generated_truth_table,2,explicit_zero,0,2,6,0,0;1,2,0,4,1,3,3,30,12,6,0,30
H0045,generated_truth_table,3,explicit_one,0,2,6,0,0;1;2,,,4,1,3,3,30,12,6,0,30
H0046,generated_truth_table,4,presence_guard_fallback,0,2,6,0,0;1,2,0,7,1,3,3,36,12,6,0,36
H0047,generated_truth_table,5,two_call_composition,0,2,6,0,0;1,2,1,6,2,3,3,48,18,6,0,48
H0048,generated_truth_table,6,input_branch,0,2,6,0,0;1,2,1,10,2,3,3,42,12,6,0,42
H0049,generated_truth_table,1,explicit_input,0,2,6,0,0;1,2,1,4,1,3,3,30,12,6,0,30
H0050,generated_truth_table,2,explicit_zero,0,2,6,0,0;1;2,,,4,1,3,3,30,12,6,0,30
H0051,generated_truth_table,3,explicit_one,0,2,6,0,0;1,2,0,4,1,3,3,30,12,6,0,30
H0052,generated_truth_table,4,presence_guard_fallback,0,2,6,0,0;1,2,1,7,1,3,3,36,12,6,0,36
H0053,generated_truth_table,5,two_call_composition,0,2,6,0,0;1,2,1,6,2,3,3,48,18,6,0,48
H0054,generated_truth_table,6,input_branch,0,2,6,0,0;1,2,0,10,2,3,3,42,12,6,0,42
H0055,generated_truth_table,1,explicit_input,0,2,6,0,0;1,2,0,4,1,3,3,30,12,6,0,30
H0056,generated_truth_table,2,explicit_zero,0,2,6,0,0;1,2,0,4,1,3,3,30,12,6,0,30
H0057,generated_truth_table,3,explicit_one,0,2,6,0,0;1,2,0,4,1,3,3,30,12,6,0,30
H0058,generated_truth_table,4,presence_guard_fallback,0,2,6,0,0;1,2,0,7,1,3,3,36,12,6,0,36
H0059,generated_truth_table,5,two_call_composition,0,2,6,0,0;1,2,0,6,2,3,3,48,18,6,0,48
H0060,generated_truth_table,6,input_branch,0,2,6,0,0;1,2,0,10,2,3,3,42,12,6,0,42
H0061,generated_truth_table,1,explicit_input,0,2,6,0,0,1,0,4,1,2,3,22,12,6,0,22
H0062,generated_truth_table,2,explicit_zero,0,2,6,0,0,1,0,4,1,2,3,22,12,6,0,22
H0063,generated_truth_table,3,explicit_one,0,2,6,0,0;1,2,0,4,1,2,3,22,12,6,0,22
H0064,generated_truth_table,4,presence_guard_fallback,0,2,6,0,0,1,0,7,1,2,3,30,10,6,0,30
H0065,generated_truth_table,5,two_call_composition,0,2,6,0,0,1,1,6,2,2,3,34,16,6,0,34
H0066,generated_truth_table,6,input_branch,0,2,6,0,0,1,1,10,2,2,3,34,12,6,0,34
H0067,generated_truth_table,1,explicit_input,0,2,6,0,0;2,1,0,4,1,3,3,30,12,6,0,30
H0068,generated_truth_table,2,explicit_zero,0,2,6,0,0;2,1,0,4,1,3,3,30,12,6,0,30
H0069,generated_truth_table,3,explicit_one,0,2,6,0,0;1;2,,,4,1,3,3,30,12,6,0,30
H0070,generated_truth_table,4,presence_guard_fallback,0,2,6,0,0;2,1,0,7,1,3,3,36,12,6,0,36
H0071,generated_truth_table,5,two_call_composition,0,2,6,0,0;2,1,1,6,2,3,3,48,18,6,0,48
H0072,generated_truth_table,6,input_branch,0,2,6,0,0;2,1,1,10,2,3,3,42,12,6,0,42
H0073,generated_truth_table,1,explicit_input,0,2,6,0,0,1,0,4,1,3,3,30,12,6,0,30
H0074,generated_truth_table,2,explicit_zero,0,2,6,0,0,1,0,4,1,3,3,30,12,6,0,30
H0075,generated_truth_table,3,explicit_one,0,2,6,0,0;1;2,,,4,1,3,3,30,12,6,0,30
H0076,generated_truth_table,4,presence_guard_fallback,0,2,6,0,0,1,0,7,1,3,3,36,12,6,0,36
H0077,generated_truth_table,5,two_call_composition,0,2,6,0,0,1,1,6,2,3,3,48,18,6,0,48
H0078,generated_truth_table,6,input_branch,0,2,6,0,0,1,1,10,2,3,3,42,12,6,0,42
H0079,generated_truth_table,1,explicit_input,0,2,6,0,0,1,0,4,1,3,3,30,12,6,0,30
H0080,generated_truth_table,2,explicit_zero,0,2,6,0,0;2,1,0,4,1,3,3,30,12,6,0,30
H0081,generated_truth_table,3,explicit_one,0,2,6,0,0;1,2,0,4,1,3,3,30,12,6,0,30
H0082,generated_truth_table,4,presence_guard_fallback,0,2,6,0,0,1,0,7,1,3,3,36,12,6,0,36
H0083,generated_truth_table,5,two_call_composition,0,2,6,0,0,1,1,6,2,3,3,48,18,6,0,48
H0084,generated_truth_table,6,input_branch,0,2,6,0,0,1,1,10,2,3,3,42,12,6,0,42
H0085,generated_truth_table,1,explicit_input,0,2,6,0,0,1,0,4,1,3,3,30,12,6,0,30
H0086,generated_truth_table,2,explicit_zero,0,2,6,0,0,1,0,4,1,3,3,30,12,6,0,30
H0087,generated_truth_table,3,explicit_one,0,2,6,0,0;1,2,0,4,1,3,3,30,12,6,0,30
H0088,generated_truth_table,4,presence_guard_fallback,0,2,6,0,0,1,0,7,1,3,3,36,12,6,0,36
H0089,generated_truth_table,5,two_call_composition,0,2,6,0,0,1,1,6,2,3,3,48,18,6,0,48
H0090,generated_truth_table,6,input_branch,0,2,6,0,0,1,1,10,2,3,3,42,12,6,0,42
H0091,generated_truth_table,1,explicit_input,0,2,6,0,0,1,1,4,1,2,3,22,12,6,0,22
H0092,generated_truth_table,2,explicit_zero,0,2,6,0,0;1,2,0,4,1,2,3,22,12,6,0,22
H0093,generated_truth_table,3,explicit_one,0,2,6,0,0,1,0,4,1,2,3,22,12,6,0,22
H0094,generated_truth_table,4,presence_guard_fallback,0,2,6,0,0,1,1,7,1,2,3,30,10,6,0,30
H0095,generated_truth_table,5,two_call_composition,0,2,6,0,0,1,1,6,2,2,3,34,16,6,0,34
H0096,generated_truth_table,6,input_branch,0,2,6,0,0,1,0,10,2,2,3,34,12,6,0,34
H0097,generated_truth_table,1,explicit_input,0,2,6,0,0;2,1,1,4,1,3,3,30,12,6,0,30
H0098,generated_truth_table,2,explicit_zero,0,2,6,0,0;1;2,,,4,1,3,3,30,12,6,0,30
H0099,generated_truth_table,3,explicit_one,0,2,6,0,0;2,1,0,4,1,3,3,30,12,6,0,30
H0100,generated_truth_table,4,presence_guard_fallback,0,2,6,0,0;2,1,1,7,1,3,3,36,12,6,0,36
H0101,generated_truth_table,5,two_call_composition,0,2,6,0,0;2,1,1,6,2,3,3,48,18,6,0,48
H0102,generated_truth_table,6,input_branch,0,2,6,0,0;2,1,0,10,2,3,3,42,12,6,0,42
H0103,generated_truth_table,1,explicit_input,0,2,6,0,0,1,1,4,1,3,3,30,12,6,0,30
H0104,generated_truth_table,2,explicit_zero,0,2,6,0,0;1,2,0,4,1,3,3,30,12,6,0,30
H0105,generated_truth_table,3,explicit_one,0,2,6,0,0;2,1,0,4,1,3,3,30,12,6,0,30
H0106,generated_truth_table,4,presence_guard_fallback,0,2,6,0,0,1,1,7,1,3,3,36,12,6,0,36
H0107,generated_truth_table,5,two_call_composition,0,2,6,0,0,1,1,6,2,3,3,48,18,6,0,48
H0108,generated_truth_table,6,input_branch,0,2,6,0,0,1,0,10,2,3,3,42,12,6,0,42
H0109,generated_truth_table,1,explicit_input,0,2,6,0,0,1,1,4,1,3,3,30,12,6,0,30
H0110,generated_truth_table,2,explicit_zero,0,2,6,0,0;1;2,,,4,1,3,3,30,12,6,0,30
H0111,generated_truth_table,3,explicit_one,0,2,6,0,0,1,0,4,1,3,3,30,12,6,0,30
H0112,generated_truth_table,4,presence_guard_fallback,0,2,6,0,0,1,1,7,1,3,3,36,12,6,0,36
H0113,generated_truth_table,5,two_call_composition,0,2,6,0,0,1,1,6,2,3,3,48,18,6,0,48
H0114,generated_truth_table,6,input_branch,0,2,6,0,0,1,0,10,2,3,3,42,12,6,0,42
H0115,generated_truth_table,1,explicit_input,0,2,6,0,0,1,1,4,1,3,3,30,12,6,0,30
H0116,generated_truth_table,2,explicit_zero,0,2,6,0,0;1,2,0,4,1,3,3,30,12,6,0,30
H0117,generated_truth_table,3,explicit_one,0,2,6,0,0,1,0,4,1,3,3,30,12,6,0,30
H0118,generated_truth_table,4,presence_guard_fallback,0,2,6,0,0,1,1,7,1,3,3,36,12,6,0,36
H0119,generated_truth_table,5,two_call_composition,0,2,6,0,0,1,1,6,2,3,3,48,18,6,0,48
H0120,generated_truth_table,6,input_branch,0,2,6,0,0,1,0,10,2,3,3,42,12,6,0,42
H0121,generated_truth_table,1,explicit_input,0,2,6,0,0,1,0,4,1,2,3,22,12,6,0,22
H0122,generated_truth_table,2,explicit_zero,0,2,6,0,0,1,0,4,1,2,3,22,12,6,0,22
H0123,generated_truth_table,3,explicit_one,0,2,6,0,0,1,0,4,1,2,3,22,12,6,0,22
H0124,generated_truth_table,4,presence_guard_fallback,0,2,6,0,0,1,0,7,1,2,3,30,10,6,0,30
H0125,generated_truth_table,5,two_call_composition,0,2,6,0,0,1,0,6,2,2,3,34,16,6,0,34
H0126,generated_truth_table,6,input_branch,0,2,6,0,0,1,0,10,2,2,3,34,12,6,0,34
H0127,generated_truth_table,1,explicit_input,0,2,6,0,0;2,1,0,4,1,3,3,30,12,6,0,30
H0128,generated_truth_table,2,explicit_zero,0,2,6,0,0;2,1,0,4,1,3,3,30,12,6,0,30
H0129,generated_truth_table,3,explicit_one,0,2,6,0,0;2,1,0,4,1,3,3,30,12,6,0,30
H0130,generated_truth_table,4,presence_guard_fallback,0,2,6,0,0;2,1,0,7,1,3,3,36,12,6,0,36
H0131,generated_truth_table,5,two_call_composition,0,2,6,0,0;2,1,0,6,2,3,3,48,18,6,0,48
H0132,generated_truth_table,6,input_branch,0,2,6,0,0;2,1,0,10,2,3,3,42,12,6,0,42
H0133,generated_truth_table,1,explicit_input,0,2,6,0,0,1,0,4,1,3,3,30,12,6,0,30
H0134,generated_truth_table,2,explicit_zero,0,2,6,0,0,1,0,4,1,3,3,30,12,6,0,30
H0135,generated_truth_table,3,explicit_one,0,2,6,0,0;2,1,0,4,1,3,3,30,12,6,0,30
H0136,generated_truth_table,4,presence_guard_fallback,0,2,6,0,0,1,0,7,1,3,3,36,12,6,0,36
H0137,generated_truth_table,5,two_call_composition,0,2,6,0,0,1,0,6,2,3,3,48,18,6,0,48
H0138,generated_truth_table,6,input_branch,0,2,6,0,0,1,0,10,2,3,3,42,12,6,0,42
H0139,generated_truth_table,1,explicit_input,0,2,6,0,0,1,0,4,1,3,3,30,12,6,0,30
H0140,generated_truth_table,2,explicit_zero,0,2,6,0,0;2,1,0,4,1,3,3,30,12,6,0,30
H0141,generated_truth_table,3,explicit_one,0,2,6,0,0,1,0,4,1,3,3,30,12,6,0,30
H0142,generated_truth_table,4,presence_guard_fallback,0,2,6,0,0,1,0,7,1,3,3,36,12,6,0,36
H0143,generated_truth_table,5,two_call_composition,0,2,6,0,0,1,0,6,2,3,3,48,18,6,0,48
H0144,generated_truth_table,6,input_branch,0,2,6,0,0,1,0,10,2,3,3,42,12,6,0,42
H0145,generated_truth_table,1,explicit_input,0,2,6,0,0,1,0,4,1,3,3,30,12,6,0,30
H0146,generated_truth_table,2,explicit_zero,0,2,6,0,0,1,0,4,1,3,3,30,12,6,0,30
H0147,generated_truth_table,3,explicit_one,0,2,6,0,0,1,0,4,1,3,3,30,12,6,0,30
H0148,generated_truth_table,4,presence_guard_fallback,0,2,6,0,0,1,0,7,1,3,3,36,12,6,0,36
H0149,generated_truth_table,5,two_call_composition,0,2,6,0,0,1,0,6,2,3,3,48,18,6,0,48
H0150,generated_truth_table,6,input_branch,0,2,6,0,0,1,0,10,2,3,3,42,12,6,0,42
H0151,generated_truth_table,1,explicit_input,0,2,6,0,0,1,0,4,1,1,3,14,12,6,0,14
H0152,generated_truth_table,2,explicit_zero,0,2,6,0,0,1,0,4,1,1,3,14,12,6,0,14
H0153,generated_truth_table,3,explicit_one,0,2,6,0,0,1,0,4,1,1,3,14,12,6,0,14
H0154,generated_truth_table,4,presence_guard_fallback,0,2,6,0,0,1,0,7,1,1,3,24,8,6,0,24
H0155,generated_truth_table,5,two_call_composition,0,2,6,0,0,1,0,6,2,1,3,20,14,6,0,20
H0156,generated_truth_table,6,input_branch,0,2,6,0,0,1,0,10,2,1,3,26,12,6,0,26
H0157,generated_truth_table,1,explicit_input,0,2,6,0,0,1,0,4,1,2,3,22,12,6,0,22
H0158,generated_truth_table,2,explicit_zero,0,2,6,0,0,1,0,4,1,2,3,22,12,6,0,22
H0159,generated_truth_table,3,explicit_one,0,2,6,0,0;2,1,0,4,1,2,3,22,12,6,0,22
H0160,generated_truth_table,4,presence_guard_fallback,0,2,6,0,0,1,0,7,1,2,3,30,10,6,0,30
H0161,generated_truth_table,5,two_call_composition,0,2,6,0,0,1,0,6,2,2,3,34,16,6,0,34
H0162,generated_truth_table,6,input_branch,0,2,6,0,0,1,0,10,2,2,3,34,12,6,0,34
H0163,generated_truth_table,1,explicit_input,0,2,6,0,0;2,1,0,4,1,2,3,22,12,6,0,22
H0164,generated_truth_table,2,explicit_zero,0,2,6,0,0;2,1,0,4,1,2,3,22,12,6,0,22
H0165,generated_truth_table,3,explicit_one,0,2,6,0,0;2,1,0,4,1,2,3,22,12,6,0,22
H0166,generated_truth_table,4,presence_guard_fallback,0,2,6,0,0;2,1,0,7,1,2,3,30,10,6,0,30
H0167,generated_truth_table,5,two_call_composition,0,2,6,0,0;2,1,0,6,2,2,3,34,16,6,0,34
H0168,generated_truth_table,6,input_branch,0,2,6,0,0;2,1,0,10,2,2,3,34,12,6,0,34
H0169,generated_truth_table,1,explicit_input,0,2,6,0,0,1,0,4,1,2,3,22,12,6,0,22
H0170,generated_truth_table,2,explicit_zero,0,2,6,0,0,1,0,4,1,2,3,22,12,6,0,22
H0171,generated_truth_table,3,explicit_one,0,2,6,0,0,1,0,4,1,2,3,22,12,6,0,22
H0172,generated_truth_table,4,presence_guard_fallback,0,2,6,0,0,1,0,7,1,2,3,30,10,6,0,30
H0173,generated_truth_table,5,two_call_composition,0,2,6,0,0;2,1,0,6,2,2,3,34,16,6,0,34
H0174,generated_truth_table,6,input_branch,0,2,6,0,0,1,0,10,2,2,3,34,12,6,0,34
H0175,generated_truth_table,1,explicit_input,0,2,6,0,0,1,0,4,1,2,3,22,12,6,0,22
H0176,generated_truth_table,2,explicit_zero,0,2,6,0,0;2,1,0,4,1,2,3,22,12,6,0,22
H0177,generated_truth_table,3,explicit_one,0,2,6,0,0,1,0,4,1,2,3,22,12,6,0,22
H0178,generated_truth_table,4,presence_guard_fallback,0,2,6,0,0,1,0,7,1,2,3,30,10,6,0,30
H0179,generated_truth_table,5,two_call_composition,0,2,6,0,0,1,0,6,2,2,3,34,16,6,0,34
H0180,generated_truth_table,6,input_branch,0,2,6,0,0,1,0,10,2,2,3,34,12,6,0,34
H0181,generated_truth_table,1,explicit_input,0,2,6,0,0,1,0,4,1,2,3,22,12,6,0,22
H0182,generated_truth_table,2,explicit_zero,0,2,6,0,0,1,0,4,1,2,3,22,12,6,0,22
H0183,generated_truth_table,3,explicit_one,0,2,6,0,0;1,2,0,4,1,2,3,22,12,6,0,22
H0184,generated_truth_table,4,presence_guard_fallback,0,2,6,0,0,1,0,7,1,2,3,30,10,6,0,30
H0185,generated_truth_table,5,two_call_composition,0,2,6,0,0,1,1,6,2,2,3,34,16,6,0,34
H0186,generated_truth_table,6,input_branch,0,2,6,0,0,1,1,10,2,2,3,34,12,6,0,34
H0187,generated_truth_table,1,explicit_input,0,2,6,0,0,1,0,4,1,3,3,30,12,6,0,30
H0188,generated_truth_table,2,explicit_zero,0,2,6,0,0,1,0,4,1,3,3,30,12,6,0,30
H0189,generated_truth_table,3,explicit_one,0,2,6,0,0;1;2,,,4,1,3,3,30,12,6,0,30
H0190,generated_truth_table,4,presence_guard_fallback,0,2,6,0,0,1,0,7,1,3,3,36,12,6,0,36
H0191,generated_truth_table,5,two_call_composition,0,2,6,0,0,1,1,6,2,3,3,48,18,6,0,48
H0192,generated_truth_table,6,input_branch,0,2,6,0,0,1,1,10,2,3,3,42,12,6,0,42
H0193,generated_truth_table,1,explicit_input,0,2,6,0,0;2,1,0,4,1,3,3,30,12,6,0,30
H0194,generated_truth_table,2,explicit_zero,0,2,6,0,0;2,1,0,4,1,3,3,30,12,6,0,30
H0195,generated_truth_table,3,explicit_one,0,2,6,0,0;1;2,,,4,1,3,3,30,12,6,0,30
H0196,generated_truth_table,4,presence_guard_fallback,0,2,6,0,0;2,1,0,7,1,3,3,36,12,6,0,36
H0197,generated_truth_table,5,two_call_composition,0,2,6,0,0;2,1,1,6,2,3,3,48,18,6,0,48
H0198,generated_truth_table,6,input_branch,0,2,6,0,0;2,1,1,10,2,3,3,42,12,6,0,42
H0199,generated_truth_table,1,explicit_input,0,2,6,0,0,1,0,4,1,3,3,30,12,6,0,30
H0200,generated_truth_table,2,explicit_zero,0,2,6,0,0,1,0,4,1,3,3,30,12,6,0,30
H0201,generated_truth_table,3,explicit_one,0,2,6,0,0;1,2,0,4,1,3,3,30,12,6,0,30
H0202,generated_truth_table,4,presence_guard_fallback,0,2,6,0,0,1,0,7,1,3,3,36,12,6,0,36
H0203,generated_truth_table,5,two_call_composition,0,2,6,0,0;2,1,1,6,2,3,3,48,18,6,0,48
H0204,generated_truth_table,6,input_branch,0,2,6,0,0,1,1,10,2,3,3,42,12,6,0,42
H0205,generated_truth_table,1,explicit_input,0,2,6,0,0,1,0,4,1,3,3,30,12,6,0,30
H0206,generated_truth_table,2,explicit_zero,0,2,6,0,0;2,1,0,4,1,3,3,30,12,6,0,30
H0207,generated_truth_table,3,explicit_one,0,2,6,0,0;1,2,0,4,1,3,3,30,12,6,0,30
H0208,generated_truth_table,4,presence_guard_fallback,0,2,6,0,0,1,0,7,1,3,3,36,12,6,0,36
H0209,generated_truth_table,5,two_call_composition,0,2,6,0,0,1,1,6,2,3,3,48,18,6,0,48
H0210,generated_truth_table,6,input_branch,0,2,6,0,0,1,1,10,2,3,3,42,12,6,0,42
H0211,generated_truth_table,1,explicit_input,0,2,6,0,0;1,2,0,4,1,2,3,22,12,6,0,22
H0212,generated_truth_table,2,explicit_zero,0,2,6,0,0;1,2,0,4,1,2,3,22,12,6,0,22
H0213,generated_truth_table,3,explicit_one,0,2,6,0,0;1,2,0,4,1,2,3,22,12,6,0,22
H0214,generated_truth_table,4,presence_guard_fallback,0,2,6,0,0;1,2,0,7,1,2,3,30,10,6,0,30
H0215,generated_truth_table,5,two_call_composition,0,2,6,0,0;1,2,0,6,2,2,3,34,16,6,0,34
H0216,generated_truth_table,6,input_branch,0,2,6,0,0;1,2,0,10,2,2,3,34,12,6,0,34
H0217,generated_truth_table,1,explicit_input,0,2,6,0,0;1,2,0,4,1,3,3,30,12,6,0,30
H0218,generated_truth_table,2,explicit_zero,0,2,6,0,0;1,2,0,4,1,3,3,30,12,6,0,30
H0219,generated_truth_table,3,explicit_one,0,2,6,0,0;1;2,,,4,1,3,3,30,12,6,0,30
H0220,generated_truth_table,4,presence_guard_fallback,0,2,6,0,0;1,2,0,7,1,3,3,36,12,6,0,36
H0221,generated_truth_table,5,two_call_composition,0,2,6,0,0;1,2,1,6,2,3,3,48,18,6,0,48
H0222,generated_truth_table,6,input_branch,0,2,6,0,0;1,2,1,10,2,3,3,42,12,6,0,42
H0223,generated_truth_table,1,explicit_input,0,2,6,0,0;1;2,,,4,1,3,3,30,12,6,0,30
H0224,generated_truth_table,2,explicit_zero,0,2,6,0,0;1;2,,,4,1,3,3,30,12,6,0,30
H0225,generated_truth_table,3,explicit_one,0,2,6,0,0;1;2,,,4,1,3,3,30,12,6,0,30
H0226,generated_truth_table,4,presence_guard_fallback,0,2,6,0,0;1;2,,,7,1,3,3,36,12,6,0,36
H0227,generated_truth_table,5,two_call_composition,0,2,6,0,0;1;2,,,6,2,3,3,48,18,6,0,48
H0228,generated_truth_table,6,input_branch,0,2,6,0,0;1;2,,,10,2,3,3,42,12,6,0,42
H0229,generated_truth_table,1,explicit_input,0,2,6,0,0;1,2,0,4,1,3,3,30,12,6,0,30
H0230,generated_truth_table,2,explicit_zero,0,2,6,0,0;1,2,0,4,1,3,3,30,12,6,0,30
H0231,generated_truth_table,3,explicit_one,0,2,6,0,0;1,2,0,4,1,3,3,30,12,6,0,30
H0232,generated_truth_table,4,presence_guard_fallback,0,2,6,0,0;1,2,0,7,1,3,3,36,12,6,0,36
H0233,generated_truth_table,5,two_call_composition,0,2,6,0,0;1;2,,,6,2,3,3,48,18,6,0,48
H0234,generated_truth_table,6,input_branch,0,2,6,0,0;1,2,0,10,2,3,3,42,12,6,0,42
H0235,generated_truth_table,1,explicit_input,0,2,6,0,0;1,2,1,4,1,3,3,30,12,6,0,30
H0236,generated_truth_table,2,explicit_zero,0,2,6,0,0;1;2,,,4,1,3,3,30,12,6,0,30
H0237,generated_truth_table,3,explicit_one,0,2,6,0,0;1,2,0,4,1,3,3,30,12,6,0,30
H0238,generated_truth_table,4,presence_guard_fallback,0,2,6,0,0;1,2,1,7,1,3,3,36,12,6,0,36
H0239,generated_truth_table,5,two_call_composition,0,2,6,0,0;1,2,0,6,2,3,3,48,18,6,0,48
H0240,generated_truth_table,6,input_branch,0,2,6,0,0;1,2,0,10,2,3,3,42,12,6,0,42
H0241,generated_truth_table,1,explicit_input,0,2,6,0,0,1,0,4,1,2,3,22,12,6,0,22
H0242,generated_truth_table,2,explicit_zero,0,2,6,0,0,1,0,4,1,2,3,22,12,6,0,22
H0243,generated_truth_table,3,explicit_one,0,2,6,0,0,1,0,4,1,2,3,22,12,6,0,22
H0244,generated_truth_table,4,presence_guard_fallback,0,2,6,0,0,1,0,7,1,2,3,30,10,6,0,30
H0245,generated_truth_table,5,two_call_composition,0,2,6,0,0;1,2,0,6,2,2,3,34,16,6,0,34
H0246,generated_truth_table,6,input_branch,0,2,6,0,0,1,0,10,2,2,3,34,12,6,0,34
H0247,generated_truth_table,1,explicit_input,0,2,6,0,0,1,0,4,1,3,3,30,12,6,0,30
H0248,generated_truth_table,2,explicit_zero,0,2,6,0,0,1,0,4,1,3,3,30,12,6,0,30
H0249,generated_truth_table,3,explicit_one,0,2,6,0,0;2,1,0,4,1,3,3,30,12,6,0,30
H0250,generated_truth_table,4,presence_guard_fallback,0,2,6,0,0,1,0,7,1,3,3,36,12,6,0,36
H0251,generated_truth_table,5,two_call_composition,0,2,6,0,0;1,2,1,6,2,3,3,48,18,6,0,48
H0252,generated_truth_table,6,input_branch,0,2,6,0,0,1,0,10,2,3,3,42,12,6,0,42
H0253,generated_truth_table,1,explicit_input,0,2,6,0,0;2,1,0,4,1,3,3,30,12,6,0,30
H0254,generated_truth_table,2,explicit_zero,0,2,6,0,0;2,1,0,4,1,3,3,30,12,6,0,30
H0255,generated_truth_table,3,explicit_one,0,2,6,0,0;2,1,0,4,1,3,3,30,12,6,0,30
H0256,generated_truth_table,4,presence_guard_fallback,0,2,6,0,0;2,1,0,7,1,3,3,36,12,6,0,36
H0257,generated_truth_table,5,two_call_composition,0,2,6,0,0;1;2,,,6,2,3,3,48,18,6,0,48
H0258,generated_truth_table,6,input_branch,0,2,6,0,0;2,1,0,10,2,3,3,42,12,6,0,42
H0259,generated_truth_table,1,explicit_input,0,2,6,0,0,1,0,4,1,3,3,30,12,6,0,30
H0260,generated_truth_table,2,explicit_zero,0,2,6,0,0,1,0,4,1,3,3,30,12,6,0,30
H0261,generated_truth_table,3,explicit_one,0,2,6,0,0,1,0,4,1,3,3,30,12,6,0,30
H0262,generated_truth_table,4,presence_guard_fallback,0,2,6,0,0,1,0,7,1,3,3,36,12,6,0,36
H0263,generated_truth_table,5,two_call_composition,0,2,6,0,0;1;2,,,6,2,3,3,48,18,6,0,48
H0264,generated_truth_table,6,input_branch,0,2,6,0,0,1,0,10,2,3,3,42,12,6,0,42
H0265,generated_truth_table,1,explicit_input,0,2,6,0,0,1,0,4,1,3,3,30,12,6,0,30
H0266,generated_truth_table,2,explicit_zero,0,2,6,0,0;2,1,0,4,1,3,3,30,12,6,0,30
H0267,generated_truth_table,3,explicit_one,0,2,6,0,0,1,0,4,1,3,3,30,12,6,0,30
H0268,generated_truth_table,4,presence_guard_fallback,0,2,6,0,0,1,0,7,1,3,3,36,12,6,0,36
H0269,generated_truth_table,5,two_call_composition,0,2,6,0,0;1,2,0,6,2,3,3,48,18,6,0,48
H0270,generated_truth_table,6,input_branch,0,2,6,0,0,1,0,10,2,3,3,42,12,6,0,42
H0271,generated_truth_table,1,explicit_input,0,2,6,0,0,1,1,4,1,2,3,22,12,6,0,22
H0272,generated_truth_table,2,explicit_zero,0,2,6,0,0;1,2,0,4,1,2,3,22,12,6,0,22
H0273,generated_truth_table,3,explicit_one,0,2,6,0,0,1,0,4,1,2,3,22,12,6,0,22
H0274,generated_truth_table,4,presence_guard_fallback,0,2,6,0,0,1,1,7,1,2,3,30,10,6,0,30
H0275,generated_truth_table,5,two_call_composition,0,2,6,0,0,1,0,6,2,2,3,34,16,6,0,34
H0276,generated_truth_table,6,input_branch,0,2,6,0,0,1,0,10,2,2,3,34,12,6,0,34
H0277,generated_truth_table,1,explicit_input,0,2,6,0,0,1,1,4,1,3,3,30,12,6,0,30
H0278,generated_truth_table,2,explicit_zero,0,2,6,0,0;1,2,0,4,1,3,3,30,12,6,0,30
H0279,generated_truth_table,3,explicit_one,0,2,6,0,0;2,1,0,4,1,3,3,30,12,6,0,30
H0280,generated_truth_table,4,presence_guard_fallback,0,2,6,0,0,1,1,7,1,3,3,36,12,6,0,36
H0281,generated_truth_table,5,two_call_composition,0,2,6,0,0,1,0,6,2,3,3,48,18,6,0,48
H0282,generated_truth_table,6,input_branch,0,2,6,0,0,1,0,10,2,3,3,42,12,6,0,42
H0283,generated_truth_table,1,explicit_input,0,2,6,0,0;2,1,1,4,1,3,3,30,12,6,0,30
H0284,generated_truth_table,2,explicit_zero,0,2,6,0,0;1;2,,,4,1,3,3,30,12,6,0,30
H0285,generated_truth_table,3,explicit_one,0,2,6,0,0;2,1,0,4,1,3,3,30,12,6,0,30
H0286,generated_truth_table,4,presence_guard_fallback,0,2,6,0,0;2,1,1,7,1,3,3,36,12,6,0,36
H0287,generated_truth_table,5,two_call_composition,0,2,6,0,0;2,1,0,6,2,3,3,48,18,6,0,48
H0288,generated_truth_table,6,input_branch,0,2,6,0,0;2,1,0,10,2,3,3,42,12,6,0,42
H0289,generated_truth_table,1,explicit_input,0,2,6,0,0,1,1,4,1,3,3,30,12,6,0,30
H0290,generated_truth_table,2,explicit_zero,0,2,6,0,0;1,2,0,4,1,3,3,30,12,6,0,30
H0291,generated_truth_table,3,explicit_one,0,2,6,0,0,1,0,4,1,3,3,30,12,6,0,30
H0292,generated_truth_table,4,presence_guard_fallback,0,2,6,0,0,1,1,7,1,3,3,36,12,6,0,36
H0293,generated_truth_table,5,two_call_composition,0,2,6,0,0;2,1,0,6,2,3,3,48,18,6,0,48
H0294,generated_truth_table,6,input_branch,0,2,6,0,0,1,0,10,2,3,3,42,12,6,0,42
H0295,generated_truth_table,1,explicit_input,0,2,6,0,0,1,1,4,1,3,3,30,12,6,0,30
H0296,generated_truth_table,2,explicit_zero,0,2,6,0,0;1;2,,,4,1,3,3,30,12,6,0,30
H0297,generated_truth_table,3,explicit_one,0,2,6,0,0,1,0,4,1,3,3,30,12,6,0,30
H0298,generated_truth_table,4,presence_guard_fallback,0,2,6,0,0,1,1,7,1,3,3,36,12,6,0,36
H0299,generated_truth_table,5,two_call_composition,0,2,6,0,0,1,0,6,2,3,3,48,18,6,0,48
H0300,generated_truth_table,6,input_branch,0,2,6,0,0,1,0,10,2,3,3,42,12,6,0,42
H0301,generated_truth_table,1,explicit_input,0,2,6,0,0,1,0,4,1,1,3,14,12,6,0,14
H0302,generated_truth_table,2,explicit_zero,0,2,6,0,0,1,0,4,1,1,3,14,12,6,0,14
H0303,generated_truth_table,3,explicit_one,0,2,6,0,0,1,0,4,1,1,3,14,12,6,0,14
H0304,generated_truth_table,4,presence_guard_fallback,0,2,6,0,0;1;2,,,7,1,1,3,24,8,6,0,24
H0305,generated_truth_table,5,two_call_composition,0,2,6,0,0,1,0,6,2,1,3,20,14,6,0,20
H0306,generated_truth_table,6,input_branch,0,2,6,0,0,1,0,10,2,1,3,26,12,6,0,26
H0307,generated_truth_table,1,explicit_input,0,2,6,0,0,1,0,4,1,2,3,22,12,6,0,22
H0308,generated_truth_table,2,explicit_zero,0,2,6,0,0;2,1,0,4,1,2,3,22,12,6,0,22
H0309,generated_truth_table,3,explicit_one,0,2,6,0,0,1,0,4,1,2,3,22,12,6,0,22
H0310,generated_truth_table,4,presence_guard_fallback,0,2,6,0,0;1,2,1,7,1,2,3,30,10,6,0,30
H0311,generated_truth_table,5,two_call_composition,0,2,6,0,0,1,0,6,2,2,3,34,16,6,0,34
H0312,generated_truth_table,6,input_branch,0,2,6,0,0,1,0,10,2,2,3,34,12,6,0,34
H0313,generated_truth_table,1,explicit_input,0,2,6,0,0,1,0,4,1,2,3,22,12,6,0,22
H0314,generated_truth_table,2,explicit_zero,0,2,6,0,0,1,0,4,1,2,3,22,12,6,0,22
H0315,generated_truth_table,3,explicit_one,0,2,6,0,0,1,0,4,1,2,3,22,12,6,0,22
H0316,generated_truth_table,4,presence_guard_fallback,0,2,6,0,0;1,2,0,7,1,2,3,30,10,6,0,30
H0317,generated_truth_table,5,two_call_composition,0,2,6,0,0;2,1,0,6,2,2,3,34,16,6,0,34
H0318,generated_truth_table,6,input_branch,0,2,6,0,0,1,0,10,2,2,3,34,12,6,0,34
H0319,generated_truth_table,1,explicit_input,0,2,6,0,0;2,1,0,4,1,2,3,22,12,6,0,22
H0320,generated_truth_table,2,explicit_zero,0,2,6,0,0;2,1,0,4,1,2,3,22,12,6,0,22
H0321,generated_truth_table,3,explicit_one,0,2,6,0,0;2,1,0,4,1,2,3,22,12,6,0,22
H0322,generated_truth_table,4,presence_guard_fallback,0,2,6,0,0;1;2,,,7,1,2,3,30,10,6,0,30
H0323,generated_truth_table,5,two_call_composition,0,2,6,0,0;2,1,0,6,2,2,3,34,16,6,0,34
H0324,generated_truth_table,6,input_branch,0,2,6,0,0;2,1,0,10,2,2,3,34,12,6,0,34
H0325,generated_truth_table,1,explicit_input,0,2,6,0,0,1,0,4,1,2,3,22,12,6,0,22
H0326,generated_truth_table,2,explicit_zero,0,2,6,0,0,1,0,4,1,2,3,22,12,6,0,22
H0327,generated_truth_table,3,explicit_one,0,2,6,0,0;2,1,0,4,1,2,3,22,12,6,0,22
H0328,generated_truth_table,4,presence_guard_fallback,0,2,6,0,0;1,2,0,7,1,2,3,30,10,6,0,30
H0329,generated_truth_table,5,two_call_composition,0,2,6,0,0,1,0,6,2,2,3,34,16,6,0,34
H0330,generated_truth_table,6,input_branch,0,2,6,0,0,1,0,10,2,2,3,34,12,6,0,34
H0331,generated_truth_table,1,explicit_input,0,2,6,0,0,1,1,4,1,2,3,22,12,6,0,22
H0332,generated_truth_table,2,explicit_zero,0,2,6,0,0;1,2,0,4,1,2,3,22,12,6,0,22
H0333,generated_truth_table,3,explicit_one,0,2,6,0,0,1,0,4,1,2,3,22,12,6,0,22
H0334,generated_truth_table,4,presence_guard_fallback,0,2,6,0,0;2,1,1,7,1,2,3,30,10,6,0,30
H0335,generated_truth_table,5,two_call_composition,0,2,6,0,0,1,1,6,2,2,3,34,16,6,0,34
H0336,generated_truth_table,6,input_branch,0,2,6,0,0,1,0,10,2,2,3,34,12,6,0,34
H0337,generated_truth_table,1,explicit_input,0,2,6,0,0,1,1,4,1,3,3,30,12,6,0,30
H0338,generated_truth_table,2,explicit_zero,0,2,6,0,0;1;2,,,4,1,3,3,30,12,6,0,30
H0339,generated_truth_table,3,explicit_one,0,2,6,0,0,1,0,4,1,3,3,30,12,6,0,30
H0340,generated_truth_table,4,presence_guard_fallback,0,2,6,0,0,1,1,7,1,3,3,36,12,6,0,36
H0341,generated_truth_table,5,two_call_composition,0,2,6,0,0,1,1,6,2,3,3,48,18,6,0,48
H0342,generated_truth_table,6,input_branch,0,2,6,0,0,1,0,10,2,3,3,42,12,6,0,42
H0343,generated_truth_table,1,explicit_input,0,2,6,0,0,1,1,4,1,3,3,30,12,6,0,30
H0344,generated_truth_table,2,explicit_zero,0,2,6,0,0;1,2,0,4,1,3,3,30,12,6,0,30
H0345,generated_truth_table,3,explicit_one,0,2,6,0,0,1,0,4,1,3,3,30,12,6,0,30
H0346,generated_truth_table,4,presence_guard_fallback,0,2,6,0,0,1,1,7,1,3,3,36,12,6,0,36
H0347,generated_truth_table,5,two_call_composition,0,2,6,0,0;2,1,1,6,2,3,3,48,18,6,0,48
H0348,generated_truth_table,6,input_branch,0,2,6,0,0,1,0,10,2,3,3,42,12,6,0,42
H0349,generated_truth_table,1,explicit_input,0,2,6,0,0;2,1,1,4,1,3,3,30,12,6,0,30
H0350,generated_truth_table,2,explicit_zero,0,2,6,0,0;1;2,,,4,1,3,3,30,12,6,0,30
H0351,generated_truth_table,3,explicit_one,0,2,6,0,0;2,1,0,4,1,3,3,30,12,6,0,30
H0352,generated_truth_table,4,presence_guard_fallback,0,2,6,0,0;2,1,1,7,1,3,3,36,12,6,0,36
H0353,generated_truth_table,5,two_call_composition,0,2,6,0,0;2,1,1,6,2,3,3,48,18,6,0,48
H0354,generated_truth_table,6,input_branch,0,2,6,0,0;2,1,0,10,2,3,3,42,12,6,0,42
H0355,generated_truth_table,1,explicit_input,0,2,6,0,0,1,1,4,1,3,3,30,12,6,0,30
H0356,generated_truth_table,2,explicit_zero,0,2,6,0,0;1,2,0,4,1,3,3,30,12,6,0,30
H0357,generated_truth_table,3,explicit_one,0,2,6,0,0;2,1,0,4,1,3,3,30,12,6,0,30
H0358,generated_truth_table,4,presence_guard_fallback,0,2,6,0,0,1,1,7,1,3,3,36,12,6,0,36
H0359,generated_truth_table,5,two_call_composition,0,2,6,0,0,1,1,6,2,3,3,48,18,6,0,48
H0360,generated_truth_table,6,input_branch,0,2,6,0,0,1,0,10,2,3,3,42,12,6,0,42
H0361,generated_truth_table,1,explicit_input,0,2,6,0,0,1,0,4,1,2,3,22,12,6,0,22
H0362,generated_truth_table,2,explicit_zero,0,2,6,0,0,1,0,4,1,2,3,22,12,6,0,22
H0363,generated_truth_table,3,explicit_one,0,2,6,0,0,1,0,4,1,2,3,22,12,6,0,22
H0364,generated_truth_table,4,presence_guard_fallback,0,2,6,0,0;2,1,0,7,1,2,3,30,10,6,0,30
H0365,generated_truth_table,5,two_call_composition,0,2,6,0,0;1,2,0,6,2,2,3,34,16,6,0,34
H0366,generated_truth_table,6,input_branch,0,2,6,0,0,1,0,10,2,2,3,34,12,6,0,34
H0367,generated_truth_table,1,explicit_input,0,2,6,0,0,1,0,4,1,3,3,30,12,6,0,30
H0368,generated_truth_table,2,explicit_zero,0,2,6,0,0;2,1,0,4,1,3,3,30,12,6,0,30
H0369,generated_truth_table,3,explicit_one,0,2,6,0,0,1,0,4,1,3,3,30,12,6,0,30
H0370,generated_truth_table,4,presence_guard_fallback,0,2,6,0,0,1,0,7,1,3,3,36,12,6,0,36
H0371,generated_truth_table,5,two_call_composition,0,2,6,0,0;1,2,1,6,2,3,3,48,18,6,0,48
H0372,generated_truth_table,6,input_branch,0,2,6,0,0,1,0,10,2,3,3,42,12,6,0,42
H0373,generated_truth_table,1,explicit_input,0,2,6,0,0,1,0,4,1,3,3,30,12,6,0,30
H0374,generated_truth_table,2,explicit_zero,0,2,6,0,0,1,0,4,1,3,3,30,12,6,0,30
H0375,generated_truth_table,3,explicit_one,0,2,6,0,0,1,0,4,1,3,3,30,12,6,0,30
H0376,generated_truth_table,4,presence_guard_fallback,0,2,6,0,0,1,0,7,1,3,3,36,12,6,0,36
H0377,generated_truth_table,5,two_call_composition,0,2,6,0,0;1;2,,,6,2,3,3,48,18,6,0,48
H0378,generated_truth_table,6,input_branch,0,2,6,0,0,1,0,10,2,3,3,42,12,6,0,42
H0379,generated_truth_table,1,explicit_input,0,2,6,0,0;2,1,0,4,1,3,3,30,12,6,0,30
H0380,generated_truth_table,2,explicit_zero,0,2,6,0,0;2,1,0,4,1,3,3,30,12,6,0,30
H0381,generated_truth_table,3,explicit_one,0,2,6,0,0;2,1,0,4,1,3,3,30,12,6,0,30
H0382,generated_truth_table,4,presence_guard_fallback,0,2,6,0,0;2,1,0,7,1,3,3,36,12,6,0,36
H0383,generated_truth_table,5,two_call_composition,0,2,6,0,0;1;2,,,6,2,3,3,48,18,6,0,48
H0384,generated_truth_table,6,input_branch,0,2,6,0,0;2,1,0,10,2,3,3,42,12,6,0,42
H0385,generated_truth_table,1,explicit_input,0,2,6,0,0,1,0,4,1,3,3,30,12,6,0,30
H0386,generated_truth_table,2,explicit_zero,0,2,6,0,0,1,0,4,1,3,3,30,12,6,0,30
H0387,generated_truth_table,3,explicit_one,0,2,6,0,0;2,1,0,4,1,3,3,30,12,6,0,30
H0388,generated_truth_table,4,presence_guard_fallback,0,2,6,0,0,1,0,7,1,3,3,36,12,6,0,36
H0389,generated_truth_table,5,two_call_composition,0,2,6,0,0;1,2,0,6,2,3,3,48,18,6,0,48
H0390,generated_truth_table,6,input_branch,0,2,6,0,0,1,0,10,2,3,3,42,12,6,0,42
H0391,generated_truth_table,1,explicit_input,0,2,6,0,0;1,2,0,4,1,2,3,22,12,6,0,22
H0392,generated_truth_table,2,explicit_zero,0,2,6,0,0;1,2,0,4,1,2,3,22,12,6,0,22
H0393,generated_truth_table,3,explicit_one,0,2,6,0,0;1,2,0,4,1,2,3,22,12,6,0,22
H0394,generated_truth_table,4,presence_guard_fallback,0,2,6,0,0;1;2,,,7,1,2,3,30,10,6,0,30
H0395,generated_truth_table,5,two_call_composition,0,2,6,0,0;1,2,0,6,2,2,3,34,16,6,0,34
H0396,generated_truth_table,6,input_branch,0,2,6,0,0;1,2,0,10,2,2,3,34,12,6,0,34
H0397,generated_truth_table,1,explicit_input,0,2,6,0,0;1,2,1,4,1,3,3,30,12,6,0,30
H0398,generated_truth_table,2,explicit_zero,0,2,6,0,0;1;2,,,4,1,3,3,30,12,6,0,30
H0399,generated_truth_table,3,explicit_one,0,2,6,0,0;1,2,0,4,1,3,3,30,12,6,0,30
H0400,generated_truth_table,4,presence_guard_fallback,0,2,6,0,0;1,2,1,7,1,3,3,36,12,6,0,36
H0401,generated_truth_table,5,two_call_composition,0,2,6,0,0;1,2,1,6,2,3,3,48,18,6,0,48
H0402,generated_truth_table,6,input_branch,0,2,6,0,0;1,2,0,10,2,3,3,42,12,6,0,42
H0403,generated_truth_table,1,explicit_input,0,2,6,0,0;1,2,0,4,1,3,3,30,12,6,0,30
H0404,generated_truth_table,2,explicit_zero,0,2,6,0,0;1,2,0,4,1,3,3,30,12,6,0,30
H0405,generated_truth_table,3,explicit_one,0,2,6,0,0;1,2,0,4,1,3,3,30,12,6,0,30
H0406,generated_truth_table,4,presence_guard_fallback,0,2,6,0,0;1,2,0,7,1,3,3,36,12,6,0,36
H0407,generated_truth_table,5,two_call_composition,0,2,6,0,0;1;2,,,6,2,3,3,48,18,6,0,48
H0408,generated_truth_table,6,input_branch,0,2,6,0,0;1,2,0,10,2,3,3,42,12,6,0,42
H0409,generated_truth_table,1,explicit_input,0,2,6,0,0;1;2,,,4,1,3,3,30,12,6,0,30
H0410,generated_truth_table,2,explicit_zero,0,2,6,0,0;1;2,,,4,1,3,3,30,12,6,0,30
H0411,generated_truth_table,3,explicit_one,0,2,6,0,0;1;2,,,4,1,3,3,30,12,6,0,30
H0412,generated_truth_table,4,presence_guard_fallback,0,2,6,0,0;1;2,,,7,1,3,3,36,12,6,0,36
H0413,generated_truth_table,5,two_call_composition,0,2,6,0,0;1;2,,,6,2,3,3,48,18,6,0,48
H0414,generated_truth_table,6,input_branch,0,2,6,0,0;1;2,,,10,2,3,3,42,12,6,0,42
H0415,generated_truth_table,1,explicit_input,0,2,6,0,0;1,2,0,4,1,3,3,30,12,6,0,30
H0416,generated_truth_table,2,explicit_zero,0,2,6,0,0;1,2,0,4,1,3,3,30,12,6,0,30
H0417,generated_truth_table,3,explicit_one,0,2,6,0,0;1;2,,,4,1,3,3,30,12,6,0,30
H0418,generated_truth_table,4,presence_guard_fallback,0,2,6,0,0;1,2,0,7,1,3,3,36,12,6,0,36
H0419,generated_truth_table,5,two_call_composition,0,2,6,0,0;1,2,0,6,2,3,3,48,18,6,0,48
H0420,generated_truth_table,6,input_branch,0,2,6,0,0;1,2,1,10,2,3,3,42,12,6,0,42
H0421,generated_truth_table,1,explicit_input,0,2,6,0,0,1,0,4,1,2,3,22,12,6,0,22
H0422,generated_truth_table,2,explicit_zero,0,2,6,0,0,1,0,4,1,2,3,22,12,6,0,22
H0423,generated_truth_table,3,explicit_one,0,2,6,0,0;1,2,0,4,1,2,3,22,12,6,0,22
H0424,generated_truth_table,4,presence_guard_fallback,0,2,6,0,0;2,1,0,7,1,2,3,30,10,6,0,30
H0425,generated_truth_table,5,two_call_composition,0,2,6,0,0,1,0,6,2,2,3,34,16,6,0,34
H0426,generated_truth_table,6,input_branch,0,2,6,0,0,1,1,10,2,2,3,34,12,6,0,34
H0427,generated_truth_table,1,explicit_input,0,2,6,0,0,1,0,4,1,3,3,30,12,6,0,30
H0428,generated_truth_table,2,explicit_zero,0,2,6,0,0;2,1,0,4,1,3,3,30,12,6,0,30
H0429,generated_truth_table,3,explicit_one,0,2,6,0,0;1,2,0,4,1,3,3,30,12,6,0,30
H0430,generated_truth_table,4,presence_guard_fallback,0,2,6,0,0,1,0,7,1,3,3,36,12,6,0,36
H0431,generated_truth_table,5,two_call_composition,0,2,6,0,0,1,0,6,2,3,3,48,18,6,0,48
H0432,generated_truth_table,6,input_branch,0,2,6,0,0,1,1,10,2,3,3,42,12,6,0,42
H0433,generated_truth_table,1,explicit_input,0,2,6,0,0,1,0,4,1,3,3,30,12,6,0,30
H0434,generated_truth_table,2,explicit_zero,0,2,6,0,0,1,0,4,1,3,3,30,12,6,0,30
H0435,generated_truth_table,3,explicit_one,0,2,6,0,0;1,2,0,4,1,3,3,30,12,6,0,30
H0436,generated_truth_table,4,presence_guard_fallback,0,2,6,0,0,1,0,7,1,3,3,36,12,6,0,36
H0437,generated_truth_table,5,two_call_composition,0,2,6,0,0;2,1,0,6,2,3,3,48,18,6,0,48
H0438,generated_truth_table,6,input_branch,0,2,6,0,0,1,1,10,2,3,3,42,12,6,0,42
H0439,generated_truth_table,1,explicit_input,0,2,6,0,0;2,1,0,4,1,3,3,30,12,6,0,30
H0440,generated_truth_table,2,explicit_zero,0,2,6,0,0;2,1,0,4,1,3,3,30,12,6,0,30
H0441,generated_truth_table,3,explicit_one,0,2,6,0,0;1;2,,,4,1,3,3,30,12,6,0,30
H0442,generated_truth_table,4,presence_guard_fallback,0,2,6,0,0;2,1,0,7,1,3,3,36,12,6,0,36
H0443,generated_truth_table,5,two_call_composition,0,2,6,0,0;2,1,0,6,2,3,3,48,18,6,0,48
H0444,generated_truth_table,6,input_branch,0,2,6,0,0;2,1,1,10,2,3,3,42,12,6,0,42
H0445,generated_truth_table,1,explicit_input,0,2,6,0,0,1,0,4,1,3,3,30,12,6,0,30
H0446,generated_truth_table,2,explicit_zero,0,2,6,0,0,1,0,4,1,3,3,30,12,6,0,30
H0447,generated_truth_table,3,explicit_one,0,2,6,0,0;1;2,,,4,1,3,3,30,12,6,0,30
H0448,generated_truth_table,4,presence_guard_fallback,0,2,6,0,0,1,0,7,1,3,3,36,12,6,0,36
H0449,generated_truth_table,5,two_call_composition,0,2,6,0,0,1,0,6,2,3,3,48,18,6,0,48
H0450,generated_truth_table,6,input_branch,0,2,6,0,0,1,1,10,2,3,3,42,12,6,0,42
H0451,generated_truth_table,1,explicit_input,0,2,6,0,0,1,0,4,1,1,3,14,12,6,0,14
H0452,generated_truth_table,2,explicit_zero,0,2,6,0,0,1,0,4,1,1,3,14,12,6,0,14
H0453,generated_truth_table,3,explicit_one,0,2,6,0,0,1,0,4,1,1,3,14,12,6,0,14
H0454,generated_truth_table,4,presence_guard_fallback,0,2,6,0,0,1,0,7,1,1,3,24,8,6,0,24
H0455,generated_truth_table,5,two_call_composition,0,2,6,0,0,1,0,6,2,1,3,20,14,6,0,20
H0456,generated_truth_table,6,input_branch,0,2,6,0,0,1,0,10,2,1,3,26,12,6,0,26
H0457,generated_truth_table,1,explicit_input,0,2,6,0,0,1,0,4,1,2,3,22,12,6,0,22
H0458,generated_truth_table,2,explicit_zero,0,2,6,0,0,1,0,4,1,2,3,22,12,6,0,22
H0459,generated_truth_table,3,explicit_one,0,2,6,0,0,1,0,4,1,2,3,22,12,6,0,22
H0460,generated_truth_table,4,presence_guard_fallback,0,2,6,0,0,1,0,7,1,2,3,30,10,6,0,30
H0461,generated_truth_table,5,two_call_composition,0,2,6,0,0,1,0,6,2,2,3,34,16,6,0,34
H0462,generated_truth_table,6,input_branch,0,2,6,0,0,1,0,10,2,2,3,34,12,6,0,34
H0463,generated_truth_table,1,explicit_input,0,2,6,0,0,1,0,4,1,2,3,22,12,6,0,22
H0464,generated_truth_table,2,explicit_zero,0,2,6,0,0;2,1,0,4,1,2,3,22,12,6,0,22
H0465,generated_truth_table,3,explicit_one,0,2,6,0,0,1,0,4,1,2,3,22,12,6,0,22
H0466,generated_truth_table,4,presence_guard_fallback,0,2,6,0,0,1,0,7,1,2,3,30,10,6,0,30
H0467,generated_truth_table,5,two_call_composition,0,2,6,0,0,1,0,6,2,2,3,34,16,6,0,34
H0468,generated_truth_table,6,input_branch,0,2,6,0,0,1,0,10,2,2,3,34,12,6,0,34
H0469,generated_truth_table,1,explicit_input,0,2,6,0,0,1,0,4,1,2,3,22,12,6,0,22
H0470,generated_truth_table,2,explicit_zero,0,2,6,0,0,1,0,4,1,2,3,22,12,6,0,22
H0471,generated_truth_table,3,explicit_one,0,2,6,0,0;2,1,0,4,1,2,3,22,12,6,0,22
H0472,generated_truth_table,4,presence_guard_fallback,0,2,6,0,0,1,0,7,1,2,3,30,10,6,0,30
H0473,generated_truth_table,5,two_call_composition,0,2,6,0,0,1,0,6,2,2,3,34,16,6,0,34
H0474,generated_truth_table,6,input_branch,0,2,6,0,0,1,0,10,2,2,3,34,12,6,0,34
H0475,generated_truth_table,1,explicit_input,0,2,6,0,0;2,1,0,4,1,2,3,22,12,6,0,22
H0476,generated_truth_table,2,explicit_zero,0,2,6,0,0;2,1,0,4,1,2,3,22,12,6,0,22
H0477,generated_truth_table,3,explicit_one,0,2,6,0,0;2,1,0,4,1,2,3,22,12,6,0,22
H0478,generated_truth_table,4,presence_guard_fallback,0,2,6,0,0;2,1,0,7,1,2,3,30,10,6,0,30
H0479,generated_truth_table,5,two_call_composition,0,2,6,0,0;2,1,0,6,2,2,3,34,16,6,0,34
H0480,generated_truth_table,6,input_branch,0,2,6,0,0;2,1,0,10,2,2,3,34,12,6,0,34
H0481,generated_truth_table,1,explicit_input,0,2,6,0,0,1,0,4,1,2,3,22,12,6,0,22
H0482,generated_truth_table,2,explicit_zero,0,2,6,0,0,1,0,4,1,2,3,22,12,6,0,22
H0483,generated_truth_table,3,explicit_one,0,2,6,0,0,1,0,4,1,2,3,22,12,6,0,22
H0484,generated_truth_table,4,presence_guard_fallback,0,2,6,0,0,1,0,7,1,2,3,30,10,6,0,30
H0485,generated_truth_table,5,two_call_composition,0,2,6,0,0,1,0,6,2,2,3,34,16,6,0,34
H0486,generated_truth_table,6,input_branch,0,2,6,0,0,1,0,10,2,2,3,34,12,6,0,34
H0487,generated_truth_table,1,explicit_input,0,2,6,0,0,1,0,4,1,3,3,30,12,6,0,30
H0488,generated_truth_table,2,explicit_zero,0,2,6,0,0,1,0,4,1,3,3,30,12,6,0,30
H0489,generated_truth_table,3,explicit_one,0,2,6,0,0,1,0,4,1,3,3,30,12,6,0,30
H0490,generated_truth_table,4,presence_guard_fallback,0,2,6,0,0,1,0,7,1,3,3,36,12,6,0,36
H0491,generated_truth_table,5,two_call_composition,0,2,6,0,0,1,0,6,2,3,3,48,18,6,0,48
H0492,generated_truth_table,6,input_branch,0,2,6,0,0,1,0,10,2,3,3,42,12,6,0,42
H0493,generated_truth_table,1,explicit_input,0,2,6,0,0,1,0,4,1,3,3,30,12,6,0,30
H0494,generated_truth_table,2,explicit_zero,0,2,6,0,0;2,1,0,4,1,3,3,30,12,6,0,30
H0495,generated_truth_table,3,explicit_one,0,2,6,0,0,1,0,4,1,3,3,30,12,6,0,30
H0496,generated_truth_table,4,presence_guard_fallback,0,2,6,0,0,1,0,7,1,3,3,36,12,6,0,36
H0497,generated_truth_table,5,two_call_composition,0,2,6,0,0,1,0,6,2,3,3,48,18,6,0,48
H0498,generated_truth_table,6,input_branch,0,2,6,0,0,1,0,10,2,3,3,42,12,6,0,42
H0499,generated_truth_table,1,explicit_input,0,2,6,0,0,1,0,4,1,3,3,30,12,6,0,30
H0500,generated_truth_table,2,explicit_zero,0,2,6,0,0,1,0,4,1,3,3,30,12,6,0,30
H0501,generated_truth_table,3,explicit_one,0,2,6,0,0;2,1,0,4,1,3,3,30,12,6,0,30
H0502,generated_truth_table,4,presence_guard_fallback,0,2,6,0,0,1,0,7,1,3,3,36,12,6,0,36
H0503,generated_truth_table,5,two_call_composition,0,2,6,0,0,1,0,6,2,3,3,48,18,6,0,48
H0504,generated_truth_table,6,input_branch,0,2,6,0,0,1,0,10,2,3,3,42,12,6,0,42
H0505,generated_truth_table,1,explicit_input,0,2,6,0,0;2,1,0,4,1,3,3,30,12,6,0,30
H0506,generated_truth_table,2,explicit_zero,0,2,6,0,0;2,1,0,4,1,3,3,30,12,6,0,30
H0507,generated_truth_table,3,explicit_one,0,2,6,0,0;2,1,0,4,1,3,3,30,12,6,0,30
H0508,generated_truth_table,4,presence_guard_fallback,0,2,6,0,0;2,1,0,7,1,3,3,36,12,6,0,36
H0509,generated_truth_table,5,two_call_composition,0,2,6,0,0;2,1,0,6,2,3,3,48,18,6,0,48
H0510,generated_truth_table,6,input_branch,0,2,6,0,0;2,1,0,10,2,3,3,42,12,6,0,42
H0511,generated_truth_table,1,explicit_input,0,2,6,0,0,1,1,4,1,2,3,22,12,6,0,22
H0512,generated_truth_table,2,explicit_zero,0,2,6,0,0;1,2,0,4,1,2,3,22,12,6,0,22
H0513,generated_truth_table,3,explicit_one,0,2,6,0,0,1,0,4,1,2,3,22,12,6,0,22
H0514,generated_truth_table,4,presence_guard_fallback,0,2,6,0,0,1,1,7,1,2,3,30,10,6,0,30
H0515,generated_truth_table,5,two_call_composition,0,2,6,0,0,1,0,6,2,2,3,34,16,6,0,34
H0516,generated_truth_table,6,input_branch,0,2,6,0,0,1,0,10,2,2,3,34,12,6,0,34
H0517,generated_truth_table,1,explicit_input,0,2,6,0,0,1,1,4,1,3,3,30,12,6,0,30
H0518,generated_truth_table,2,explicit_zero,0,2,6,0,0;1,2,0,4,1,3,3,30,12,6,0,30
H0519,generated_truth_table,3,explicit_one,0,2,6,0,0,1,0,4,1,3,3,30,12,6,0,30
H0520,generated_truth_table,4,presence_guard_fallback,0,2,6,0,0,1,1,7,1,3,3,36,12,6,0,36
H0521,generated_truth_table,5,two_call_composition,0,2,6,0,0,1,0,6,2,3,3,48,18,6,0,48
H0522,generated_truth_table,6,input_branch,0,2,6,0,0,1,0,10,2,3,3,42,12,6,0,42
H0523,generated_truth_table,1,explicit_input,0,2,6,0,0,1,1,4,1,3,3,30,12,6,0,30
H0524,generated_truth_table,2,explicit_zero,0,2,6,0,0;1;2,,,4,1,3,3,30,12,6,0,30
H0525,generated_truth_table,3,explicit_one,0,2,6,0,0,1,0,4,1,3,3,30,12,6,0,30
H0526,generated_truth_table,4,presence_guard_fallback,0,2,6,0,0,1,1,7,1,3,3,36,12,6,0,36
H0527,generated_truth_table,5,two_call_composition,0,2,6,0,0,1,0,6,2,3,3,48,18,6,0,48
H0528,generated_truth_table,6,input_branch,0,2,6,0,0,1,0,10,2,3,3,42,12,6,0,42
H0529,generated_truth_table,1,explicit_input,0,2,6,0,0,1,1,4,1,3,3,30,12,6,0,30
H0530,generated_truth_table,2,explicit_zero,0,2,6,0,0;1,2,0,4,1,3,3,30,12,6,0,30
H0531,generated_truth_table,3,explicit_one,0,2,6,0,0;2,1,0,4,1,3,3,30,12,6,0,30
H0532,generated_truth_table,4,presence_guard_fallback,0,2,6,0,0,1,1,7,1,3,3,36,12,6,0,36
H0533,generated_truth_table,5,two_call_composition,0,2,6,0,0,1,0,6,2,3,3,48,18,6,0,48
H0534,generated_truth_table,6,input_branch,0,2,6,0,0,1,0,10,2,3,3,42,12,6,0,42
H0535,generated_truth_table,1,explicit_input,0,2,6,0,0;2,1,1,4,1,3,3,30,12,6,0,30
H0536,generated_truth_table,2,explicit_zero,0,2,6,0,0;1;2,,,4,1,3,3,30,12,6,0,30
H0537,generated_truth_table,3,explicit_one,0,2,6,0,0;2,1,0,4,1,3,3,30,12,6,0,30
H0538,generated_truth_table,4,presence_guard_fallback,0,2,6,0,0;2,1,1,7,1,3,3,36,12,6,0,36
H0539,generated_truth_table,5,two_call_composition,0,2,6,0,0;2,1,0,6,2,3,3,48,18,6,0,48
H0540,generated_truth_table,6,input_branch,0,2,6,0,0;2,1,0,10,2,3,3,42,12,6,0,42
H0541,generated_truth_table,1,explicit_input,0,2,6,0,0,1,0,4,1,2,3,22,12,6,0,22
H0542,generated_truth_table,2,explicit_zero,0,2,6,0,0,1,0,4,1,2,3,22,12,6,0,22
H0543,generated_truth_table,3,explicit_one,0,2,6,0,0;1,2,0,4,1,2,3,22,12,6,0,22
H0544,generated_truth_table,4,presence_guard_fallback,0,2,6,0,0,1,0,7,1,2,3,30,10,6,0,30
H0545,generated_truth_table,5,two_call_composition,0,2,6,0,0,1,0,6,2,2,3,34,16,6,0,34
H0546,generated_truth_table,6,input_branch,0,2,6,0,0,1,1,10,2,2,3,34,12,6,0,34
H0547,generated_truth_table,1,explicit_input,0,2,6,0,0,1,0,4,1,3,3,30,12,6,0,30
H0548,generated_truth_table,2,explicit_zero,0,2,6,0,0,1,0,4,1,3,3,30,12,6,0,30
H0549,generated_truth_table,3,explicit_one,0,2,6,0,0;1,2,0,4,1,3,3,30,12,6,0,30
H0550,generated_truth_table,4,presence_guard_fallback,0,2,6,0,0,1,0,7,1,3,3,36,12,6,0,36
H0551,generated_truth_table,5,two_call_composition,0,2,6,0,0,1,0,6,2,3,3,48,18,6,0,48
H0552,generated_truth_table,6,input_branch,0,2,6,0,0,1,1,10,2,3,3,42,12,6,0,42
H0553,generated_truth_table,1,explicit_input,0,2,6,0,0,1,0,4,1,3,3,30,12,6,0,30
H0554,generated_truth_table,2,explicit_zero,0,2,6,0,0;2,1,0,4,1,3,3,30,12,6,0,30
H0555,generated_truth_table,3,explicit_one,0,2,6,0,0;1,2,0,4,1,3,3,30,12,6,0,30
H0556,generated_truth_table,4,presence_guard_fallback,0,2,6,0,0,1,0,7,1,3,3,36,12,6,0,36
H0557,generated_truth_table,5,two_call_composition,0,2,6,0,0,1,0,6,2,3,3,48,18,6,0,48
H0558,generated_truth_table,6,input_branch,0,2,6,0,0,1,1,10,2,3,3,42,12,6,0,42
H0559,generated_truth_table,1,explicit_input,0,2,6,0,0,1,0,4,1,3,3,30,12,6,0,30
H0560,generated_truth_table,2,explicit_zero,0,2,6,0,0,1,0,4,1,3,3,30,12,6,0,30
H0561,generated_truth_table,3,explicit_one,0,2,6,0,0;1;2,,,4,1,3,3,30,12,6,0,30
H0562,generated_truth_table,4,presence_guard_fallback,0,2,6,0,0,1,0,7,1,3,3,36,12,6,0,36
H0563,generated_truth_table,5,two_call_composition,0,2,6,0,0,1,0,6,2,3,3,48,18,6,0,48
H0564,generated_truth_table,6,input_branch,0,2,6,0,0,1,1,10,2,3,3,42,12,6,0,42
H0565,generated_truth_table,1,explicit_input,0,2,6,0,0;2,1,0,4,1,3,3,30,12,6,0,30
H0566,generated_truth_table,2,explicit_zero,0,2,6,0,0;2,1,0,4,1,3,3,30,12,6,0,30
H0567,generated_truth_table,3,explicit_one,0,2,6,0,0;1;2,,,4,1,3,3,30,12,6,0,30
H0568,generated_truth_table,4,presence_guard_fallback,0,2,6,0,0;2,1,0,7,1,3,3,36,12,6,0,36
H0569,generated_truth_table,5,two_call_composition,0,2,6,0,0;2,1,0,6,2,3,3,48,18,6,0,48
H0570,generated_truth_table,6,input_branch,0,2,6,0,0;2,1,1,10,2,3,3,42,12,6,0,42
H0571,generated_truth_table,1,explicit_input,0,2,6,0,0;1,2,0,4,1,2,3,22,12,6,0,22
H0572,generated_truth_table,2,explicit_zero,0,2,6,0,0;1,2,0,4,1,2,3,22,12,6,0,22
H0573,generated_truth_table,3,explicit_one,0,2,6,0,0;1,2,0,4,1,2,3,22,12,6,0,22
H0574,generated_truth_table,4,presence_guard_fallback,0,2,6,0,0;1,2,0,7,1,2,3,30,10,6,0,30
H0575,generated_truth_table,5,two_call_composition,0,2,6,0,0;1,2,0,6,2,2,3,34,16,6,0,34
H0576,generated_truth_table,6,input_branch,0,2,6,0,0;1,2,0,10,2,2,3,34,12,6,0,34
H0577,generated_truth_table,1,explicit_input,0,2,6,0,0;1,2,0,4,1,3,3,30,12,6,0,30
H0578,generated_truth_table,2,explicit_zero,0,2,6,0,0;1,2,0,4,1,3,3,30,12,6,0,30
H0579,generated_truth_table,3,explicit_one,0,2,6,0,0;1,2,0,4,1,3,3,30,12,6,0,30
H0580,generated_truth_table,4,presence_guard_fallback,0,2,6,0,0;1,2,0,7,1,3,3,36,12,6,0,36
H0581,generated_truth_table,5,two_call_composition,0,2,6,0,0;1,2,0,6,2,3,3,48,18,6,0,48
H0582,generated_truth_table,6,input_branch,0,2,6,0,0;1,2,0,10,2,3,3,42,12,6,0,42
H0583,generated_truth_table,1,explicit_input,0,2,6,0,0;1,2,1,4,1,3,3,30,12,6,0,30
H0584,generated_truth_table,2,explicit_zero,0,2,6,0,0;1;2,,,4,1,3,3,30,12,6,0,30
H0585,generated_truth_table,3,explicit_one,0,2,6,0,0;1,2,0,4,1,3,3,30,12,6,0,30
H0586,generated_truth_table,4,presence_guard_fallback,0,2,6,0,0;1,2,1,7,1,3,3,36,12,6,0,36
H0587,generated_truth_table,5,two_call_composition,0,2,6,0,0;1,2,0,6,2,3,3,48,18,6,0,48
H0588,generated_truth_table,6,input_branch,0,2,6,0,0;1,2,0,10,2,3,3,42,12,6,0,42
H0589,generated_truth_table,1,explicit_input,0,2,6,0,0;1,2,0,4,1,3,3,30,12,6,0,30
H0590,generated_truth_table,2,explicit_zero,0,2,6,0,0;1,2,0,4,1,3,3,30,12,6,0,30
H0591,generated_truth_table,3,explicit_one,0,2,6,0,0;1;2,,,4,1,3,3,30,12,6,0,30
H0592,generated_truth_table,4,presence_guard_fallback,0,2,6,0,0;1,2,0,7,1,3,3,36,12,6,0,36
H0593,generated_truth_table,5,two_call_composition,0,2,6,0,0;1,2,0,6,2,3,3,48,18,6,0,48
H0594,generated_truth_table,6,input_branch,0,2,6,0,0;1,2,1,10,2,3,3,42,12,6,0,42
H0595,generated_truth_table,1,explicit_input,0,2,6,0,0;1;2,,,4,1,3,3,30,12,6,0,30
H0596,generated_truth_table,2,explicit_zero,0,2,6,0,0;1;2,,,4,1,3,3,30,12,6,0,30
H0597,generated_truth_table,3,explicit_one,0,2,6,0,0;1;2,,,4,1,3,3,30,12,6,0,30
H0598,generated_truth_table,4,presence_guard_fallback,0,2,6,0,0;1;2,,,7,1,3,3,36,12,6,0,36
H0599,generated_truth_table,5,two_call_composition,0,2,6,0,0;1;2,,,6,2,3,3,48,18,6,0,48
H0600,generated_truth_table,6,input_branch,0,2,6,0,0;1;2,,,10,2,3,3,42,12,6,0,42
E0001,generated_effect_default,1,explicit_input,0,2,6,0,0,1,0,4,1,1,3,14,12,6,1,14
E0002,generated_effect_default,2,omitted_default,0,2,6,0,0,1,0,3,1,1,3,12,12,6,2,12
E0003,generated_effect_default,3,presence_guard_omitted_else_input,0,2,6,0,0,1,0,6,1,1,3,22,8,6,2,22
E0004,generated_effect_default,4,input_branch_omitted_or_explicit,0,2,6,0,0,1,0,9,2,1,3,25,12,6,2,25
E0005,generated_effect_default,5,two_call_default_then_explicit,0,2,6,0,0,1,0,5,2,1,3,18,14,6,3,18
E0006,generated_effect_default,6,version_guard_omitted_or_explicit,0,2,6,1,0,1,0,8,2,1,3,20,12,6,1,20
E0007,generated_effect_default,1,explicit_input,0,2,6,0,0;2,1,0,4,1,2,3,22,12,6,1,22
E0008,generated_effect_default,2,omitted_default,0,2,6,0,0;2,1,0,3,1,2,3,18,12,6,2,18
E0009,generated_effect_default,3,presence_guard_omitted_else_input,0,2,6,0,0;2,1,0,6,1,2,3,26,10,6,2,26
E0010,generated_effect_default,4,input_branch_omitted_or_explicit,0,2,6,0,0;2,1,0,9,2,2,3,32,12,6,2,32
E0011,generated_effect_default,5,two_call_default_then_explicit,0,2,6,0,0;2,1,0,5,2,2,3,30,16,6,3,30
E0012,generated_effect_default,6,version_guard_omitted_or_explicit,0,2,6,1,0,1,0,8,2,2,3,26,12,6,2,26
E0013,generated_effect_default,1,explicit_input,0,2,6,0,0,1,0,4,1,2,3,22,12,6,2,22
E0014,generated_effect_default,2,omitted_default,0,2,6,0,0,1,0,3,1,2,3,18,12,6,3,18
E0015,generated_effect_default,3,presence_guard_omitted_else_input,0,2,6,0,0,1,0,6,1,2,3,26,10,6,3,26
E0016,generated_effect_default,4,input_branch_omitted_or_explicit,0,2,6,0,0,1,0,9,2,2,3,32,12,6,3,32
E0017,generated_effect_default,5,two_call_default_then_explicit,0,2,6,0,0,1,0,5,2,2,3,30,16,6,4,30
E0018,generated_effect_default,6,version_guard_omitted_or_explicit,0,2,6,1,0,1,0,8,2,2,3,26,12,6,3,26
E0019,generated_effect_default,1,explicit_input,0,2,6,0,0,1,0,4,1,2,3,22,12,6,1,22
E0020,generated_effect_default,2,omitted_default,0,2,6,0,0,1,0,3,1,2,3,18,12,6,2,18
E0021,generated_effect_default,3,presence_guard_omitted_else_input,0,2,6,0,0,1,0,6,1,2,3,26,10,6,2,26
E0022,generated_effect_default,4,input_branch_omitted_or_explicit,0,2,6,0,0,1,0,9,2,2,3,32,12,6,2,32
E0023,generated_effect_default,5,two_call_default_then_explicit,0,2,6,0,0,1,0,5,2,2,3,30,16,6,3,30
E0024,generated_effect_default,6,version_guard_omitted_or_explicit,0,2,6,1,0,1,0,8,2,2,3,26,12,6,2,26
E0025,generated_effect_default,1,explicit_input,0,2,6,0,0,1,0,4,1,2,3,22,12,6,2,22
E0026,generated_effect_default,2,omitted_default,0,2,6,0,0,1,0,3,1,2,3,18,12,6,2,18
E0027,generated_effect_default,3,presence_guard_omitted_else_input,0,2,6,0,0,1,0,6,1,2,3,26,10,6,2,26
E0028,generated_effect_default,4,input_branch_omitted_or_explicit,0,2,6,0,0,1,0,9,2,2,3,32,12,6,2,32
E0029,generated_effect_default,5,two_call_default_then_explicit,0,2,6,0,0,1,0,5,2,2,3,30,16,6,3,30
E0030,generated_effect_default,6,version_guard_omitted_or_explicit,0,2,6,1,0,1,0,8,2,2,3,26,12,6,1,26
E0031,generated_effect_default,1,explicit_input,0,2,6,0,0;1,2,0,4,1,2,3,22,12,6,1,22
E0032,generated_effect_default,2,omitted_default,0,2,6,0,0;1,2,0,3,1,2,3,18,12,6,2,18
E0033,generated_effect_default,3,presence_guard_omitted_else_input,0,2,6,0,0;1,2,0,6,1,2,3,26,10,6,2,26
E0034,generated_effect_default,4,input_branch_omitted_or_explicit,0,2,6,0,0;1,2,0,9,2,2,3,32,12,6,2,32
E0035,generated_effect_default,5,two_call_default_then_explicit,0,2,6,0,0;1,2,0,5,2,2,3,30,16,6,3,30
E0036,generated_effect_default,6,version_guard_omitted_or_explicit,0,2,6,1,0;1,2,0,8,2,2,3,28,12,6,1,28
E0037,generated_effect_default,1,explicit_input,0,2,6,0,0;1;2,,,4,1,3,3,30,12,6,1,30
E0038,generated_effect_default,2,omitted_default,0,2,6,0,0;1;2,,,3,1,3,3,24,12,6,2,24
E0039,generated_effect_default,3,presence_guard_omitted_else_input,0,2,6,0,0;1;2,,,6,1,3,3,30,12,6,2,30
E0040,generated_effect_default,4,input_branch_omitted_or_explicit,0,2,6,0,0;1;2,,,9,2,3,3,39,12,6,2,39
E0041,generated_effect_default,5,two_call_default_then_explicit,0,2,6,0,0;1;2,,,5,2,3,3,42,18,6,3,42
E0042,generated_effect_default,6,version_guard_omitted_or_explicit,0,2,6,1,0;1,2,0,8,2,3,3,34,12,6,2,34
E0043,generated_effect_default,1,explicit_input,0,2,6,0,0;1,2,0,4,1,3,3,30,12,6,2,30
E0044,generated_effect_default,2,omitted_default,0,2,6,0,0;1,2,0,3,1,3,3,24,12,6,3,24
E0045,generated_effect_default,3,presence_guard_omitted_else_input,0,2,6,0,0;1,2,0,6,1,3,3,30,12,6,3,30
E0046,generated_effect_default,4,input_branch_omitted_or_explicit,0,2,6,0,0;1,2,0,9,2,3,3,39,12,6,3,39
E0047,generated_effect_default,5,two_call_default_then_explicit,0,2,6,0,0;1,2,0,5,2,3,3,42,18,6,4,42
E0048,generated_effect_default,6,version_guard_omitted_or_explicit,0,2,6,1,0;1,2,0,8,2,3,3,34,12,6,3,34
E0049,generated_effect_default,1,explicit_input,0,2,6,0,0;1,2,0,4,1,3,3,30,12,6,1,30
E0050,generated_effect_default,2,omitted_default,0,2,6,0,0;1,2,0,3,1,3,3,24,12,6,2,24
E0051,generated_effect_default,3,presence_guard_omitted_else_input,0,2,6,0,0;1,2,0,6,1,3,3,30,12,6,2,30
E0052,generated_effect_default,4,input_branch_omitted_or_explicit,0,2,6,0,0;1,2,0,9,2,3,3,39,12,6,2,39
E0053,generated_effect_default,5,two_call_default_then_explicit,0,2,6,0,0;1,2,0,5,2,3,3,42,18,6,3,42
E0054,generated_effect_default,6,version_guard_omitted_or_explicit,0,2,6,1,0;1,2,0,8,2,3,3,34,12,6,2,34
E0055,generated_effect_default,1,explicit_input,0,2,6,0,0;1,2,0,4,1,3,3,30,12,6,2,30
E0056,generated_effect_default,2,omitted_default,0,2,6,0,0;1,2,0,3,1,3,3,24,12,6,2,24
E0057,generated_effect_default,3,presence_guard_omitted_else_input,0,2,6,0,0;1,2,0,6,1,3,3,30,12,6,2,30
E0058,generated_effect_default,4,input_branch_omitted_or_explicit,0,2,6,0,0;1,2,0,9,2,3,3,39,12,6,2,39
E0059,generated_effect_default,5,two_call_default_then_explicit,0,2,6,0,0;1,2,0,5,2,3,3,42,18,6,3,42
E0060,generated_effect_default,6,version_guard_omitted_or_explicit,0,2,6,1,0;1,2,0,8,2,3,3,34,12,6,1,34
E0061,generated_effect_default,1,explicit_input,0,2,6,0,0,1,0,4,1,2,3,22,12,6,2,22
E0062,generated_effect_default,2,omitted_default,0,2,6,0,0,1,0,3,1,2,3,18,12,6,3,18
E0063,generated_effect_default,3,presence_guard_omitted_else_input,0,2,6,0,0,1,0,6,1,2,3,26,10,6,3,26
E0064,generated_effect_default,4,input_branch_omitted_or_explicit,0,2,6,0,0,1,0,9,2,2,3,32,12,6,3,32
E0065,generated_effect_default,5,two_call_default_then_explicit,0,2,6,0,0,1,0,5,2,2,3,30,16,6,4,30
E0066,generated_effect_default,6,version_guard_omitted_or_explicit,0,2,6,1,0,1,0,8,2,2,3,28,12,6,2,28
E0067,generated_effect_default,1,explicit_input,0,2,6,0,0;2,1,0,4,1,3,3,30,12,6,2,30
E0068,generated_effect_default,2,omitted_default,0,2,6,0,0;2,1,0,3,1,3,3,24,12,6,3,24
E0069,generated_effect_default,3,presence_guard_omitted_else_input,0,2,6,0,0;2,1,0,6,1,3,3,30,12,6,3,30
E0070,generated_effect_default,4,input_branch_omitted_or_explicit,0,2,6,0,0;2,1,0,9,2,3,3,39,12,6,3,39
E0071,generated_effect_default,5,two_call_default_then_explicit,0,2,6,0,0;2,1,0,5,2,3,3,42,18,6,4,42
E0072,generated_effect_default,6,version_guard_omitted_or_explicit,0,2,6,1,0,1,0,8,2,3,3,34,12,6,2,34
E0073,generated_effect_default,1,explicit_input,0,2,6,0,0,1,0,4,1,3,3,30,12,6,2,30
E0074,generated_effect_default,2,omitted_default,0,2,6,0,0,1,0,3,1,3,3,24,12,6,3,24
E0075,generated_effect_default,3,presence_guard_omitted_else_input,0,2,6,0,0,1,0,6,1,3,3,30,12,6,3,30
E0076,generated_effect_default,4,input_branch_omitted_or_explicit,0,2,6,0,0,1,0,9,2,3,3,39,12,6,3,39
E0077,generated_effect_default,5,two_call_default_then_explicit,0,2,6,0,0,1,0,5,2,3,3,42,18,6,4,42
E0078,generated_effect_default,6,version_guard_omitted_or_explicit,0,2,6,1,0,1,0,8,2,3,3,34,12,6,3,34
E0079,generated_effect_default,1,explicit_input,0,2,6,0,0,1,0,4,1,3,3,30,12,6,2,30
E0080,generated_effect_default,2,omitted_default,0,2,6,0,0,1,0,3,1,3,3,24,12,6,3,24
E0081,generated_effect_default,3,presence_guard_omitted_else_input,0,2,6,0,0,1,0,6,1,3,3,30,12,6,3,30
E0082,generated_effect_default,4,input_branch_omitted_or_explicit,0,2,6,0,0,1,0,9,2,3,3,39,12,6,3,39
E0083,generated_effect_default,5,two_call_default_then_explicit,0,2,6,0,0,1,0,5,2,3,3,42,18,6,4,42
E0084,generated_effect_default,6,version_guard_omitted_or_explicit,0,2,6,1,0,1,0,8,2,3,3,34,12,6,2,34
E0085,generated_effect_default,1,explicit_input,0,2,6,0,0,1,0,4,1,3,3,30,12,6,2,30
E0086,generated_effect_default,2,omitted_default,0,2,6,0,0,1,0,3,1,3,3,24,12,6,3,24
E0087,generated_effect_default,3,presence_guard_omitted_else_input,0,2,6,0,0,1,0,6,1,3,3,30,12,6,3,30
E0088,generated_effect_default,4,input_branch_omitted_or_explicit,0,2,6,0,0,1,0,9,2,3,3,39,12,6,3,39
E0089,generated_effect_default,5,two_call_default_then_explicit,0,2,6,0,0,1,0,5,2,3,3,42,18,6,4,42
E0090,generated_effect_default,6,version_guard_omitted_or_explicit,0,2,6,1,0,1,0,8,2,3,3,34,12,6,2,34
E0091,generated_effect_default,1,explicit_input,0,2,6,0,0,1,0,4,1,2,3,22,12,6,1,22
E0092,generated_effect_default,2,omitted_default,0,2,6,0,0,1,0,3,1,2,3,18,12,6,2,18
E0093,generated_effect_default,3,presence_guard_omitted_else_input,0,2,6,0,0,1,0,6,1,2,3,26,10,6,2,26
E0094,generated_effect_default,4,input_branch_omitted_or_explicit,0,2,6,0,0,1,0,9,2,2,3,32,12,6,2,32
E0095,generated_effect_default,5,two_call_default_then_explicit,0,2,6,0,0,1,0,5,2,2,3,30,16,6,3,30
E0096,generated_effect_default,6,version_guard_omitted_or_explicit,0,2,6,1,0,1,0,8,2,2,3,28,12,6,1,28
E0097,generated_effect_default,1,explicit_input,0,2,6,0,0;2,1,0,4,1,3,3,30,12,6,1,30
E0098,generated_effect_default,2,omitted_default,0,2,6,0,0;2,1,0,3,1,3,3,24,12,6,2,24
E0099,generated_effect_default,3,presence_guard_omitted_else_input,0,2,6,0,0;2,1,0,6,1,3,3,30,12,6,2,30
E0100,generated_effect_default,4,input_branch_omitted_or_explicit,0,2,6,0,0;2,1,0,9,2,3,3,39,12,6,2,39
E0101,generated_effect_default,5,two_call_default_then_explicit,0,2,6,0,0;2,1,0,5,2,3,3,42,18,6,3,42
E0102,generated_effect_default,6,version_guard_omitted_or_explicit,0,2,6,1,0,1,0,8,2,3,3,34,12,6,2,34
E0103,generated_effect_default,1,explicit_input,0,2,6,0,0,1,0,4,1,3,3,30,12,6,2,30
E0104,generated_effect_default,2,omitted_default,0,2,6,0,0,1,0,3,1,3,3,24,12,6,3,24
E0105,generated_effect_default,3,presence_guard_omitted_else_input,0,2,6,0,0,1,0,6,1,3,3,30,12,6,3,30
E0106,generated_effect_default,4,input_branch_omitted_or_explicit,0,2,6,0,0,1,0,9,2,3,3,39,12,6,3,39
E0107,generated_effect_default,5,two_call_default_then_explicit,0,2,6,0,0,1,0,5,2,3,3,42,18,6,4,42
E0108,generated_effect_default,6,version_guard_omitted_or_explicit,0,2,6,1,0,1,0,8,2,3,3,34,12,6,3,34
E0109,generated_effect_default,1,explicit_input,0,2,6,0,0,1,0,4,1,3,3,30,12,6,1,30
E0110,generated_effect_default,2,omitted_default,0,2,6,0,0,1,0,3,1,3,3,24,12,6,2,24
E0111,generated_effect_default,3,presence_guard_omitted_else_input,0,2,6,0,0,1,0,6,1,3,3,30,12,6,2,30
E0112,generated_effect_default,4,input_branch_omitted_or_explicit,0,2,6,0,0,1,0,9,2,3,3,39,12,6,2,39
E0113,generated_effect_default,5,two_call_default_then_explicit,0,2,6,0,0,1,0,5,2,3,3,42,18,6,3,42
E0114,generated_effect_default,6,version_guard_omitted_or_explicit,0,2,6,1,0,1,0,8,2,3,3,34,12,6,2,34
E0115,generated_effect_default,1,explicit_input,0,2,6,0,0,1,0,4,1,3,3,30,12,6,2,30
E0116,generated_effect_default,2,omitted_default,0,2,6,0,0,1,0,3,1,3,3,24,12,6,2,24
E0117,generated_effect_default,3,presence_guard_omitted_else_input,0,2,6,0,0,1,0,6,1,3,3,30,12,6,2,30
E0118,generated_effect_default,4,input_branch_omitted_or_explicit,0,2,6,0,0,1,0,9,2,3,3,39,12,6,2,39
E0119,generated_effect_default,5,two_call_default_then_explicit,0,2,6,0,0,1,0,5,2,3,3,42,18,6,3,42
E0120,generated_effect_default,6,version_guard_omitted_or_explicit,0,2,6,1,0,1,0,8,2,3,3,34,12,6,1,34
E0121,generated_effect_default,1,explicit_input,0,2,6,0,0,1,0,4,1,2,3,22,12,6,2,22
E0122,generated_effect_default,2,omitted_default,0,2,6,0,0,1,0,3,1,2,3,18,12,6,2,18
E0123,generated_effect_default,3,presence_guard_omitted_else_input,0,2,6,0,0,1,0,6,1,2,3,26,10,6,2,26
E0124,generated_effect_default,4,input_branch_omitted_or_explicit,0,2,6,0,0,1,0,9,2,2,3,32,12,6,2,32
E0125,generated_effect_default,5,two_call_default_then_explicit,0,2,6,0,0,1,0,5,2,2,3,30,16,6,3,30
E0126,generated_effect_default,6,version_guard_omitted_or_explicit,0,2,6,1,0,1,0,8,2,2,3,28,12,6,2,28
E0127,generated_effect_default,1,explicit_input,0,2,6,0,0;2,1,0,4,1,3,3,30,12,6,2,30
E0128,generated_effect_default,2,omitted_default,0,2,6,0,0;2,1,0,3,1,3,3,24,12,6,2,24
E0129,generated_effect_default,3,presence_guard_omitted_else_input,0,2,6,0,0;2,1,0,6,1,3,3,30,12,6,2,30
E0130,generated_effect_default,4,input_branch_omitted_or_explicit,0,2,6,0,0;2,1,0,9,2,3,3,39,12,6,2,39
E0131,generated_effect_default,5,two_call_default_then_explicit,0,2,6,0,0;2,1,0,5,2,3,3,42,18,6,3,42
E0132,generated_effect_default,6,version_guard_omitted_or_explicit,0,2,6,1,0,1,0,8,2,3,3,34,12,6,2,34
E0133,generated_effect_default,1,explicit_input,0,2,6,0,0,1,0,4,1,3,3,30,12,6,2,30
E0134,generated_effect_default,2,omitted_default,0,2,6,0,0,1,0,3,1,3,3,24,12,6,3,24
E0135,generated_effect_default,3,presence_guard_omitted_else_input,0,2,6,0,0,1,0,6,1,3,3,30,12,6,3,30
E0136,generated_effect_default,4,input_branch_omitted_or_explicit,0,2,6,0,0,1,0,9,2,3,3,39,12,6,3,39
E0137,generated_effect_default,5,two_call_default_then_explicit,0,2,6,0,0,1,0,5,2,3,3,42,18,6,4,42
E0138,generated_effect_default,6,version_guard_omitted_or_explicit,0,2,6,1,0,1,0,8,2,3,3,34,12,6,3,34
E0139,generated_effect_default,1,explicit_input,0,2,6,0,0,1,0,4,1,3,3,30,12,6,2,30
E0140,generated_effect_default,2,omitted_default,0,2,6,0,0,1,0,3,1,3,3,24,12,6,2,24
E0141,generated_effect_default,3,presence_guard_omitted_else_input,0,2,6,0,0,1,0,6,1,3,3,30,12,6,2,30
E0142,generated_effect_default,4,input_branch_omitted_or_explicit,0,2,6,0,0,1,0,9,2,3,3,39,12,6,2,39
E0143,generated_effect_default,5,two_call_default_then_explicit,0,2,6,0,0,1,0,5,2,3,3,42,18,6,3,42
E0144,generated_effect_default,6,version_guard_omitted_or_explicit,0,2,6,1,0,1,0,8,2,3,3,34,12,6,2,34
E0145,generated_effect_default,1,explicit_input,0,2,6,0,0,1,0,4,1,3,3,30,12,6,2,30
E0146,generated_effect_default,2,omitted_default,0,2,6,0,0,1,0,3,1,3,3,24,12,6,2,24
E0147,generated_effect_default,3,presence_guard_omitted_else_input,0,2,6,0,0,1,0,6,1,3,3,30,12,6,2,30
E0148,generated_effect_default,4,input_branch_omitted_or_explicit,0,2,6,0,0,1,0,9,2,3,3,39,12,6,2,39
E0149,generated_effect_default,5,two_call_default_then_explicit,0,2,6,0,0,1,0,5,2,3,3,42,18,6,3,42
E0150,generated_effect_default,6,version_guard_omitted_or_explicit,0,2,6,1,0,1,0,8,2,3,3,34,12,6,2,34
E0151,generated_effect_default,1,explicit_input,0,2,6,0,0,1,0,4,1,1,3,14,12,6,2,14
E0152,generated_effect_default,2,omitted_default,0,2,6,0,0,1,0,3,1,1,3,12,12,6,3,12
E0153,generated_effect_default,3,presence_guard_omitted_else_input,0,2,6,0,0,1,0,6,1,1,3,22,8,6,3,22
E0154,generated_effect_default,4,input_branch_omitted_or_explicit,0,2,6,0,0,1,0,9,2,1,3,25,12,6,3,25
E0155,generated_effect_default,5,two_call_default_then_explicit,0,2,6,0,0,1,0,5,2,1,3,18,14,6,4,18
E0156,generated_effect_default,6,version_guard_omitted_or_explicit,0,2,6,1,0,1,0,8,2,1,3,20,12,6,2,20
E0157,generated_effect_default,1,explicit_input,0,2,6,0,0,1,0,4,1,2,3,22,12,6,2,22
E0158,generated_effect_default,2,omitted_default,0,2,6,0,0,1,0,3,1,2,3,18,12,6,3,18
E0159,generated_effect_default,3,presence_guard_omitted_else_input,0,2,6,0,0,1,0,6,1,2,3,26,10,6,3,26
E0160,generated_effect_default,4,input_branch_omitted_or_explicit,0,2,6,0,0,1,0,9,2,2,3,32,12,6,3,32
E0161,generated_effect_default,5,two_call_default_then_explicit,0,2,6,0,0,1,0,5,2,2,3,30,16,6,4,30
E0162,generated_effect_default,6,version_guard_omitted_or_explicit,0,2,6,1,0,1,0,8,2,2,3,26,12,6,2,26
E0163,generated_effect_default,1,explicit_input,0,2,6,0,0;2,1,0,4,1,2,3,22,12,6,2,22
E0164,generated_effect_default,2,omitted_default,0,2,6,0,0;2,1,0,3,1,2,3,18,12,6,3,18
E0165,generated_effect_default,3,presence_guard_omitted_else_input,0,2,6,0,0;2,1,0,6,1,2,3,26,10,6,3,26
E0166,generated_effect_default,4,input_branch_omitted_or_explicit,0,2,6,0,0;2,1,0,9,2,2,3,32,12,6,3,32
E0167,generated_effect_default,5,two_call_default_then_explicit,0,2,6,0,0;2,1,0,5,2,2,3,30,16,6,4,30
E0168,generated_effect_default,6,version_guard_omitted_or_explicit,0,2,6,1,0,1,0,8,2,2,3,26,12,6,3,26
E0169,generated_effect_default,1,explicit_input,0,2,6,0,0,1,0,4,1,2,3,22,12,6,2,22
E0170,generated_effect_default,2,omitted_default,0,2,6,0,0,1,0,3,1,2,3,18,12,6,3,18
E0171,generated_effect_default,3,presence_guard_omitted_else_input,0,2,6,0,0,1,0,6,1,2,3,26,10,6,3,26
E0172,generated_effect_default,4,input_branch_omitted_or_explicit,0,2,6,0,0,1,0,9,2,2,3,32,12,6,3,32
E0173,generated_effect_default,5,two_call_default_then_explicit,0,2,6,0,0,1,0,5,2,2,3,30,16,6,4,30
E0174,generated_effect_default,6,version_guard_omitted_or_explicit,0,2,6,1,0,1,0,8,2,2,3,26,12,6,2,26
E0175,generated_effect_default,1,explicit_input,0,2,6,0,0,1,0,4,1,2,3,22,12,6,2,22
E0176,generated_effect_default,2,omitted_default,0,2,6,0,0,1,0,3,1,2,3,18,12,6,3,18
E0177,generated_effect_default,3,presence_guard_omitted_else_input,0,2,6,0,0,1,0,6,1,2,3,26,10,6,3,26
E0178,generated_effect_default,4,input_branch_omitted_or_explicit,0,2,6,0,0,1,0,9,2,2,3,32,12,6,3,32
E0179,generated_effect_default,5,two_call_default_then_explicit,0,2,6,0,0,1,0,5,2,2,3,30,16,6,4,30
E0180,generated_effect_default,6,version_guard_omitted_or_explicit,0,2,6,1,0,1,0,8,2,2,3,26,12,6,2,26
E0181,generated_effect_default,1,explicit_input,0,2,6,0,0,1,0,4,1,2,3,22,12,6,2,22
E0182,generated_effect_default,2,omitted_default,0,2,6,0,0,1,0,3,1,2,3,18,12,6,3,18
E0183,generated_effect_default,3,presence_guard_omitted_else_input,0,2,6,0,0,1,0,6,1,2,3,26,10,6,3,26
E0184,generated_effect_default,4,input_branch_omitted_or_explicit,0,2,6,0,0,1,0,9,2,2,3,32,12,6,3,32
E0185,generated_effect_default,5,two_call_default_then_explicit,0,2,6,0,0,1,0,5,2,2,3,30,16,6,4,30
E0186,generated_effect_default,6,version_guard_omitted_or_explicit,0,2,6,1,0,1,0,8,2,2,3,28,12,6,2,28
E0187,generated_effect_default,1,explicit_input,0,2,6,0,0,1,0,4,1,3,3,30,12,6,2,30
E0188,generated_effect_default,2,omitted_default,0,2,6,0,0,1,0,3,1,3,3,24,12,6,3,24
E0189,generated_effect_default,3,presence_guard_omitted_else_input,0,2,6,0,0,1,0,6,1,3,3,30,12,6,3,30
E0190,generated_effect_default,4,input_branch_omitted_or_explicit,0,2,6,0,0,1,0,9,2,3,3,39,12,6,3,39
E0191,generated_effect_default,5,two_call_default_then_explicit,0,2,6,0,0,1,0,5,2,3,3,42,18,6,4,42
E0192,generated_effect_default,6,version_guard_omitted_or_explicit,0,2,6,1,0,1,0,8,2,3,3,34,12,6,2,34
E0193,generated_effect_default,1,explicit_input,0,2,6,0,0;2,1,0,4,1,3,3,30,12,6,2,30
E0194,generated_effect_default,2,omitted_default,0,2,6,0,0;2,1,0,3,1,3,3,24,12,6,3,24
E0195,generated_effect_default,3,presence_guard_omitted_else_input,0,2,6,0,0;2,1,0,6,1,3,3,30,12,6,3,30
E0196,generated_effect_default,4,input_branch_omitted_or_explicit,0,2,6,0,0;2,1,0,9,2,3,3,39,12,6,3,39
E0197,generated_effect_default,5,two_call_default_then_explicit,0,2,6,0,0;2,1,0,5,2,3,3,42,18,6,4,42
E0198,generated_effect_default,6,version_guard_omitted_or_explicit,0,2,6,1,0,1,0,8,2,3,3,34,12,6,3,34
E0199,generated_effect_default,1,explicit_input,0,2,6,0,0,1,0,4,1,3,3,30,12,6,2,30
E0200,generated_effect_default,2,omitted_default,0,2,6,0,0,1,0,3,1,3,3,24,12,6,3,24
E0201,generated_effect_default,3,presence_guard_omitted_else_input,0,2,6,0,0,1,0,6,1,3,3,30,12,6,3,30
E0202,generated_effect_default,4,input_branch_omitted_or_explicit,0,2,6,0,0,1,0,9,2,3,3,39,12,6,3,39
E0203,generated_effect_default,5,two_call_default_then_explicit,0,2,6,0,0,1,0,5,2,3,3,42,18,6,4,42
E0204,generated_effect_default,6,version_guard_omitted_or_explicit,0,2,6,1,0,1,0,8,2,3,3,34,12,6,2,34
E0205,generated_effect_default,1,explicit_input,0,2,6,0,0,1,0,4,1,3,3,30,12,6,2,30
E0206,generated_effect_default,2,omitted_default,0,2,6,0,0,1,0,3,1,3,3,24,12,6,3,24
E0207,generated_effect_default,3,presence_guard_omitted_else_input,0,2,6,0,0,1,0,6,1,3,3,30,12,6,3,30
E0208,generated_effect_default,4,input_branch_omitted_or_explicit,0,2,6,0,0,1,0,9,2,3,3,39,12,6,3,39
E0209,generated_effect_default,5,two_call_default_then_explicit,0,2,6,0,0,1,0,5,2,3,3,42,18,6,4,42
E0210,generated_effect_default,6,version_guard_omitted_or_explicit,0,2,6,1,0,1,0,8,2,3,3,34,12,6,2,34
E0211,generated_effect_default,1,explicit_input,0,2,6,0,0;1,2,0,4,1,2,3,22,12,6,2,22
E0212,generated_effect_default,2,omitted_default,0,2,6,0,0;1,2,0,3,1,2,3,18,12,6,3,18
E0213,generated_effect_default,3,presence_guard_omitted_else_input,0,2,6,0,0;1,2,0,6,1,2,3,26,10,6,3,26
E0214,generated_effect_default,4,input_branch_omitted_or_explicit,0,2,6,0,0;1,2,0,9,2,2,3,32,12,6,3,32
E0215,generated_effect_default,5,two_call_default_then_explicit,0,2,6,0,0;1,2,0,5,2,2,3,30,16,6,4,30
E0216,generated_effect_default,6,version_guard_omitted_or_explicit,0,2,6,1,0;1,2,0,8,2,2,3,28,12,6,2,28
E0217,generated_effect_default,1,explicit_input,0,2,6,0,0;1,2,0,4,1,3,3,30,12,6,2,30
E0218,generated_effect_default,2,omitted_default,0,2,6,0,0;1,2,0,3,1,3,3,24,12,6,3,24
E0219,generated_effect_default,3,presence_guard_omitted_else_input,0,2,6,0,0;1,2,0,6,1,3,3,30,12,6,3,30
E0220,generated_effect_default,4,input_branch_omitted_or_explicit,0,2,6,0,0;1,2,0,9,2,3,3,39,12,6,3,39
E0221,generated_effect_default,5,two_call_default_then_explicit,0,2,6,0,0;1,2,0,5,2,3,3,42,18,6,4,42
E0222,generated_effect_default,6,version_guard_omitted_or_explicit,0,2,6,1,0;1,2,0,8,2,3,3,34,12,6,2,34
E0223,generated_effect_default,1,explicit_input,0,2,6,0,0;1;2,,,4,1,3,3,30,12,6,2,30
E0224,generated_effect_default,2,omitted_default,0,2,6,0,0;1;2,,,3,1,3,3,24,12,6,3,24
E0225,generated_effect_default,3,presence_guard_omitted_else_input,0,2,6,0,0;1;2,,,6,1,3,3,30,12,6,3,30
E0226,generated_effect_default,4,input_branch_omitted_or_explicit,0,2,6,0,0;1;2,,,9,2,3,3,39,12,6,3,39
E0227,generated_effect_default,5,two_call_default_then_explicit,0,2,6,0,0;1;2,,,5,2,3,3,42,18,6,4,42
E0228,generated_effect_default,6,version_guard_omitted_or_explicit,0,2,6,1,0;1,2,0,8,2,3,3,34,12,6,3,34
E0229,generated_effect_default,1,explicit_input,0,2,6,0,0;1,2,0,4,1,3,3,30,12,6,2,30
E0230,generated_effect_default,2,omitted_default,0,2,6,0,0;1,2,0,3,1,3,3,24,12,6,3,24
E0231,generated_effect_default,3,presence_guard_omitted_else_input,0,2,6,0,0;1,2,0,6,1,3,3,30,12,6,3,30
E0232,generated_effect_default,4,input_branch_omitted_or_explicit,0,2,6,0,0;1,2,0,9,2,3,3,39,12,6,3,39
E0233,generated_effect_default,5,two_call_default_then_explicit,0,2,6,0,0;1,2,0,5,2,3,3,42,18,6,4,42
E0234,generated_effect_default,6,version_guard_omitted_or_explicit,0,2,6,1,0;1,2,0,8,2,3,3,34,12,6,2,34
E0235,generated_effect_default,1,explicit_input,0,2,6,0,0;1,2,0,4,1,3,3,30,12,6,2,30
E0236,generated_effect_default,2,omitted_default,0,2,6,0,0;1,2,0,3,1,3,3,24,12,6,3,24
E0237,generated_effect_default,3,presence_guard_omitted_else_input,0,2,6,0,0;1,2,0,6,1,3,3,30,12,6,3,30
E0238,generated_effect_default,4,input_branch_omitted_or_explicit,0,2,6,0,0;1,2,0,9,2,3,3,39,12,6,3,39
E0239,generated_effect_default,5,two_call_default_then_explicit,0,2,6,0,0;1,2,0,5,2,3,3,42,18,6,4,42
E0240,generated_effect_default,6,version_guard_omitted_or_explicit,0,2,6,1,0;1,2,0,8,2,3,3,34,12,6,2,34
E0241,generated_effect_default,1,explicit_input,0,2,6,0,0,1,0,4,1,2,3,22,12,6,2,22
E0242,generated_effect_default,2,omitted_default,0,2,6,0,0,1,0,3,1,2,3,18,12,6,3,18
E0243,generated_effect_default,3,presence_guard_omitted_else_input,0,2,6,0,0,1,0,6,1,2,3,26,10,6,3,26
E0244,generated_effect_default,4,input_branch_omitted_or_explicit,0,2,6,0,0,1,0,9,2,2,3,32,12,6,3,32
E0245,generated_effect_default,5,two_call_default_then_explicit,0,2,6,0,0,1,0,5,2,2,3,30,16,6,4,30
E0246,generated_effect_default,6,version_guard_omitted_or_explicit,0,2,6,1,0,1,0,8,2,2,3,28,12,6,2,28
E0247,generated_effect_default,1,explicit_input,0,2,6,0,0,1,0,4,1,3,3,30,12,6,2,30
E0248,generated_effect_default,2,omitted_default,0,2,6,0,0,1,0,3,1,3,3,24,12,6,3,24
E0249,generated_effect_default,3,presence_guard_omitted_else_input,0,2,6,0,0,1,0,6,1,3,3,30,12,6,3,30
E0250,generated_effect_default,4,input_branch_omitted_or_explicit,0,2,6,0,0,1,0,9,2,3,3,39,12,6,3,39
E0251,generated_effect_default,5,two_call_default_then_explicit,0,2,6,0,0,1,0,5,2,3,3,42,18,6,4,42
E0252,generated_effect_default,6,version_guard_omitted_or_explicit,0,2,6,1,0,1,0,8,2,3,3,34,12,6,2,34
E0253,generated_effect_default,1,explicit_input,0,2,6,0,0;2,1,0,4,1,3,3,30,12,6,2,30
E0254,generated_effect_default,2,omitted_default,0,2,6,0,0;2,1,0,3,1,3,3,24,12,6,3,24
E0255,generated_effect_default,3,presence_guard_omitted_else_input,0,2,6,0,0;2,1,0,6,1,3,3,30,12,6,3,30
E0256,generated_effect_default,4,input_branch_omitted_or_explicit,0,2,6,0,0;2,1,0,9,2,3,3,39,12,6,3,39
E0257,generated_effect_default,5,two_call_default_then_explicit,0,2,6,0,0;2,1,0,5,2,3,3,42,18,6,4,42
E0258,generated_effect_default,6,version_guard_omitted_or_explicit,0,2,6,1,0,1,0,8,2,3,3,34,12,6,3,34
E0259,generated_effect_default,1,explicit_input,0,2,6,0,0,1,0,4,1,3,3,30,12,6,2,30
E0260,generated_effect_default,2,omitted_default,0,2,6,0,0,1,0,3,1,3,3,24,12,6,3,24
E0261,generated_effect_default,3,presence_guard_omitted_else_input,0,2,6,0,0,1,0,6,1,3,3,30,12,6,3,30
E0262,generated_effect_default,4,input_branch_omitted_or_explicit,0,2,6,0,0,1,0,9,2,3,3,39,12,6,3,39
E0263,generated_effect_default,5,two_call_default_then_explicit,0,2,6,0,0,1,0,5,2,3,3,42,18,6,4,42
E0264,generated_effect_default,6,version_guard_omitted_or_explicit,0,2,6,1,0,1,0,8,2,3,3,34,12,6,2,34
E0265,generated_effect_default,1,explicit_input,0,2,6,0,0,1,0,4,1,3,3,30,12,6,2,30
E0266,generated_effect_default,2,omitted_default,0,2,6,0,0,1,0,3,1,3,3,24,12,6,3,24
E0267,generated_effect_default,3,presence_guard_omitted_else_input,0,2,6,0,0,1,0,6,1,3,3,30,12,6,3,30
E0268,generated_effect_default,4,input_branch_omitted_or_explicit,0,2,6,0,0,1,0,9,2,3,3,39,12,6,3,39
E0269,generated_effect_default,5,two_call_default_then_explicit,0,2,6,0,0,1,0,5,2,3,3,42,18,6,4,42
E0270,generated_effect_default,6,version_guard_omitted_or_explicit,0,2,6,1,0,1,0,8,2,3,3,34,12,6,2,34
E0271,generated_effect_default,1,explicit_input,0,2,6,0,0,1,0,4,1,2,3,22,12,6,2,22
E0272,generated_effect_default,2,omitted_default,0,2,6,0,0,1,0,3,1,2,3,18,12,6,3,18
E0273,generated_effect_default,3,presence_guard_omitted_else_input,0,2,6,0,0,1,0,6,1,2,3,26,10,6,3,26
E0274,generated_effect_default,4,input_branch_omitted_or_explicit,0,2,6,0,0,1,0,9,2,2,3,32,12,6,3,32
E0275,generated_effect_default,5,two_call_default_then_explicit,0,2,6,0,0,1,0,5,2,2,3,30,16,6,4,30
E0276,generated_effect_default,6,version_guard_omitted_or_explicit,0,2,6,1,0,1,0,8,2,2,3,28,12,6,2,28
E0277,generated_effect_default,1,explicit_input,0,2,6,0,0,1,0,4,1,3,3,30,12,6,2,30
E0278,generated_effect_default,2,omitted_default,0,2,6,0,0,1,0,3,1,3,3,24,12,6,3,24
E0279,generated_effect_default,3,presence_guard_omitted_else_input,0,2,6,0,0,1,0,6,1,3,3,30,12,6,3,30
E0280,generated_effect_default,4,input_branch_omitted_or_explicit,0,2,6,0,0,1,0,9,2,3,3,39,12,6,3,39
E0281,generated_effect_default,5,two_call_default_then_explicit,0,2,6,0,0,1,0,5,2,3,3,42,18,6,4,42
E0282,generated_effect_default,6,version_guard_omitted_or_explicit,0,2,6,1,0,1,0,8,2,3,3,34,12,6,2,34
E0283,generated_effect_default,1,explicit_input,0,2,6,0,0;2,1,0,4,1,3,3,30,12,6,2,30
E0284,generated_effect_default,2,omitted_default,0,2,6,0,0;2,1,0,3,1,3,3,24,12,6,3,24
E0285,generated_effect_default,3,presence_guard_omitted_else_input,0,2,6,0,0;2,1,0,6,1,3,3,30,12,6,3,30
E0286,generated_effect_default,4,input_branch_omitted_or_explicit,0,2,6,0,0;2,1,0,9,2,3,3,39,12,6,3,39
E0287,generated_effect_default,5,two_call_default_then_explicit,0,2,6,0,0;2,1,0,5,2,3,3,42,18,6,4,42
E0288,generated_effect_default,6,version_guard_omitted_or_explicit,0,2,6,1,0,1,0,8,2,3,3,34,12,6,3,34
E0289,generated_effect_default,1,explicit_input,0,2,6,0,0,1,0,4,1,3,3,30,12,6,2,30
E0290,generated_effect_default,2,omitted_default,0,2,6,0,0,1,0,3,1,3,3,24,12,6,3,24
E0291,generated_effect_default,3,presence_guard_omitted_else_input,0,2,6,0,0,1,0,6,1,3,3,30,12,6,3,30
E0292,generated_effect_default,4,input_branch_omitted_or_explicit,0,2,6,0,0,1,0,9,2,3,3,39,12,6,3,39
E0293,generated_effect_default,5,two_call_default_then_explicit,0,2,6,0,0,1,0,5,2,3,3,42,18,6,4,42
E0294,generated_effect_default,6,version_guard_omitted_or_explicit,0,2,6,1,0,1,0,8,2,3,3,34,12,6,2,34
E0295,generated_effect_default,1,explicit_input,0,2,6,0,0,1,0,4,1,3,3,30,12,6,2,30
E0296,generated_effect_default,2,omitted_default,0,2,6,0,0,1,0,3,1,3,3,24,12,6,3,24
E0297,generated_effect_default,3,presence_guard_omitted_else_input,0,2,6,0,0,1,0,6,1,3,3,30,12,6,3,30
E0298,generated_effect_default,4,input_branch_omitted_or_explicit,0,2,6,0,0,1,0,9,2,3,3,39,12,6,3,39
E0299,generated_effect_default,5,two_call_default_then_explicit,0,2,6,0,0,1,0,5,2,3,3,42,18,6,4,42
E0300,generated_effect_default,6,version_guard_omitted_or_explicit,0,2,6,1,0,1,0,8,2,3,3,34,12,6,2,34
E0301,generated_effect_default,1,explicit_input,0,2,6,0,0,1,0,4,1,1,3,14,12,6,1,14
E0302,generated_effect_default,2,omitted_default,0,2,6,0,0,1,0,3,1,1,3,12,12,6,2,12
E0303,generated_effect_default,3,presence_guard_omitted_else_input,0,2,6,0,0,1,0,6,1,1,3,22,8,6,2,22
E0304,generated_effect_default,4,input_branch_omitted_or_explicit,0,2,6,0,0,1,0,9,2,1,3,25,12,6,2,25
E0305,generated_effect_default,5,two_call_default_then_explicit,0,2,6,0,0,1,0,5,2,1,3,18,14,6,3,18
E0306,generated_effect_default,6,version_guard_omitted_or_explicit,0,2,6,1,0,1,0,8,2,1,3,20,12,6,1,20
E0307,generated_effect_default,1,explicit_input,0,2,6,0,0,1,0,4,1,2,3,22,12,6,1,22
E0308,generated_effect_default,2,omitted_default,0,2,6,0,0,1,0,3,1,2,3,18,12,6,2,18
E0309,generated_effect_default,3,presence_guard_omitted_else_input,0,2,6,0,0,1,0,6,1,2,3,26,10,6,2,26
E0310,generated_effect_default,4,input_branch_omitted_or_explicit,0,2,6,0,0,1,0,9,2,2,3,32,12,6,2,32
E0311,generated_effect_default,5,two_call_default_then_explicit,0,2,6,0,0,1,0,5,2,2,3,30,16,6,3,30
E0312,generated_effect_default,6,version_guard_omitted_or_explicit,0,2,6,1,0,1,0,8,2,2,3,26,12,6,2,26
E0313,generated_effect_default,1,explicit_input,0,2,6,0,0,1,0,4,1,2,3,22,12,6,2,22
E0314,generated_effect_default,2,omitted_default,0,2,6,0,0,1,0,3,1,2,3,18,12,6,3,18
E0315,generated_effect_default,3,presence_guard_omitted_else_input,0,2,6,0,0,1,0,6,1,2,3,26,10,6,3,26
E0316,generated_effect_default,4,input_branch_omitted_or_explicit,0,2,6,0,0,1,0,9,2,2,3,32,12,6,3,32
E0317,generated_effect_default,5,two_call_default_then_explicit,0,2,6,0,0,1,0,5,2,2,3,30,16,6,4,30
E0318,generated_effect_default,6,version_guard_omitted_or_explicit,0,2,6,1,0,1,0,8,2,2,3,26,12,6,3,26
E0319,generated_effect_default,1,explicit_input,0,2,6,0,0;2,1,0,4,1,2,3,22,12,6,1,22
E0320,generated_effect_default,2,omitted_default,0,2,6,0,0;2,1,0,3,1,2,3,18,12,6,2,18
E0321,generated_effect_default,3,presence_guard_omitted_else_input,0,2,6,0,0;2,1,0,6,1,2,3,26,10,6,2,26
E0322,generated_effect_default,4,input_branch_omitted_or_explicit,0,2,6,0,0;2,1,0,9,2,2,3,32,12,6,2,32
E0323,generated_effect_default,5,two_call_default_then_explicit,0,2,6,0,0;2,1,0,5,2,2,3,30,16,6,3,30
E0324,generated_effect_default,6,version_guard_omitted_or_explicit,0,2,6,1,0,1,0,8,2,2,3,26,12,6,2,26
E0325,generated_effect_default,1,explicit_input,0,2,6,0,0,1,0,4,1,2,3,22,12,6,2,22
E0326,generated_effect_default,2,omitted_default,0,2,6,0,0,1,0,3,1,2,3,18,12,6,2,18
E0327,generated_effect_default,3,presence_guard_omitted_else_input,0,2,6,0,0,1,0,6,1,2,3,26,10,6,2,26
E0328,generated_effect_default,4,input_branch_omitted_or_explicit,0,2,6,0,0,1,0,9,2,2,3,32,12,6,2,32
E0329,generated_effect_default,5,two_call_default_then_explicit,0,2,6,0,0,1,0,5,2,2,3,30,16,6,3,30
E0330,generated_effect_default,6,version_guard_omitted_or_explicit,0,2,6,1,0,1,0,8,2,2,3,26,12,6,1,26
E0331,generated_effect_default,1,explicit_input,0,2,6,0,0,1,0,4,1,2,3,22,12,6,1,22
E0332,generated_effect_default,2,omitted_default,0,2,6,0,0,1,0,3,1,2,3,18,12,6,2,18
E0333,generated_effect_default,3,presence_guard_omitted_else_input,0,2,6,0,0,1,0,6,1,2,3,26,10,6,2,26
E0334,generated_effect_default,4,input_branch_omitted_or_explicit,0,2,6,0,0,1,0,9,2,2,3,32,12,6,2,32
E0335,generated_effect_default,5,two_call_default_then_explicit,0,2,6,0,0,1,0,5,2,2,3,30,16,6,3,30
E0336,generated_effect_default,6,version_guard_omitted_or_explicit,0,2,6,1,0,1,0,8,2,2,3,28,12,6,1,28
E0337,generated_effect_default,1,explicit_input,0,2,6,0,0,1,0,4,1,3,3,30,12,6,1,30
E0338,generated_effect_default,2,omitted_default,0,2,6,0,0,1,0,3,1,3,3,24,12,6,2,24
E0339,generated_effect_default,3,presence_guard_omitted_else_input,0,2,6,0,0,1,0,6,1,3,3,30,12,6,2,30
E0340,generated_effect_default,4,input_branch_omitted_or_explicit,0,2,6,0,0,1,0,9,2,3,3,39,12,6,2,39
E0341,generated_effect_default,5,two_call_default_then_explicit,0,2,6,0,0,1,0,5,2,3,3,42,18,6,3,42
E0342,generated_effect_default,6,version_guard_omitted_or_explicit,0,2,6,1,0,1,0,8,2,3,3,34,12,6,2,34
E0343,generated_effect_default,1,explicit_input,0,2,6,0,0,1,0,4,1,3,3,30,12,6,2,30
E0344,generated_effect_default,2,omitted_default,0,2,6,0,0,1,0,3,1,3,3,24,12,6,3,24
E0345,generated_effect_default,3,presence_guard_omitted_else_input,0,2,6,0,0,1,0,6,1,3,3,30,12,6,3,30
E0346,generated_effect_default,4,input_branch_omitted_or_explicit,0,2,6,0,0,1,0,9,2,3,3,39,12,6,3,39
E0347,generated_effect_default,5,two_call_default_then_explicit,0,2,6,0,0,1,0,5,2,3,3,42,18,6,4,42
E0348,generated_effect_default,6,version_guard_omitted_or_explicit,0,2,6,1,0,1,0,8,2,3,3,34,12,6,3,34
E0349,generated_effect_default,1,explicit_input,0,2,6,0,0;2,1,0,4,1,3,3,30,12,6,1,30
E0350,generated_effect_default,2,omitted_default,0,2,6,0,0;2,1,0,3,1,3,3,24,12,6,2,24
E0351,generated_effect_default,3,presence_guard_omitted_else_input,0,2,6,0,0;2,1,0,6,1,3,3,30,12,6,2,30
E0352,generated_effect_default,4,input_branch_omitted_or_explicit,0,2,6,0,0;2,1,0,9,2,3,3,39,12,6,2,39
E0353,generated_effect_default,5,two_call_default_then_explicit,0,2,6,0,0;2,1,0,5,2,3,3,42,18,6,3,42
E0354,generated_effect_default,6,version_guard_omitted_or_explicit,0,2,6,1,0,1,0,8,2,3,3,34,12,6,2,34
E0355,generated_effect_default,1,explicit_input,0,2,6,0,0,1,0,4,1,3,3,30,12,6,2,30
E0356,generated_effect_default,2,omitted_default,0,2,6,0,0,1,0,3,1,3,3,24,12,6,2,24
E0357,generated_effect_default,3,presence_guard_omitted_else_input,0,2,6,0,0,1,0,6,1,3,3,30,12,6,2,30
E0358,generated_effect_default,4,input_branch_omitted_or_explicit,0,2,6,0,0,1,0,9,2,3,3,39,12,6,2,39
E0359,generated_effect_default,5,two_call_default_then_explicit,0,2,6,0,0,1,0,5,2,3,3,42,18,6,3,42
E0360,generated_effect_default,6,version_guard_omitted_or_explicit,0,2,6,1,0,1,0,8,2,3,3,34,12,6,1,34
E0361,generated_effect_default,1,explicit_input,0,2,6,0,0,1,0,4,1,2,3,22,12,6,2,22
E0362,generated_effect_default,2,omitted_default,0,2,6,0,0,1,0,3,1,2,3,18,12,6,3,18
E0363,generated_effect_default,3,presence_guard_omitted_else_input,0,2,6,0,0,1,0,6,1,2,3,26,10,6,3,26
E0364,generated_effect_default,4,input_branch_omitted_or_explicit,0,2,6,0,0,1,0,9,2,2,3,32,12,6,3,32
E0365,generated_effect_default,5,two_call_default_then_explicit,0,2,6,0,0,1,0,5,2,2,3,30,16,6,4,30
E0366,generated_effect_default,6,version_guard_omitted_or_explicit,0,2,6,1,0,1,0,8,2,2,3,28,12,6,2,28
E0367,generated_effect_default,1,explicit_input,0,2,6,0,0,1,0,4,1,3,3,30,12,6,2,30
E0368,generated_effect_default,2,omitted_default,0,2,6,0,0,1,0,3,1,3,3,24,12,6,3,24
E0369,generated_effect_default,3,presence_guard_omitted_else_input,0,2,6,0,0,1,0,6,1,3,3,30,12,6,3,30
E0370,generated_effect_default,4,input_branch_omitted_or_explicit,0,2,6,0,0,1,0,9,2,3,3,39,12,6,3,39
E0371,generated_effect_default,5,two_call_default_then_explicit,0,2,6,0,0,1,0,5,2,3,3,42,18,6,4,42
E0372,generated_effect_default,6,version_guard_omitted_or_explicit,0,2,6,1,0,1,0,8,2,3,3,34,12,6,2,34
E0373,generated_effect_default,1,explicit_input,0,2,6,0,0,1,0,4,1,3,3,30,12,6,2,30
E0374,generated_effect_default,2,omitted_default,0,2,6,0,0,1,0,3,1,3,3,24,12,6,3,24
E0375,generated_effect_default,3,presence_guard_omitted_else_input,0,2,6,0,0,1,0,6,1,3,3,30,12,6,3,30
E0376,generated_effect_default,4,input_branch_omitted_or_explicit,0,2,6,0,0,1,0,9,2,3,3,39,12,6,3,39
E0377,generated_effect_default,5,two_call_default_then_explicit,0,2,6,0,0,1,0,5,2,3,3,42,18,6,4,42
E0378,generated_effect_default,6,version_guard_omitted_or_explicit,0,2,6,1,0,1,0,8,2,3,3,34,12,6,3,34
E0379,generated_effect_default,1,explicit_input,0,2,6,0,0;2,1,0,4,1,3,3,30,12,6,2,30
E0380,generated_effect_default,2,omitted_default,0,2,6,0,0;2,1,0,3,1,3,3,24,12,6,3,24
E0381,generated_effect_default,3,presence_guard_omitted_else_input,0,2,6,0,0;2,1,0,6,1,3,3,30,12,6,3,30
E0382,generated_effect_default,4,input_branch_omitted_or_explicit,0,2,6,0,0;2,1,0,9,2,3,3,39,12,6,3,39
E0383,generated_effect_default,5,two_call_default_then_explicit,0,2,6,0,0;2,1,0,5,2,3,3,42,18,6,4,42
E0384,generated_effect_default,6,version_guard_omitted_or_explicit,0,2,6,1,0,1,0,8,2,3,3,34,12,6,2,34
E0385,generated_effect_default,1,explicit_input,0,2,6,0,0,1,0,4,1,3,3,30,12,6,2,30
E0386,generated_effect_default,2,omitted_default,0,2,6,0,0,1,0,3,1,3,3,24,12,6,3,24
E0387,generated_effect_default,3,presence_guard_omitted_else_input,0,2,6,0,0,1,0,6,1,3,3,30,12,6,3,30
E0388,generated_effect_default,4,input_branch_omitted_or_explicit,0,2,6,0,0,1,0,9,2,3,3,39,12,6,3,39
E0389,generated_effect_default,5,two_call_default_then_explicit,0,2,6,0,0,1,0,5,2,3,3,42,18,6,4,42
E0390,generated_effect_default,6,version_guard_omitted_or_explicit,0,2,6,1,0,1,0,8,2,3,3,34,12,6,2,34
E0391,generated_effect_default,1,explicit_input,0,2,6,0,0;1,2,0,4,1,2,3,22,12,6,1,22
E0392,generated_effect_default,2,omitted_default,0,2,6,0,0;1,2,0,3,1,2,3,18,12,6,2,18
E0393,generated_effect_default,3,presence_guard_omitted_else_input,0,2,6,0,0;1,2,0,6,1,2,3,26,10,6,2,26
E0394,generated_effect_default,4,input_branch_omitted_or_explicit,0,2,6,0,0;1,2,0,9,2,2,3,32,12,6,2,32
E0395,generated_effect_default,5,two_call_default_then_explicit,0,2,6,0,0;1,2,0,5,2,2,3,30,16,6,3,30
E0396,generated_effect_default,6,version_guard_omitted_or_explicit,0,2,6,1,0;1,2,0,8,2,2,3,28,12,6,1,28
E0397,generated_effect_default,1,explicit_input,0,2,6,0,0;1,2,0,4,1,3,3,30,12,6,1,30
E0398,generated_effect_default,2,omitted_default,0,2,6,0,0;1,2,0,3,1,3,3,24,12,6,2,24
E0399,generated_effect_default,3,presence_guard_omitted_else_input,0,2,6,0,0;1,2,0,6,1,3,3,30,12,6,2,30
E0400,generated_effect_default,4,input_branch_omitted_or_explicit,0,2,6,0,0;1,2,0,9,2,3,3,39,12,6,2,39
E0401,generated_effect_default,5,two_call_default_then_explicit,0,2,6,0,0;1,2,0,5,2,3,3,42,18,6,3,42
E0402,generated_effect_default,6,version_guard_omitted_or_explicit,0,2,6,1,0;1,2,0,8,2,3,3,34,12,6,2,34
E0403,generated_effect_default,1,explicit_input,0,2,6,0,0;1,2,0,4,1,3,3,30,12,6,2,30
E0404,generated_effect_default,2,omitted_default,0,2,6,0,0;1,2,0,3,1,3,3,24,12,6,3,24
E0405,generated_effect_default,3,presence_guard_omitted_else_input,0,2,6,0,0;1,2,0,6,1,3,3,30,12,6,3,30
E0406,generated_effect_default,4,input_branch_omitted_or_explicit,0,2,6,0,0;1,2,0,9,2,3,3,39,12,6,3,39
E0407,generated_effect_default,5,two_call_default_then_explicit,0,2,6,0,0;1,2,0,5,2,3,3,42,18,6,4,42
E0408,generated_effect_default,6,version_guard_omitted_or_explicit,0,2,6,1,0;1,2,0,8,2,3,3,34,12,6,3,34
E0409,generated_effect_default,1,explicit_input,0,2,6,0,0;1;2,,,4,1,3,3,30,12,6,1,30
E0410,generated_effect_default,2,omitted_default,0,2,6,0,0;1;2,,,3,1,3,3,24,12,6,2,24
E0411,generated_effect_default,3,presence_guard_omitted_else_input,0,2,6,0,0;1;2,,,6,1,3,3,30,12,6,2,30
E0412,generated_effect_default,4,input_branch_omitted_or_explicit,0,2,6,0,0;1;2,,,9,2,3,3,39,12,6,2,39
E0413,generated_effect_default,5,two_call_default_then_explicit,0,2,6,0,0;1;2,,,5,2,3,3,42,18,6,3,42
E0414,generated_effect_default,6,version_guard_omitted_or_explicit,0,2,6,1,0;1,2,0,8,2,3,3,34,12,6,2,34
E0415,generated_effect_default,1,explicit_input,0,2,6,0,0;1,2,0,4,1,3,3,30,12,6,2,30
E0416,generated_effect_default,2,omitted_default,0,2,6,0,0;1,2,0,3,1,3,3,24,12,6,2,24
E0417,generated_effect_default,3,presence_guard_omitted_else_input,0,2,6,0,0;1,2,0,6,1,3,3,30,12,6,2,30
E0418,generated_effect_default,4,input_branch_omitted_or_explicit,0,2,6,0,0;1,2,0,9,2,3,3,39,12,6,2,39
E0419,generated_effect_default,5,two_call_default_then_explicit,0,2,6,0,0;1,2,0,5,2,3,3,42,18,6,3,42
E0420,generated_effect_default,6,version_guard_omitted_or_explicit,0,2,6,1,0;1,2,0,8,2,3,3,34,12,6,1,34
E0421,generated_effect_default,1,explicit_input,0,2,6,0,0,1,0,4,1,2,3,22,12,6,2,22
E0422,generated_effect_default,2,omitted_default,0,2,6,0,0,1,0,3,1,2,3,18,12,6,2,18
E0423,generated_effect_default,3,presence_guard_omitted_else_input,0,2,6,0,0,1,0,6,1,2,3,26,10,6,2,26
E0424,generated_effect_default,4,input_branch_omitted_or_explicit,0,2,6,0,0,1,0,9,2,2,3,32,12,6,2,32
E0425,generated_effect_default,5,two_call_default_then_explicit,0,2,6,0,0,1,0,5,2,2,3,30,16,6,3,30
E0426,generated_effect_default,6,version_guard_omitted_or_explicit,0,2,6,1,0,1,0,8,2,2,3,28,12,6,2,28
E0427,generated_effect_default,1,explicit_input,0,2,6,0,0,1,0,4,1,3,3,30,12,6,2,30
E0428,generated_effect_default,2,omitted_default,0,2,6,0,0,1,0,3,1,3,3,24,12,6,2,24
E0429,generated_effect_default,3,presence_guard_omitted_else_input,0,2,6,0,0,1,0,6,1,3,3,30,12,6,2,30
E0430,generated_effect_default,4,input_branch_omitted_or_explicit,0,2,6,0,0,1,0,9,2,3,3,39,12,6,2,39
E0431,generated_effect_default,5,two_call_default_then_explicit,0,2,6,0,0,1,0,5,2,3,3,42,18,6,3,42
E0432,generated_effect_default,6,version_guard_omitted_or_explicit,0,2,6,1,0,1,0,8,2,3,3,34,12,6,2,34
E0433,generated_effect_default,1,explicit_input,0,2,6,0,0,1,0,4,1,3,3,30,12,6,2,30
E0434,generated_effect_default,2,omitted_default,0,2,6,0,0,1,0,3,1,3,3,24,12,6,3,24
E0435,generated_effect_default,3,presence_guard_omitted_else_input,0,2,6,0,0,1,0,6,1,3,3,30,12,6,3,30
E0436,generated_effect_default,4,input_branch_omitted_or_explicit,0,2,6,0,0,1,0,9,2,3,3,39,12,6,3,39
E0437,generated_effect_default,5,two_call_default_then_explicit,0,2,6,0,0,1,0,5,2,3,3,42,18,6,4,42
E0438,generated_effect_default,6,version_guard_omitted_or_explicit,0,2,6,1,0,1,0,8,2,3,3,34,12,6,3,34
E0439,generated_effect_default,1,explicit_input,0,2,6,0,0;2,1,0,4,1,3,3,30,12,6,2,30
E0440,generated_effect_default,2,omitted_default,0,2,6,0,0;2,1,0,3,1,3,3,24,12,6,2,24
E0441,generated_effect_default,3,presence_guard_omitted_else_input,0,2,6,0,0;2,1,0,6,1,3,3,30,12,6,2,30
E0442,generated_effect_default,4,input_branch_omitted_or_explicit,0,2,6,0,0;2,1,0,9,2,3,3,39,12,6,2,39
E0443,generated_effect_default,5,two_call_default_then_explicit,0,2,6,0,0;2,1,0,5,2,3,3,42,18,6,3,42
E0444,generated_effect_default,6,version_guard_omitted_or_explicit,0,2,6,1,0,1,0,8,2,3,3,34,12,6,2,34
E0445,generated_effect_default,1,explicit_input,0,2,6,0,0,1,0,4,1,3,3,30,12,6,2,30
E0446,generated_effect_default,2,omitted_default,0,2,6,0,0,1,0,3,1,3,3,24,12,6,2,24
E0447,generated_effect_default,3,presence_guard_omitted_else_input,0,2,6,0,0,1,0,6,1,3,3,30,12,6,2,30
E0448,generated_effect_default,4,input_branch_omitted_or_explicit,0,2,6,0,0,1,0,9,2,3,3,39,12,6,2,39
E0449,generated_effect_default,5,two_call_default_then_explicit,0,2,6,0,0,1,0,5,2,3,3,42,18,6,3,42
E0450,generated_effect_default,6,version_guard_omitted_or_explicit,0,2,6,1,0,1,0,8,2,3,3,34,12,6,2,34
E0451,generated_effect_default,1,explicit_input,0,2,6,0,0,1,0,4,1,1,3,14,12,6,2,14
E0452,generated_effect_default,2,omitted_default,0,2,6,0,0,1,0,3,1,1,3,12,12,6,0,12
E0453,generated_effect_default,3,presence_guard_omitted_else_input,0,2,6,0,0,1,1,6,1,1,3,22,8,6,0,22
E0454,generated_effect_default,4,input_branch_omitted_or_explicit,0,2,6,0,0,1,0,9,2,1,3,25,12,6,2,25
E0455,generated_effect_default,5,two_call_default_then_explicit,0,2,6,0,0,1,0,5,2,1,3,18,14,6,2,18
E0456,generated_effect_default,6,version_guard_omitted_or_explicit,0,2,6,1,0,1,0,8,2,1,3,20,12,6,2,20
E0457,generated_effect_default,1,explicit_input,0,2,6,0,0,1,0,4,1,2,3,22,12,6,2,22
E0458,generated_effect_default,2,omitted_default,0,2,6,0,0,1,0,3,1,2,3,18,12,6,2,18
E0459,generated_effect_default,3,presence_guard_omitted_else_input,0,2,6,0,0,1,1,6,1,2,3,26,10,6,2,26
E0460,generated_effect_default,4,input_branch_omitted_or_explicit,0,2,6,0,0,1,0,9,2,2,3,32,12,6,2,32
E0461,generated_effect_default,5,two_call_default_then_explicit,0,2,6,0,0,1,0,5,2,2,3,30,16,6,3,30
E0462,generated_effect_default,6,version_guard_omitted_or_explicit,0,2,6,1,0,1,0,8,2,2,3,26,12,6,2,26
E0463,generated_effect_default,1,explicit_input,0,2,6,0,0,1,0,4,1,2,3,22,12,6,2,22
E0464,generated_effect_default,2,omitted_default,0,2,6,0,0,1,0,3,1,2,3,18,12,6,3,18
E0465,generated_effect_default,3,presence_guard_omitted_else_input,0,2,6,0,0,1,1,6,1,2,3,26,10,6,3,26
E0466,generated_effect_default,4,input_branch_omitted_or_explicit,0,2,6,0,0,1,0,9,2,2,3,32,12,6,3,32
E0467,generated_effect_default,5,two_call_default_then_explicit,0,2,6,0,0,1,0,5,2,2,3,30,16,6,4,30
E0468,generated_effect_default,6,version_guard_omitted_or_explicit,0,2,6,1,0,1,0,8,2,2,3,26,12,6,3,26
E0469,generated_effect_default,1,explicit_input,0,2,6,0,0,1,0,4,1,2,3,22,12,6,2,22
E0470,generated_effect_default,2,omitted_default,0,2,6,0,0,1,0,3,1,2,3,18,12,6,2,18
E0471,generated_effect_default,3,presence_guard_omitted_else_input,0,2,6,0,0,1,1,6,1,2,3,26,10,6,2,26
E0472,generated_effect_default,4,input_branch_omitted_or_explicit,0,2,6,0,0,1,0,9,2,2,3,32,12,6,2,32
E0473,generated_effect_default,5,two_call_default_then_explicit,0,2,6,0,0,1,0,5,2,2,3,30,16,6,3,30
E0474,generated_effect_default,6,version_guard_omitted_or_explicit,0,2,6,1,0,1,0,8,2,2,3,26,12,6,2,26
E0475,generated_effect_default,1,explicit_input,0,2,6,0,0;2,1,0,4,1,2,3,22,12,6,2,22
E0476,generated_effect_default,2,omitted_default,0,2,6,0,0;2,1,0,3,1,2,3,18,12,6,0,18
E0477,generated_effect_default,3,presence_guard_omitted_else_input,0,2,6,0,0;2,1,1,6,1,2,3,26,10,6,0,26
E0478,generated_effect_default,4,input_branch_omitted_or_explicit,0,2,6,0,0;2,1,0,9,2,2,3,32,12,6,2,32
E0479,generated_effect_default,5,two_call_default_then_explicit,0,2,6,0,0;2,1,0,5,2,2,3,30,16,6,2,30
E0480,generated_effect_default,6,version_guard_omitted_or_explicit,0,2,6,1,0,1,0,8,2,2,3,26,12,6,2,26
E0481,generated_effect_default,1,explicit_input,0,2,6,0,0,1,0,4,1,2,3,22,12,6,2,22
E0482,generated_effect_default,2,omitted_default,0,2,6,0,0,1,0,3,1,2,3,18,12,6,2,18
E0483,generated_effect_default,3,presence_guard_omitted_else_input,0,2,6,0,0,1,0,6,1,2,3,26,10,6,2,26
E0484,generated_effect_default,4,input_branch_omitted_or_explicit,0,2,6,0,0,1,0,9,2,2,3,32,12,6,2,32
E0485,generated_effect_default,5,two_call_default_then_explicit,0,2,6,0,0,1,0,5,2,2,3,30,16,6,3,30
E0486,generated_effect_default,6,version_guard_omitted_or_explicit,0,2,6,1,0,1,0,8,2,2,3,28,12,6,2,28
E0487,generated_effect_default,1,explicit_input,0,2,6,0,0,1,0,4,1,3,3,30,12,6,2,30
E0488,generated_effect_default,2,omitted_default,0,2,6,0,0,1,0,3,1,3,3,24,12,6,2,24
E0489,generated_effect_default,3,presence_guard_omitted_else_input,0,2,6,0,0,1,0,6,1,3,3,30,12,6,2,30
E0490,generated_effect_default,4,input_branch_omitted_or_explicit,0,2,6,0,0,1,0,9,2,3,3,39,12,6,2,39
E0491,generated_effect_default,5,two_call_default_then_explicit,0,2,6,0,0,1,0,5,2,3,3,42,18,6,3,42
E0492,generated_effect_default,6,version_guard_omitted_or_explicit,0,2,6,1,0,1,0,8,2,3,3,34,12,6,2,34
E0493,generated_effect_default,1,explicit_input,0,2,6,0,0,1,0,4,1,3,3,30,12,6,2,30
E0494,generated_effect_default,2,omitted_default,0,2,6,0,0,1,0,3,1,3,3,24,12,6,3,24
E0495,generated_effect_default,3,presence_guard_omitted_else_input,0,2,6,0,0,1,0,6,1,3,3,30,12,6,3,30
E0496,generated_effect_default,4,input_branch_omitted_or_explicit,0,2,6,0,0,1,0,9,2,3,3,39,12,6,3,39
E0497,generated_effect_default,5,two_call_default_then_explicit,0,2,6,0,0,1,0,5,2,3,3,42,18,6,4,42
E0498,generated_effect_default,6,version_guard_omitted_or_explicit,0,2,6,1,0,1,0,8,2,3,3,34,12,6,3,34
E0499,generated_effect_default,1,explicit_input,0,2,6,0,0,1,0,4,1,3,3,30,12,6,2,30
E0500,generated_effect_default,2,omitted_default,0,2,6,0,0,1,0,3,1,3,3,24,12,6,2,24
E0501,generated_effect_default,3,presence_guard_omitted_else_input,0,2,6,0,0,1,0,6,1,3,3,30,12,6,2,30
E0502,generated_effect_default,4,input_branch_omitted_or_explicit,0,2,6,0,0,1,0,9,2,3,3,39,12,6,2,39
E0503,generated_effect_default,5,two_call_default_then_explicit,0,2,6,0,0,1,0,5,2,3,3,42,18,6,3,42
E0504,generated_effect_default,6,version_guard_omitted_or_explicit,0,2,6,1,0,1,0,8,2,3,3,34,12,6,2,34
E0505,generated_effect_default,1,explicit_input,0,2,6,0,0;2,1,0,4,1,3,3,30,12,6,2,30
E0506,generated_effect_default,2,omitted_default,0,2,6,0,0;2,1,0,3,1,3,3,24,12,6,2,24
E0507,generated_effect_default,3,presence_guard_omitted_else_input,0,2,6,0,0;2,1,0,6,1,3,3,30,12,6,2,30
E0508,generated_effect_default,4,input_branch_omitted_or_explicit,0,2,6,0,0;2,1,0,9,2,3,3,39,12,6,2,39
E0509,generated_effect_default,5,two_call_default_then_explicit,0,2,6,0,0;2,1,0,5,2,3,3,42,18,6,3,42
E0510,generated_effect_default,6,version_guard_omitted_or_explicit,0,2,6,1,0,1,0,8,2,3,3,34,12,6,2,34
E0511,generated_effect_default,1,explicit_input,0,2,6,0,0,1,0,4,1,2,3,22,12,6,2,22
E0512,generated_effect_default,2,omitted_default,0,2,6,0,0,1,0,3,1,2,3,18,12,6,3,18
E0513,generated_effect_default,3,presence_guard_omitted_else_input,0,2,6,0,0,1,0,6,1,2,3,26,10,6,3,26
E0514,generated_effect_default,4,input_branch_omitted_or_explicit,0,2,6,0,0,1,0,9,2,2,3,32,12,6,3,32
E0515,generated_effect_default,5,two_call_default_then_explicit,0,2,6,0,0,1,0,5,2,2,3,30,16,6,4,30
E0516,generated_effect_default,6,version_guard_omitted_or_explicit,0,2,6,1,0,1,0,8,2,2,3,28,12,6,2,28
E0517,generated_effect_default,1,explicit_input,0,2,6,0,0,1,0,4,1,3,3,30,12,6,2,30
E0518,generated_effect_default,2,omitted_default,0,2,6,0,0,1,0,3,1,3,3,24,12,6,3,24
E0519,generated_effect_default,3,presence_guard_omitted_else_input,0,2,6,0,0,1,0,6,1,3,3,30,12,6,3,30
E0520,generated_effect_default,4,input_branch_omitted_or_explicit,0,2,6,0,0,1,0,9,2,3,3,39,12,6,3,39
E0521,generated_effect_default,5,two_call_default_then_explicit,0,2,6,0,0,1,0,5,2,3,3,42,18,6,4,42
E0522,generated_effect_default,6,version_guard_omitted_or_explicit,0,2,6,1,0,1,0,8,2,3,3,34,12,6,2,34
E0523,generated_effect_default,1,explicit_input,0,2,6,0,0,1,0,4,1,3,3,30,12,6,2,30
E0524,generated_effect_default,2,omitted_default,0,2,6,0,0,1,0,3,1,3,3,24,12,6,3,24
E0525,generated_effect_default,3,presence_guard_omitted_else_input,0,2,6,0,0,1,0,6,1,3,3,30,12,6,3,30
E0526,generated_effect_default,4,input_branch_omitted_or_explicit,0,2,6,0,0,1,0,9,2,3,3,39,12,6,3,39
E0527,generated_effect_default,5,two_call_default_then_explicit,0,2,6,0,0,1,0,5,2,3,3,42,18,6,4,42
E0528,generated_effect_default,6,version_guard_omitted_or_explicit,0,2,6,1,0,1,0,8,2,3,3,34,12,6,3,34
E0529,generated_effect_default,1,explicit_input,0,2,6,0,0,1,0,4,1,3,3,30,12,6,2,30
E0530,generated_effect_default,2,omitted_default,0,2,6,0,0,1,0,3,1,3,3,24,12,6,3,24
E0531,generated_effect_default,3,presence_guard_omitted_else_input,0,2,6,0,0,1,0,6,1,3,3,30,12,6,3,30
E0532,generated_effect_default,4,input_branch_omitted_or_explicit,0,2,6,0,0,1,0,9,2,3,3,39,12,6,3,39
E0533,generated_effect_default,5,two_call_default_then_explicit,0,2,6,0,0,1,0,5,2,3,3,42,18,6,4,42
E0534,generated_effect_default,6,version_guard_omitted_or_explicit,0,2,6,1,0,1,0,8,2,3,3,34,12,6,2,34
E0535,generated_effect_default,1,explicit_input,0,2,6,0,0;2,1,0,4,1,3,3,30,12,6,2,30
E0536,generated_effect_default,2,omitted_default,0,2,6,0,0;2,1,0,3,1,3,3,24,12,6,3,24
E0537,generated_effect_default,3,presence_guard_omitted_else_input,0,2,6,0,0;2,1,0,6,1,3,3,30,12,6,3,30
E0538,generated_effect_default,4,input_branch_omitted_or_explicit,0,2,6,0,0;2,1,0,9,2,3,3,39,12,6,3,39
E0539,generated_effect_default,5,two_call_default_then_explicit,0,2,6,0,0;2,1,0,5,2,3,3,42,18,6,4,42
E0540,generated_effect_default,6,version_guard_omitted_or_explicit,0,2,6,1,0,1,0,8,2,3,3,34,12,6,2,34
E0541,generated_effect_default,1,explicit_input,0,2,6,0,0,1,0,4,1,2,3,22,12,6,2,22
E0542,generated_effect_default,2,omitted_default,0,2,6,0,0,1,0,3,1,2,3,18,12,6,2,18
E0543,generated_effect_default,3,presence_guard_omitted_else_input,0,2,6,0,0,1,0,6,1,2,3,26,10,6,2,26
E0544,generated_effect_default,4,input_branch_omitted_or_explicit,0,2,6,0,0,1,0,9,2,2,3,32,12,6,2,32
E0545,generated_effect_default,5,two_call_default_then_explicit,0,2,6,0,0,1,0,5,2,2,3,30,16,6,3,30
E0546,generated_effect_default,6,version_guard_omitted_or_explicit,0,2,6,1,0,1,0,8,2,2,3,28,12,6,2,28
E0547,generated_effect_default,1,explicit_input,0,2,6,0,0,1,0,4,1,3,3,30,12,6,2,30
E0548,generated_effect_default,2,omitted_default,0,2,6,0,0,1,0,3,1,3,3,24,12,6,2,24
E0549,generated_effect_default,3,presence_guard_omitted_else_input,0,2,6,0,0,1,0,6,1,3,3,30,12,6,2,30
E0550,generated_effect_default,4,input_branch_omitted_or_explicit,0,2,6,0,0,1,0,9,2,3,3,39,12,6,2,39
E0551,generated_effect_default,5,two_call_default_then_explicit,0,2,6,0,0,1,0,5,2,3,3,42,18,6,3,42
E0552,generated_effect_default,6,version_guard_omitted_or_explicit,0,2,6,1,0,1,0,8,2,3,3,34,12,6,2,34
E0553,generated_effect_default,1,explicit_input,0,2,6,0,0,1,0,4,1,3,3,30,12,6,2,30
E0554,generated_effect_default,2,omitted_default,0,2,6,0,0,1,0,3,1,3,3,24,12,6,3,24
E0555,generated_effect_default,3,presence_guard_omitted_else_input,0,2,6,0,0,1,0,6,1,3,3,30,12,6,3,30
E0556,generated_effect_default,4,input_branch_omitted_or_explicit,0,2,6,0,0,1,0,9,2,3,3,39,12,6,3,39
E0557,generated_effect_default,5,two_call_default_then_explicit,0,2,6,0,0,1,0,5,2,3,3,42,18,6,4,42
E0558,generated_effect_default,6,version_guard_omitted_or_explicit,0,2,6,1,0,1,0,8,2,3,3,34,12,6,3,34
E0559,generated_effect_default,1,explicit_input,0,2,6,0,0,1,0,4,1,3,3,30,12,6,2,30
E0560,generated_effect_default,2,omitted_default,0,2,6,0,0,1,0,3,1,3,3,24,12,6,2,24
E0561,generated_effect_default,3,presence_guard_omitted_else_input,0,2,6,0,0,1,0,6,1,3,3,30,12,6,2,30
E0562,generated_effect_default,4,input_branch_omitted_or_explicit,0,2,6,0,0,1,0,9,2,3,3,39,12,6,2,39
E0563,generated_effect_default,5,two_call_default_then_explicit,0,2,6,0,0,1,0,5,2,3,3,42,18,6,3,42
E0564,generated_effect_default,6,version_guard_omitted_or_explicit,0,2,6,1,0,1,0,8,2,3,3,34,12,6,2,34
E0565,generated_effect_default,1,explicit_input,0,2,6,0,0;2,1,0,4,1,3,3,30,12,6,2,30
E0566,generated_effect_default,2,omitted_default,0,2,6,0,0;2,1,0,3,1,3,3,24,12,6,2,24
E0567,generated_effect_default,3,presence_guard_omitted_else_input,0,2,6,0,0;2,1,0,6,1,3,3,30,12,6,2,30
E0568,generated_effect_default,4,input_branch_omitted_or_explicit,0,2,6,0,0;2,1,0,9,2,3,3,39,12,6,2,39
E0569,generated_effect_default,5,two_call_default_then_explicit,0,2,6,0,0;2,1,0,5,2,3,3,42,18,6,3,42
E0570,generated_effect_default,6,version_guard_omitted_or_explicit,0,2,6,1,0,1,0,8,2,3,3,34,12,6,2,34
E0571,generated_effect_default,1,explicit_input,0,2,6,0,0;1,2,0,4,1,2,3,22,12,6,2,22
E0572,generated_effect_default,2,omitted_default,0,2,6,0,0;1,2,0,3,1,2,3,18,12,6,0,18
E0573,generated_effect_default,3,presence_guard_omitted_else_input,0,2,6,0,0;1,2,1,6,1,2,3,26,10,6,0,26
E0574,generated_effect_default,4,input_branch_omitted_or_explicit,0,2,6,0,0;1,2,0,9,2,2,3,32,12,6,2,32
E0575,generated_effect_default,5,two_call_default_then_explicit,0,2,6,0,0;1,2,0,5,2,2,3,30,16,6,2,30
E0576,generated_effect_default,6,version_guard_omitted_or_explicit,0,2,6,1,0;1,2,0,8,2,2,3,28,12,6,2,28
E0577,generated_effect_default,1,explicit_input,0,2,6,0,0;1,2,0,4,1,3,3,30,12,6,2,30
E0578,generated_effect_default,2,omitted_default,0,2,6,0,0;1,2,0,3,1,3,3,24,12,6,2,24
E0579,generated_effect_default,3,presence_guard_omitted_else_input,0,2,6,0,0;1,2,0,6,1,3,3,30,12,6,2,30
E0580,generated_effect_default,4,input_branch_omitted_or_explicit,0,2,6,0,0;1,2,0,9,2,3,3,39,12,6,2,39
E0581,generated_effect_default,5,two_call_default_then_explicit,0,2,6,0,0;1,2,0,5,2,3,3,42,18,6,3,42
E0582,generated_effect_default,6,version_guard_omitted_or_explicit,0,2,6,1,0;1,2,0,8,2,3,3,34,12,6,2,34
E0583,generated_effect_default,1,explicit_input,0,2,6,0,0;1,2,0,4,1,3,3,30,12,6,2,30
E0584,generated_effect_default,2,omitted_default,0,2,6,0,0;1,2,0,3,1,3,3,24,12,6,3,24
E0585,generated_effect_default,3,presence_guard_omitted_else_input,0,2,6,0,0;1,2,0,6,1,3,3,30,12,6,3,30
E0586,generated_effect_default,4,input_branch_omitted_or_explicit,0,2,6,0,0;1,2,0,9,2,3,3,39,12,6,3,39
E0587,generated_effect_default,5,two_call_default_then_explicit,0,2,6,0,0;1,2,0,5,2,3,3,42,18,6,4,42
E0588,generated_effect_default,6,version_guard_omitted_or_explicit,0,2,6,1,0;1,2,0,8,2,3,3,34,12,6,3,34
E0589,generated_effect_default,1,explicit_input,0,2,6,0,0;1,2,0,4,1,3,3,30,12,6,2,30
E0590,generated_effect_default,2,omitted_default,0,2,6,0,0;1,2,0,3,1,3,3,24,12,6,2,24
E0591,generated_effect_default,3,presence_guard_omitted_else_input,0,2,6,0,0;1,2,0,6,1,3,3,30,12,6,2,30
E0592,generated_effect_default,4,input_branch_omitted_or_explicit,0,2,6,0,0;1,2,0,9,2,3,3,39,12,6,2,39
E0593,generated_effect_default,5,two_call_default_then_explicit,0,2,6,0,0;1,2,0,5,2,3,3,42,18,6,3,42
E0594,generated_effect_default,6,version_guard_omitted_or_explicit,0,2,6,1,0;1,2,0,8,2,3,3,34,12,6,2,34
E0595,generated_effect_default,1,explicit_input,0,2,6,0,0;1;2,,,4,1,3,3,30,12,6,2,30
E0596,generated_effect_default,2,omitted_default,0,2,6,0,0;1;2,,,3,1,3,3,24,12,6,0,24
E0597,generated_effect_default,3,presence_guard_omitted_else_input,0,2,6,0,0;1;2,,,6,1,3,3,30,12,6,0,30
E0598,generated_effect_default,4,input_branch_omitted_or_explicit,0,2,6,0,0;1;2,,,9,2,3,3,39,12,6,2,39
E0599,generated_effect_default,5,two_call_default_then_explicit,0,2,6,0,0;1;2,,,5,2,3,3,42,18,6,2,42
E0600,generated_effect_default,6,version_guard_omitted_or_explicit,0,2,6,1,0;1,2,0,8,2,3,3,34,12,6,2,34
S001,scholarly_projection,,,0,2,6,0,0;2,1,0,4,1,2,3,22,12,6,0,22
S002,scholarly_projection,,,0,2,6,0,0;2,1,0,4,1,2,3,22,12,6,0,22
S003,scholarly_projection,,,0,2,6,0,0;2,1,0,4,1,2,3,22,12,6,0,22
S004,scholarly_projection,,,0,2,6,0,0;2,1,0,4,1,2,3,22,12,6,0,22
S005,scholarly_projection,,,0,2,6,0,0;2,1,0,4,1,2,3,22,12,6,0,22
S006,scholarly_projection,,,0,2,6,0,0;2,1,0,4,1,2,3,22,12,6,0,22
S007,scholarly_projection,,,0,2,6,0,0;2,1,0,4,1,2,3,22,12,6,0,22
S008,scholarly_projection,,,1,2,4,0,1,0,0,4,1,1,2,12,8,4,0,12
S009,scholarly_projection,,,1,2,4,1,0;1,,,7,1,1,2,18,6,4,0,18
S010,scholarly_projection,,,0,2,4,0,0,1,0,4,1,1,2,12,8,4,0,12
S011,scholarly_projection,,,0,2,4,0,0;1,,,7,1,1,2,18,6,4,0,18
S012,scholarly_projection,,,1,2,4,0,1,0,0,4,1,1,2,12,8,4,0,12
S013,scholarly_projection,,,1,2,4,1,0;1,,,7,1,1,2,18,6,4,0,18
S014,scholarly_projection,,,0,2,4,0,0,1,0,4,1,2,2,20,8,4,0,20
S015,scholarly_projection,,,0,2,4,0,0,1,0,4,1,1,2,12,8,4,0,12
S016,scholarly_projection,,,0,2,4,1,0;1,,,9,2,2,2,24,8,4,0,24
S017,scholarly_projection,,,0,2,4,1,0,1,0,9,2,2,2,24,8,4,0,24
S018,scholarly_projection,,,0,2,4,1,0;1,,,11,3,3,2,30,10,4,0,30
S019,scholarly_projection,,,0,2,4,0,0,1,1,4,1,2,2,20,8,4,0,20
S020,scholarly_projection,,,0,2,4,0,0,1,0,4,1,2,2,20,8,4,2,20
S021,scholarly_projection,,,0,2,4,0,0,1,0,3,1,2,2,16,8,4,0,16
S022,scholarly_projection,,,0,2,4,0,0;1,,,6,2,4,2,32,12,4,0,32
S023,scholarly_projection,,,1,2,4,0,0;1,,,7,1,1,2,18,6,4,0,18
S024,scholarly_projection,,,1,2,4,0,1,0,0,4,1,1,2,12,8,4,0,12
S025,scholarly_projection,,,0,2,4,0,0,1,0,4,1,2,2,20,8,4,0,20
S026,scholarly_projection,,,0,2,4,1,0;1,,,10,2,2,2,26,8,4,0,26
S027,scholarly_projection,,,1,2,4,0,1,0,0,3,1,2,2,10,8,4,0,10
S028,scholarly_projection,,,0,2,4,1,0;1,,,9,2,2,2,24,8,4,1,24
S029,scholarly_projection,,,0,2,4,1,0,1,0,9,2,2,2,24,8,4,1,24
S030,scholarly_projection,,,0,2,4,0,0;1,,,6,2,4,2,32,12,4,0,32
C001,regression_control,,,0,2,6,0,0;2,1,0,4,1,2,3,22,12,6,0,22
C002,regression_control,,,0,2,6,0,0;1;2,,,7,1,2,3,30,10,6,0,30
C003,regression_control,,,0,2,4,0,0,1,1,4,1,2,2,20,8,4,0,20
C004,regression_control,,,0,2,4,0,0,1,0,4,1,2,2,20,8,4,2,20
C005,regression_control,,,0,2,6,0,0;1,2,0,3,1,3,3,24,12,6,1,24
C006,regression_control,,,0,2,4,0,0,1,0,3,1,2,2,16,8,4,0,16
C007,regression_control,,,0,2,4,0,0,1,0,3,1,2,2,10,8,4,0,10
C008,regression_control,,,0,2,4,0,0,1,0,4,1,2,2,20,8,4,2,20
C009,regression_control,,,0,2,4,0,0;1,,,6,2,4,2,32,12,4,0,32
C010,regression_control,,,0,1,2,0,0,1,0,6,2,4,2,16,6,2,0,16
C011,regression_control,,,0,2,4,1,0;1,,,7,1,1,2,18,6,4,0,18
C012,regression_control,,,0,2,4,0,0,1,0,6,2,3,2,24,12,4,1,24
C013,regression_control,,,0,2,4,0,0,1,0,11,1,2,2,30,6,4,0,30
C014,regression_control,,,0,2,4,0,0;1,,,8,1,0,2,16,4,4,0,16
C015,regression_control,,,0,2,4,0,0;1,,,4,1,2,2,20,8,4,0,20
C016,regression_control,,,1,2,4,0,1,0,1,4,1,2,2,20,8,4,0,20
